date,close,proba,signal,target
2024-10-01 00:00:00+00:00,63207.82,0.61192983,1,1
2024-10-01 00:15:00+00:00,63350.04,0.5110343,1,1
2024-10-01 00:30:00+00:00,63416.0,0.51733446,1,1
2024-10-01 00:45:00+00:00,63531.99,0.55131006,1,1
2024-10-01 01:00:00+00:00,63506.25,0.55483305,1,1
2024-10-01 01:15:00+00:00,63568.0,0.56523377,1,1
2024-10-01 01:30:00+00:00,63573.99,0.5516857,1,1
2024-10-01 01:45:00+00:00,63458.0,0.42810345,0,1
2024-10-01 02:00:00+00:00,63225.83,0.4178346,0,1
2024-10-01 02:15:00+00:00,63335.77,0.43730223,0,1
2024-10-01 02:30:00+00:00,63346.49,0.4327861,0,1
2024-10-01 02:45:00+00:00,63443.76,0.41438964,0,1
2024-10-01 03:00:00+00:00,63625.71,0.3296533,0,1
2024-10-01 03:15:00+00:00,63537.99,0.32811922,0,1
2024-10-01 03:30:00+00:00,63737.19,0.34963354,0,1
2024-10-01 03:45:00+00:00,63723.48,0.34307402,0,1
2024-10-01 04:00:00+00:00,63672.01,0.334983,0,1
2024-10-01 04:15:00+00:00,63785.99,0.31026053,0,1
2024-10-01 04:30:00+00:00,63807.99,0.32502225,0,1
2024-10-01 04:45:00+00:00,63868.94,0.3410403,0,1
2024-10-01 05:00:00+00:00,63756.68,0.36388552,0,1
2024-10-01 05:15:00+00:00,63717.99,0.34108186,0,1
2024-10-01 05:30:00+00:00,63700.03,0.35657585,0,1
2024-10-01 05:45:00+00:00,63749.99,0.4484566,0,1
2024-10-01 06:00:00+00:00,63871.98,0.36033553,0,0
2024-10-01 06:15:00+00:00,63979.89,0.3675822,0,0
2024-10-01 06:30:00+00:00,63919.46,0.43638873,0,0
2024-10-01 06:45:00+00:00,64033.98,0.41009793,0,0
2024-10-01 07:00:00+00:00,63950.01,0.4944364,0,0
2024-10-01 07:15:00+00:00,64012.04,0.48375702,0,0
2024-10-01 07:30:00+00:00,64098.0,0.48280048,0,0
2024-10-01 07:45:00+00:00,64045.92,0.51490164,1,0
2024-10-01 08:00:00+00:00,63956.02,0.49800268,0,0
2024-10-01 08:15:00+00:00,63958.5,0.5135637,1,0
2024-10-01 08:30:00+00:00,63876.0,0.47073695,0,0
2024-10-01 08:45:00+00:00,63956.0,0.44404784,0,0
2024-10-01 09:00:00+00:00,64086.78,0.4311009,0,0
2024-10-01 09:15:00+00:00,64058.0,0.41211957,0,0
2024-10-01 09:30:00+00:00,63943.54,0.49467176,0,0
2024-10-01 09:45:00+00:00,63864.46,0.46993285,0,0
2024-10-01 10:00:00+00:00,63753.91,0.47350463,0,0
2024-10-01 10:15:00+00:00,63850.0,0.47268254,0,0
2024-10-01 10:30:00+00:00,63886.0,0.48485386,0,0
2024-10-01 10:45:00+00:00,63910.12,0.55030257,1,0
2024-10-01 11:00:00+00:00,63937.98,0.53599656,1,0
2024-10-01 11:15:00+00:00,63826.17,0.53743523,1,0
2024-10-01 11:30:00+00:00,63788.0,0.5033146,1,0
2024-10-01 11:45:00+00:00,63734.0,0.49574652,0,0
2024-10-01 12:00:00+00:00,63771.65,0.50877005,1,0
2024-10-01 12:15:00+00:00,63782.01,0.4815928,0,0
2024-10-01 12:30:00+00:00,63621.67,0.5131264,1,0
2024-10-01 12:45:00+00:00,63668.21,0.49963036,0,0
2024-10-01 13:00:00+00:00,63521.99,0.5286766,1,0
2024-10-01 13:15:00+00:00,63388.51,0.5150071,1,0
2024-10-01 13:30:00+00:00,62790.01,0.4344404,0,0
2024-10-01 13:45:00+00:00,62866.8,0.38270354,0,0
2024-10-01 14:00:00+00:00,62710.02,0.4366644,0,0
2024-10-01 14:15:00+00:00,62808.76,0.43503448,0,0
2024-10-01 14:30:00+00:00,62792.0,0.43877465,0,0
2024-10-01 14:45:00+00:00,62598.0,0.48409325,0,0
2024-10-01 15:00:00+00:00,62166.02,0.4505886,0,0
2024-10-01 15:15:00+00:00,62372.01,0.44290367,0,0
2024-10-01 15:30:00+00:00,62696.0,0.46648392,0,0
2024-10-01 15:45:00+00:00,62628.85,0.5000834,1,0
2024-10-01 16:00:00+00:00,62550.41,0.5127473,1,0
2024-10-01 16:15:00+00:00,62327.59,0.49316567,0,0
2024-10-01 16:30:00+00:00,62035.99,0.48297247,0,0
2024-10-01 16:45:00+00:00,62448.0,0.51160485,1,0
2024-10-01 17:00:00+00:00,61975.99,0.57385904,1,0
2024-10-01 17:15:00+00:00,61554.0,0.5362366,1,0
2024-10-01 17:30:00+00:00,61813.18,0.51601845,1,0
2024-10-01 17:45:00+00:00,62151.99,0.47441265,0,0
2024-10-01 18:00:00+00:00,62293.99,0.564317,1,0
2024-10-01 18:15:00+00:00,62347.74,0.56500876,1,0
2024-10-01 18:30:00+00:00,62036.0,0.5103385,1,0
2024-10-01 18:45:00+00:00,61987.99,0.58279,1,0
2024-10-01 19:00:00+00:00,61782.0,0.5608354,1,0
2024-10-01 19:15:00+00:00,62049.99,0.6070822,1,0
2024-10-01 19:30:00+00:00,61872.01,0.5516072,1,0
2024-10-01 19:45:00+00:00,61755.99,0.6006738,1,0
2024-10-01 20:00:00+00:00,61320.0,0.59421945,1,0
2024-10-01 20:15:00+00:00,60743.24,0.58803636,1,1
2024-10-01 20:30:00+00:00,60612.0,0.5069971,1,1
2024-10-01 20:45:00+00:00,60809.02,0.5258348,1,1
2024-10-01 21:00:00+00:00,60937.09,0.51920515,1,1
2024-10-01 21:15:00+00:00,60869.98,0.44560307,0,1
2024-10-01 21:30:00+00:00,60930.28,0.4901642,0,1
2024-10-01 21:45:00+00:00,61142.01,0.48155367,0,1
2024-10-01 22:00:00+00:00,60888.91,0.4762887,0,1
2024-10-01 22:15:00+00:00,60836.0,0.49566168,0,1
2024-10-01 22:30:00+00:00,60678.0,0.57989115,1,1
2024-10-01 22:45:00+00:00,60767.99,0.5243049,1,1
2024-10-01 23:00:00+00:00,60787.99,0.5285315,1,1
2024-10-01 23:15:00+00:00,60680.0,0.50883526,1,1
2024-10-01 23:30:00+00:00,60987.96,0.57090765,1,1
2024-10-01 23:45:00+00:00,60805.78,0.59847105,1,1
2024-10-02 00:00:00+00:00,60840.76,0.48595658,0,1
2024-10-02 00:15:00+00:00,60972.0,0.4843211,0,1
2024-10-02 00:30:00+00:00,61133.04,0.46265352,0,1
2024-10-02 00:45:00+00:00,61046.26,0.5135312,1,1
2024-10-02 01:00:00+00:00,61291.5,0.42599273,0,1
2024-10-02 01:15:00+00:00,61400.01,0.47815844,0,1
2024-10-02 01:30:00+00:00,61381.97,0.4039636,0,1
2024-10-02 01:45:00+00:00,61522.89,0.4074078,0,0
2024-10-02 02:00:00+00:00,61538.0,0.3849053,0,1
2024-10-02 02:15:00+00:00,61634.24,0.36020505,0,0
2024-10-02 02:30:00+00:00,61661.94,0.39091638,0,1
2024-10-02 02:45:00+00:00,61782.89,0.35246038,0,0
2024-10-02 03:00:00+00:00,61769.99,0.35373813,0,0
2024-10-02 03:15:00+00:00,61712.01,0.32659978,0,1
2024-10-02 03:30:00+00:00,61867.1,0.3162407,0,0
2024-10-02 03:45:00+00:00,61750.47,0.31409281,0,0
2024-10-02 04:00:00+00:00,61684.85,0.3809094,0,0
2024-10-02 04:15:00+00:00,61634.0,0.3403316,0,1
2024-10-02 04:30:00+00:00,61517.99,0.35586035,0,1
2024-10-02 04:45:00+00:00,61495.79,0.39658347,0,1
2024-10-02 05:00:00+00:00,61511.83,0.41964787,0,1
2024-10-02 05:15:00+00:00,61442.44,0.4296107,0,1
2024-10-02 05:30:00+00:00,61493.63,0.42706951,0,0
2024-10-02 05:45:00+00:00,61489.71,0.46087524,0,0
2024-10-02 06:00:00+00:00,61559.99,0.45867148,0,0
2024-10-02 06:15:00+00:00,61600.2,0.44036537,0,0
2024-10-02 06:30:00+00:00,61762.38,0.4394796,0,0
2024-10-02 06:45:00+00:00,61700.01,0.43170646,0,0
2024-10-02 07:00:00+00:00,61663.99,0.4595457,0,0
2024-10-02 07:15:00+00:00,61732.08,0.45679742,0,0
2024-10-02 07:30:00+00:00,61854.7,0.38920513,0,0
2024-10-02 07:45:00+00:00,61727.4,0.42421594,0,0
2024-10-02 08:00:00+00:00,61637.99,0.4484043,0,0
2024-10-02 08:15:00+00:00,61718.01,0.45935336,0,0
2024-10-02 08:30:00+00:00,61850.01,0.43614197,0,0
2024-10-02 08:45:00+00:00,61806.01,0.43847486,0,0
2024-10-02 09:00:00+00:00,61669.01,0.4110722,0,0
2024-10-02 09:15:00+00:00,61524.36,0.5018061,1,0
2024-10-02 09:30:00+00:00,61400.0,0.54578996,1,0
2024-10-02 09:45:00+00:00,61271.25,0.53825295,1,1
2024-10-02 10:00:00+00:00,61194.01,0.5770745,1,1
2024-10-02 10:15:00+00:00,61472.0,0.5539617,1,0
2024-10-02 10:30:00+00:00,61388.01,0.5600363,1,1
2024-10-02 10:45:00+00:00,61188.28,0.57285494,1,0
2024-10-02 11:00:00+00:00,61246.0,0.5674383,1,1
2024-10-02 11:15:00+00:00,61293.86,0.5687594,1,1
2024-10-02 11:30:00+00:00,61264.0,0.5472125,1,1
2024-10-02 11:45:00+00:00,61164.01,0.54700965,1,1
2024-10-02 12:00:00+00:00,60919.99,0.52476376,1,1
2024-10-02 12:15:00+00:00,61008.05,0.60576797,1,1
2024-10-02 12:30:00+00:00,61090.32,0.57025135,1,1
2024-10-02 12:45:00+00:00,60798.8,0.5837469,1,1
2024-10-02 13:00:00+00:00,60920.59,0.5819202,1,1
2024-10-02 13:15:00+00:00,60888.96,0.58930194,1,1
2024-10-02 13:30:00+00:00,60704.0,0.58072215,1,1
2024-10-02 13:45:00+00:00,61350.0,0.6040079,1,1
2024-10-02 14:00:00+00:00,61284.76,0.60368687,1,0
2024-10-02 14:15:00+00:00,61225.9,0.5506488,1,0
2024-10-02 14:30:00+00:00,61432.1,0.59477526,1,0
2024-10-02 14:45:00+00:00,61077.78,0.59200704,1,0
2024-10-02 15:00:00+00:00,61437.98,0.5794293,1,0
2024-10-02 15:15:00+00:00,61729.48,0.48953688,0,0
2024-10-02 15:30:00+00:00,61828.07,0.57208884,1,0
2024-10-02 15:45:00+00:00,61874.01,0.5816351,1,0
2024-10-02 16:00:00+00:00,62134.0,0.58855826,1,0
2024-10-02 16:15:00+00:00,62042.25,0.5407891,1,0
2024-10-02 16:30:00+00:00,61908.0,0.6073355,1,0
2024-10-02 16:45:00+00:00,61800.0,0.61870223,1,0
2024-10-02 17:00:00+00:00,61748.0,0.6161119,1,0
2024-10-02 17:15:00+00:00,61682.3,0.6476131,1,0
2024-10-02 17:30:00+00:00,61476.0,0.653417,1,0
2024-10-02 17:45:00+00:00,61628.01,0.63720423,1,0
2024-10-02 18:00:00+00:00,61104.84,0.6499158,1,0
2024-10-02 18:15:00+00:00,61178.0,0.639271,1,0
2024-10-02 18:30:00+00:00,61220.7,0.617901,1,0
2024-10-02 18:45:00+00:00,60762.09,0.59769887,1,1
2024-10-02 19:00:00+00:00,60849.69,0.5984914,1,0
2024-10-02 19:15:00+00:00,60248.01,0.5646849,1,1
2024-10-02 19:30:00+00:00,60098.77,0.64987236,1,1
2024-10-02 19:45:00+00:00,60190.01,0.6680197,1,1
2024-10-02 20:00:00+00:00,60314.95,0.6085257,1,1
2024-10-02 20:15:00+00:00,60388.01,0.64174205,1,1
2024-10-02 20:30:00+00:00,60790.0,0.5873466,1,1
2024-10-02 20:45:00+00:00,60924.0,0.5748813,1,1
2024-10-02 21:00:00+00:00,60720.0,0.5811452,1,1
2024-10-02 21:15:00+00:00,60887.71,0.54087055,1,1
2024-10-02 21:30:00+00:00,60771.43,0.54025376,1,1
2024-10-02 21:45:00+00:00,60831.99,0.56664026,1,1
2024-10-02 22:00:00+00:00,60546.0,0.621808,1,1
2024-10-02 22:15:00+00:00,60566.0,0.6309642,1,1
2024-10-02 22:30:00+00:00,60705.99,0.60311234,1,1
2024-10-02 22:45:00+00:00,60851.74,0.5558963,1,1
2024-10-02 23:00:00+00:00,60800.0,0.47523233,0,1
2024-10-02 23:15:00+00:00,60762.01,0.49272385,0,1
2024-10-02 23:30:00+00:00,60700.0,0.5089891,1,1
2024-10-02 23:45:00+00:00,60649.28,0.5091267,1,1
2024-10-03 00:00:00+00:00,60818.0,0.52324355,1,1
2024-10-03 00:15:00+00:00,60772.0,0.54842216,1,1
2024-10-03 00:30:00+00:00,60893.22,0.51249695,1,1
2024-10-03 00:45:00+00:00,60988.01,0.5275956,1,1
2024-10-03 01:00:00+00:00,61106.01,0.45631567,0,1
2024-10-03 01:15:00+00:00,61167.38,0.4445093,0,1
2024-10-03 01:30:00+00:00,61038.02,0.45134044,0,1
2024-10-03 01:45:00+00:00,61024.0,0.4874803,0,1
2024-10-03 02:00:00+00:00,61188.33,0.43532038,0,1
2024-10-03 02:15:00+00:00,61108.0,0.4507894,0,1
2024-10-03 02:30:00+00:00,61116.53,0.47669414,0,1
2024-10-03 02:45:00+00:00,61185.17,0.44497538,0,1
2024-10-03 03:00:00+00:00,61119.99,0.45456073,0,1
2024-10-03 03:15:00+00:00,61264.07,0.4372905,0,0
2024-10-03 03:30:00+00:00,61280.21,0.4164726,0,0
2024-10-03 03:45:00+00:00,61463.99,0.4552855,0,0
2024-10-03 04:00:00+00:00,61336.29,0.43856508,0,0
2024-10-03 04:15:00+00:00,61361.59,0.5000373,1,0
2024-10-03 04:30:00+00:00,61404.53,0.4904408,0,0
2024-10-03 04:45:00+00:00,61326.0,0.51699865,1,0
2024-10-03 05:00:00+00:00,61232.01,0.48848784,0,0
2024-10-03 05:15:00+00:00,61197.99,0.4720796,0,0
2024-10-03 05:30:00+00:00,61213.74,0.5028547,1,0
2024-10-03 05:45:00+00:00,61176.01,0.50049937,1,0
2024-10-03 06:00:00+00:00,61244.62,0.5065971,1,0
2024-10-03 06:15:00+00:00,61289.99,0.51210856,1,0
2024-10-03 06:30:00+00:00,61410.05,0.46191785,0,0
2024-10-03 06:45:00+00:00,61334.01,0.5437861,1,0
2024-10-03 07:00:00+00:00,61223.74,0.54378855,1,0
2024-10-03 07:15:00+00:00,61212.01,0.6068417,1,0
2024-10-03 07:30:00+00:00,61095.83,0.5634406,1,0
2024-10-03 07:45:00+00:00,60926.0,0.5864399,1,0
2024-10-03 08:00:00+00:00,60539.99,0.59429294,1,1
2024-10-03 08:15:00+00:00,60354.81,0.58290833,1,1
2024-10-03 08:30:00+00:00,60390.0,0.59329563,1,1
2024-10-03 08:45:00+00:00,60354.0,0.5811848,1,1
2024-10-03 09:00:00+00:00,60418.01,0.6181083,1,0
2024-10-03 09:15:00+00:00,60640.0,0.57209426,1,0
2024-10-03 09:30:00+00:00,60637.73,0.57334167,1,0
2024-10-03 09:45:00+00:00,60720.48,0.5728636,1,0
2024-10-03 10:00:00+00:00,60728.01,0.58324665,1,0
2024-10-03 10:15:00+00:00,60780.0,0.5857595,1,0
2024-10-03 10:30:00+00:00,60918.0,0.5697584,1,0
2024-10-03 10:45:00+00:00,61025.98,0.5751965,1,0
2024-10-03 11:00:00+00:00,61001.16,0.5732005,1,0
2024-10-03 11:15:00+00:00,60722.05,0.5661618,1,0
2024-10-03 11:30:00+00:00,60835.01,0.49100286,0,0
2024-10-03 11:45:00+00:00,60764.74,0.46099955,0,0
2024-10-03 12:00:00+00:00,60574.5,0.52687854,1,1
2024-10-03 12:15:00+00:00,60543.0,0.51006675,1,0
2024-10-03 12:30:00+00:00,60484.23,0.52425903,1,0
2024-10-03 12:45:00+00:00,60469.95,0.5759675,1,0
2024-10-03 13:00:00+00:00,60220.76,0.5902682,1,1
2024-10-03 13:15:00+00:00,60494.0,0.49558976,0,1
2024-10-03 13:30:00+00:00,60237.26,0.5176414,1,1
2024-10-03 13:45:00+00:00,60382.05,0.5482976,1,1
2024-10-03 14:00:00+00:00,60457.61,0.49981523,0,1
2024-10-03 14:15:00+00:00,60282.0,0.529205,1,1
2024-10-03 14:30:00+00:00,60379.91,0.52530336,1,1
2024-10-03 14:45:00+00:00,60172.01,0.5092159,1,1
2024-10-03 15:00:00+00:00,60210.36,0.50125915,1,1
2024-10-03 15:15:00+00:00,60163.81,0.5041406,1,1
2024-10-03 15:30:00+00:00,60262.23,0.4771696,0,1
2024-10-03 15:45:00+00:00,60641.5,0.43610373,0,1
2024-10-03 16:00:00+00:00,60590.0,0.44961604,0,1
2024-10-03 16:15:00+00:00,60214.0,0.49858364,0,1
2024-10-03 16:30:00+00:00,60174.0,0.47021815,0,1
2024-10-03 16:45:00+00:00,60168.0,0.47181764,0,1
2024-10-03 17:00:00+00:00,60379.99,0.44127765,0,1
2024-10-03 17:15:00+00:00,60638.01,0.46307167,0,1
2024-10-03 17:30:00+00:00,60577.78,0.48205936,0,1
2024-10-03 17:45:00+00:00,60632.0,0.4587543,0,1
2024-10-03 18:00:00+00:00,60630.01,0.49538782,0,1
2024-10-03 18:15:00+00:00,60666.01,0.49580294,0,1
2024-10-03 18:30:00+00:00,60656.01,0.53689873,1,1
2024-10-03 18:45:00+00:00,60722.31,0.50313556,1,1
2024-10-03 19:00:00+00:00,60649.5,0.49962163,0,1
2024-10-03 19:15:00+00:00,60763.5,0.49320093,0,1
2024-10-03 19:30:00+00:00,60800.01,0.4892638,0,1
2024-10-03 19:45:00+00:00,61036.0,0.33113626,0,0
2024-10-03 20:00:00+00:00,60932.0,0.3497514,0,0
2024-10-03 20:15:00+00:00,60839.99,0.3693255,0,0
2024-10-03 20:30:00+00:00,60762.48,0.4185923,0,0
2024-10-03 20:45:00+00:00,60773.99,0.4728637,0,0
2024-10-03 21:00:00+00:00,60852.58,0.44514206,0,0
2024-10-03 21:15:00+00:00,60841.1,0.46285796,0,1
2024-10-03 21:30:00+00:00,60731.41,0.48723024,0,1
2024-10-03 21:45:00+00:00,60807.13,0.49498117,0,1
2024-10-03 22:00:00+00:00,60830.87,0.4288305,0,1
2024-10-03 22:15:00+00:00,60896.0,0.42551345,0,1
2024-10-03 22:30:00+00:00,60800.0,0.46032643,0,1
2024-10-03 22:45:00+00:00,60895.27,0.4676481,0,1
2024-10-03 23:00:00+00:00,60818.08,0.46395352,0,1
2024-10-03 23:15:00+00:00,60780.0,0.55865544,1,1
2024-10-03 23:30:00+00:00,60806.0,0.5497834,1,1
2024-10-03 23:45:00+00:00,60752.71,0.5229314,1,1
2024-10-04 00:00:00+00:00,60700.0,0.5494929,1,1
2024-10-04 00:15:00+00:00,60705.12,0.46514168,0,1
2024-10-04 00:30:00+00:00,60617.99,0.36533362,0,1
2024-10-04 00:45:00+00:00,60504.01,0.46253964,0,1
2024-10-04 01:00:00+00:00,60610.39,0.52069485,1,1
2024-10-04 01:15:00+00:00,61075.99,0.49171373,0,1
2024-10-04 01:30:00+00:00,61036.0,0.4665253,0,1
2024-10-04 01:45:00+00:00,61218.0,0.505879,1,1
2024-10-04 02:00:00+00:00,61110.41,0.4827579,0,1
2024-10-04 02:15:00+00:00,60988.0,0.5552731,1,1
2024-10-04 02:30:00+00:00,61086.0,0.51686066,1,1
2024-10-04 02:45:00+00:00,61036.14,0.5104067,1,1
2024-10-04 03:00:00+00:00,60935.99,0.55084115,1,1
2024-10-04 03:15:00+00:00,60913.99,0.53119683,1,1
2024-10-04 03:30:00+00:00,60924.0,0.50460994,1,1
2024-10-04 03:45:00+00:00,60951.99,0.5194544,1,1
2024-10-04 04:00:00+00:00,61006.44,0.4958124,0,1
2024-10-04 04:15:00+00:00,61166.11,0.49981838,0,1
2024-10-04 04:30:00+00:00,61080.0,0.5458999,1,1
2024-10-04 04:45:00+00:00,61001.44,0.5790077,1,1
2024-10-04 05:00:00+00:00,61144.0,0.55703014,1,1
2024-10-04 05:15:00+00:00,61183.05,0.62339514,1,1
2024-10-04 05:30:00+00:00,61194.0,0.6574564,1,1
2024-10-04 05:45:00+00:00,61224.34,0.6336919,1,1
2024-10-04 06:00:00+00:00,61121.73,0.65029055,1,1
2024-10-04 06:15:00+00:00,61241.99,0.5564753,1,1
2024-10-04 06:30:00+00:00,61157.99,0.57432777,1,1
2024-10-04 06:45:00+00:00,61119.99,0.58877695,1,1
2024-10-04 07:00:00+00:00,61188.0,0.57811713,1,1
2024-10-04 07:15:00+00:00,61320.99,0.47644642,0,0
2024-10-04 07:30:00+00:00,61409.11,0.5041938,1,0
2024-10-04 07:45:00+00:00,61443.64,0.51707953,1,1
2024-10-04 08:00:00+00:00,61399.98,0.51610893,1,1
2024-10-04 08:15:00+00:00,61564.0,0.48922774,0,1
2024-10-04 08:30:00+00:00,61588.37,0.5302258,1,0
2024-10-04 08:45:00+00:00,61449.73,0.5378692,1,1
2024-10-04 09:00:00+00:00,61520.42,0.5325291,1,1
2024-10-04 09:15:00+00:00,61406.64,0.49151132,0,1
2024-10-04 09:30:00+00:00,61351.12,0.48865083,0,1
2024-10-04 09:45:00+00:00,61339.43,0.52001256,1,1
2024-10-04 10:00:00+00:00,61304.0,0.51965934,1,0
2024-10-04 10:15:00+00:00,61277.99,0.50624317,1,0
2024-10-04 10:30:00+00:00,61365.99,0.47625047,0,0
2024-10-04 10:45:00+00:00,61284.01,0.5795047,1,0
2024-10-04 11:00:00+00:00,61411.99,0.5555031,1,1
2024-10-04 11:15:00+00:00,61320.31,0.573638,1,1
2024-10-04 11:30:00+00:00,61394.02,0.5914858,1,1
2024-10-04 11:45:00+00:00,61449.84,0.64119345,1,1
2024-10-04 12:00:00+00:00,61408.56,0.7101865,1,1
2024-10-04 12:15:00+00:00,61578.99,0.6602428,1,1
2024-10-04 12:30:00+00:00,61363.63,0.5567987,1,1
2024-10-04 12:45:00+00:00,61932.24,0.4497863,0,1
2024-10-04 13:00:00+00:00,61778.0,0.40180713,0,1
2024-10-04 13:15:00+00:00,61556.0,0.51663285,1,1
2024-10-04 13:30:00+00:00,61820.01,0.501496,1,1
2024-10-04 13:45:00+00:00,61580.02,0.5194134,1,1
2024-10-04 14:00:00+00:00,61300.01,0.58688253,1,1
2024-10-04 14:15:00+00:00,60952.0,0.638362,1,1
2024-10-04 14:30:00+00:00,61152.0,0.6505061,1,1
2024-10-04 14:45:00+00:00,61239.99,0.6386905,1,1
2024-10-04 15:00:00+00:00,61626.82,0.5643279,1,1
2024-10-04 15:15:00+00:00,61560.48,0.5883928,1,1
2024-10-04 15:30:00+00:00,61689.99,0.57615787,1,1
2024-10-04 15:45:00+00:00,61873.04,0.5859059,1,1
2024-10-04 16:00:00+00:00,61748.03,0.59790546,1,1
2024-10-04 16:15:00+00:00,61994.0,0.62097377,1,1
2024-10-04 16:30:00+00:00,62202.0,0.67544967,1,1
2024-10-04 16:45:00+00:00,62244.0,0.6893233,1,1
2024-10-04 17:00:00+00:00,62183.99,0.66176665,1,1
2024-10-04 17:15:00+00:00,62041.99,0.65491366,1,1
2024-10-04 17:30:00+00:00,62151.52,0.6600299,1,1
2024-10-04 17:45:00+00:00,61983.32,0.5839108,1,1
2024-10-04 18:00:00+00:00,61958.0,0.66063195,1,1
2024-10-04 18:15:00+00:00,62150.0,0.64593613,1,1
2024-10-04 18:30:00+00:00,62182.0,0.4385957,0,1
2024-10-04 18:45:00+00:00,62345.0,0.42456585,0,0
2024-10-04 19:00:00+00:00,62360.02,0.4516296,0,0
2024-10-04 19:15:00+00:00,62374.03,0.44455197,0,0
2024-10-04 19:30:00+00:00,62266.84,0.4243483,0,0
2024-10-04 19:45:00+00:00,62368.0,0.4151439,0,0
2024-10-04 20:00:00+00:00,62320.01,0.45654038,0,0
2024-10-04 20:15:00+00:00,62238.07,0.4819458,0,0
2024-10-04 20:30:00+00:00,62332.25,0.4582091,0,0
2024-10-04 20:45:00+00:00,62407.69,0.38572732,0,0
2024-10-04 21:00:00+00:00,62379.91,0.3800228,0,0
2024-10-04 21:15:00+00:00,62386.1,0.3891451,0,0
2024-10-04 21:30:00+00:00,62320.94,0.3691325,0,0
2024-10-04 21:45:00+00:00,62274.45,0.4569322,0,0
2024-10-04 22:00:00+00:00,62262.0,0.49548015,0,0
2024-10-04 22:15:00+00:00,62321.99,0.5596093,1,0
2024-10-04 22:30:00+00:00,62210.0,0.5983737,1,0
2024-10-04 22:45:00+00:00,62213.14,0.5981545,1,0
2024-10-04 23:00:00+00:00,62117.49,0.65066224,1,0
2024-10-04 23:15:00+00:00,61999.99,0.6128942,1,0
2024-10-04 23:30:00+00:00,62032.0,0.5944155,1,0
2024-10-04 23:45:00+00:00,62086.0,0.597765,1,0
2024-10-05 00:00:00+00:00,62079.6,0.61102635,1,0
2024-10-05 00:15:00+00:00,62090.93,0.6130961,1,0
2024-10-05 00:30:00+00:00,62130.01,0.598515,1,0
2024-10-05 00:45:00+00:00,62170.0,0.60332334,1,0
2024-10-05 01:00:00+00:00,62142.01,0.58835226,1,0
2024-10-05 01:15:00+00:00,62003.97,0.6080642,1,1
2024-10-05 01:30:00+00:00,62059.35,0.6064506,1,1
2024-10-05 01:45:00+00:00,62069.99,0.63427585,1,1
2024-10-05 02:00:00+00:00,61993.31,0.60503715,1,1
2024-10-05 02:15:00+00:00,62030.31,0.58675814,1,1
2024-10-05 02:30:00+00:00,61971.16,0.5001365,1,1
2024-10-05 02:45:00+00:00,61812.0,0.574733,1,1
2024-10-05 03:00:00+00:00,61859.97,0.59667367,1,1
2024-10-05 03:15:00+00:00,61942.0,0.58242345,1,1
2024-10-05 03:30:00+00:00,61948.8,0.59368694,1,1
2024-10-05 03:45:00+00:00,61861.99,0.61359954,1,1
2024-10-05 04:00:00+00:00,61826.65,0.5955323,1,1
2024-10-05 04:15:00+00:00,61949.87,0.5880359,1,1
2024-10-05 04:30:00+00:00,62004.01,0.5821768,1,1
2024-10-05 04:45:00+00:00,61950.01,0.5053367,1,1
2024-10-05 05:00:00+00:00,62086.92,0.5373825,1,1
2024-10-05 05:15:00+00:00,62062.0,0.55211425,1,1
2024-10-05 05:30:00+00:00,62088.6,0.55320597,1,1
2024-10-05 05:45:00+00:00,62149.47,0.5375437,1,1
2024-10-05 06:00:00+00:00,62077.93,0.5398605,1,1
2024-10-05 06:15:00+00:00,62136.01,0.41198865,0,1
2024-10-05 06:30:00+00:00,62206.0,0.3959526,0,1
2024-10-05 06:45:00+00:00,62224.0,0.45253578,0,0
2024-10-05 07:00:00+00:00,62166.0,0.46121135,0,1
2024-10-05 07:15:00+00:00,62148.01,0.45061028,0,1
2024-10-05 07:30:00+00:00,62121.98,0.5308603,1,1
2024-10-05 07:45:00+00:00,62076.19,0.365187,0,1
2024-10-05 08:00:00+00:00,62095.21,0.47493985,0,1
2024-10-05 08:15:00+00:00,62152.01,0.33370715,0,1
2024-10-05 08:30:00+00:00,62090.01,0.5033726,1,1
2024-10-05 08:45:00+00:00,62151.52,0.4640151,0,1
2024-10-05 09:00:00+00:00,62217.98,0.40728462,0,1
2024-10-05 09:15:00+00:00,62237.91,0.41075307,0,0
2024-10-05 09:30:00+00:00,62300.0,0.3641788,0,0
2024-10-05 09:45:00+00:00,62252.0,0.43458134,0,0
2024-10-05 10:00:00+00:00,62239.9,0.58736265,1,0
2024-10-05 10:15:00+00:00,62217.67,0.601662,1,0
2024-10-05 10:30:00+00:00,62266.86,0.4706609,0,0
2024-10-05 10:45:00+00:00,62213.84,0.48238724,0,0
2024-10-05 11:00:00+00:00,62222.04,0.47435868,0,0
2024-10-05 11:15:00+00:00,62198.82,0.46802038,0,0
2024-10-05 11:30:00+00:00,62208.96,0.43080902,0,0
2024-10-05 11:45:00+00:00,62180.0,0.6319096,1,0
2024-10-05 12:00:00+00:00,62184.51,0.5123435,1,0
2024-10-05 12:15:00+00:00,62246.0,0.5125588,1,0
2024-10-05 12:30:00+00:00,62248.05,0.63217276,1,0
2024-10-05 12:45:00+00:00,62302.03,0.5598266,1,0
2024-10-05 13:00:00+00:00,62340.01,0.5556664,1,0
2024-10-05 13:15:00+00:00,62225.99,0.5953001,1,0
2024-10-05 13:30:00+00:00,62182.0,0.5494257,1,0
2024-10-05 13:45:00+00:00,62153.35,0.46300873,0,0
2024-10-05 14:00:00+00:00,62125.94,0.51483274,1,0
2024-10-05 14:15:00+00:00,62166.92,0.46972698,0,0
2024-10-05 14:30:00+00:00,62185.0,0.45201573,0,0
2024-10-05 14:45:00+00:00,62196.01,0.47974357,0,0
2024-10-05 15:00:00+00:00,62130.0,0.48729846,0,0
2024-10-05 15:15:00+00:00,62181.82,0.469834,0,0
2024-10-05 15:30:00+00:00,62163.54,0.47629973,0,0
2024-10-05 15:45:00+00:00,62167.66,0.5703379,1,0
2024-10-05 16:00:00+00:00,62101.01,0.48026663,0,0
2024-10-05 16:15:00+00:00,62157.5,0.5274666,1,0
2024-10-05 16:30:00+00:00,62070.01,0.55428785,1,0
2024-10-05 16:45:00+00:00,61958.39,0.5916118,1,0
2024-10-05 17:00:00+00:00,61954.01,0.55840886,1,0
2024-10-05 17:15:00+00:00,61976.52,0.49026462,0,0
2024-10-05 17:30:00+00:00,62019.99,0.49283096,0,0
2024-10-05 17:45:00+00:00,62016.01,0.4844778,0,0
2024-10-05 18:00:00+00:00,61903.0,0.6231439,1,1
2024-10-05 18:15:00+00:00,61909.1,0.58557934,1,1
2024-10-05 18:30:00+00:00,61895.2,0.59166545,1,1
2024-10-05 18:45:00+00:00,61864.0,0.63832855,1,1
2024-10-05 19:00:00+00:00,61854.0,0.64906526,1,1
2024-10-05 19:15:00+00:00,61895.88,0.6574851,1,1
2024-10-05 19:30:00+00:00,61841.61,0.6463835,1,1
2024-10-05 19:45:00+00:00,61848.48,0.68882215,1,1
2024-10-05 20:00:00+00:00,61773.63,0.68417966,1,1
2024-10-05 20:15:00+00:00,61795.99,0.66375387,1,1
2024-10-05 20:30:00+00:00,61779.99,0.6435919,1,1
2024-10-05 20:45:00+00:00,61723.38,0.6373293,1,1
2024-10-05 21:00:00+00:00,61861.03,0.50709265,1,1
2024-10-05 21:15:00+00:00,61885.39,0.5478696,1,1
2024-10-05 21:30:00+00:00,61939.39,0.5127644,1,1
2024-10-05 21:45:00+00:00,61857.64,0.531867,1,1
2024-10-05 22:00:00+00:00,61964.64,0.59116566,1,1
2024-10-05 22:15:00+00:00,61981.23,0.58146256,1,1
2024-10-05 22:30:00+00:00,62018.0,0.5756237,1,0
2024-10-05 22:45:00+00:00,62039.52,0.6252502,1,0
2024-10-05 23:00:00+00:00,62019.0,0.6029,1,0
2024-10-05 23:15:00+00:00,62011.61,0.6188432,1,0
2024-10-05 23:30:00+00:00,62032.01,0.5203085,1,0
2024-10-05 23:45:00+00:00,62058.0,0.48087826,0,0
2024-10-06 00:00:00+00:00,61939.99,0.50375885,1,0
2024-10-06 00:15:00+00:00,61963.45,0.51289254,1,0
2024-10-06 00:30:00+00:00,61907.98,0.5573428,1,0
2024-10-06 00:45:00+00:00,61920.0,0.5290101,1,0
2024-10-06 01:00:00+00:00,62018.76,0.47191638,0,0
2024-10-06 01:15:00+00:00,62116.01,0.39424106,0,0
2024-10-06 01:30:00+00:00,62051.33,0.43975103,0,0
2024-10-06 01:45:00+00:00,62081.01,0.44979417,0,0
2024-10-06 02:00:00+00:00,61996.01,0.48412555,0,0
2024-10-06 02:15:00+00:00,62040.01,0.50202906,1,0
2024-10-06 02:30:00+00:00,61957.87,0.5028678,1,1
2024-10-06 02:45:00+00:00,61966.01,0.51955754,1,0
2024-10-06 03:00:00+00:00,61937.94,0.459857,0,1
2024-10-06 03:15:00+00:00,61974.0,0.46019483,0,0
2024-10-06 03:30:00+00:00,61940.01,0.4792701,0,1
2024-10-06 03:45:00+00:00,61878.66,0.471626,0,1
2024-10-06 04:00:00+00:00,61897.49,0.45624182,0,1
2024-10-06 04:15:00+00:00,61925.0,0.4331218,0,1
2024-10-06 04:30:00+00:00,61847.99,0.4197269,0,1
2024-10-06 04:45:00+00:00,61878.03,0.5602676,1,1
2024-10-06 05:00:00+00:00,61845.08,0.5424699,1,1
2024-10-06 05:15:00+00:00,61944.17,0.4942178,0,1
2024-10-06 05:30:00+00:00,61942.0,0.5229195,1,1
2024-10-06 05:45:00+00:00,61938.51,0.45630902,0,1
2024-10-06 06:00:00+00:00,61957.74,0.5245087,1,1
2024-10-06 06:15:00+00:00,62007.99,0.46420687,0,1
2024-10-06 06:30:00+00:00,61999.28,0.5101471,1,1
2024-10-06 06:45:00+00:00,61961.99,0.4738864,0,1
2024-10-06 07:00:00+00:00,61986.08,0.5734151,1,1
2024-10-06 07:15:00+00:00,61972.01,0.53975433,1,1
2024-10-06 07:30:00+00:00,61948.03,0.5699374,1,1
2024-10-06 07:45:00+00:00,61949.01,0.6203701,1,1
2024-10-06 08:00:00+00:00,61941.34,0.5638743,1,1
2024-10-06 08:15:00+00:00,62020.0,0.54328746,1,1
2024-10-06 08:30:00+00:00,62013.94,0.54559064,1,1
2024-10-06 08:45:00+00:00,61989.81,0.5830998,1,1
2024-10-06 09:00:00+00:00,62008.81,0.5919752,1,1
2024-10-06 09:15:00+00:00,62051.47,0.51397026,1,1
2024-10-06 09:30:00+00:00,62091.41,0.5286805,1,1
2024-10-06 09:45:00+00:00,62066.38,0.5130579,1,1
2024-10-06 10:00:00+00:00,62055.98,0.56500334,1,1
2024-10-06 10:15:00+00:00,62030.3,0.5909973,1,1
2024-10-06 10:30:00+00:00,62006.59,0.628169,1,1
2024-10-06 10:45:00+00:00,62023.83,0.6021597,1,1
2024-10-06 11:00:00+00:00,62012.0,0.6088038,1,1
2024-10-06 11:15:00+00:00,62065.55,0.56410664,1,1
2024-10-06 11:30:00+00:00,62120.01,0.51044595,1,1
2024-10-06 11:45:00+00:00,62101.92,0.5628492,1,1
2024-10-06 12:00:00+00:00,62099.99,0.56520474,1,1
2024-10-06 12:15:00+00:00,62099.99,0.513401,1,1
2024-10-06 12:30:00+00:00,62137.88,0.53620243,1,1
2024-10-06 12:45:00+00:00,62222.0,0.5019525,1,1
2024-10-06 13:00:00+00:00,62299.67,0.44698068,0,1
2024-10-06 13:15:00+00:00,62250.0,0.4505738,0,1
2024-10-06 13:30:00+00:00,62295.0,0.35524157,0,1
2024-10-06 13:45:00+00:00,62257.73,0.417113,0,1
2024-10-06 14:00:00+00:00,62291.21,0.30899003,0,1
2024-10-06 14:15:00+00:00,62398.0,0.44177997,0,1
2024-10-06 14:30:00+00:00,62545.45,0.506768,1,1
2024-10-06 14:45:00+00:00,62715.99,0.4820393,0,1
2024-10-06 15:00:00+00:00,62638.7,0.5444427,1,1
2024-10-06 15:15:00+00:00,62480.0,0.5714649,1,1
2024-10-06 15:30:00+00:00,62604.0,0.5615129,1,1
2024-10-06 15:45:00+00:00,62720.01,0.48554605,0,0
2024-10-06 16:00:00+00:00,62820.0,0.4899098,0,0
2024-10-06 16:15:00+00:00,62697.73,0.51352537,1,0
2024-10-06 16:30:00+00:00,62682.55,0.472122,0,0
2024-10-06 16:45:00+00:00,62602.0,0.49559912,0,1
2024-10-06 17:00:00+00:00,62636.0,0.49325672,0,0
2024-10-06 17:15:00+00:00,62713.28,0.49780312,0,0
2024-10-06 17:30:00+00:00,62654.0,0.49124986,0,0
2024-10-06 17:45:00+00:00,62591.2,0.49735987,0,0
2024-10-06 18:00:00+00:00,62648.0,0.4835369,0,0
2024-10-06 18:15:00+00:00,62729.59,0.51348466,1,0
2024-10-06 18:30:00+00:00,62715.77,0.5155435,1,0
2024-10-06 18:45:00+00:00,62718.36,0.57312214,1,0
2024-10-06 19:00:00+00:00,62836.0,0.47720364,0,0
2024-10-06 19:15:00+00:00,62914.99,0.4948515,0,0
2024-10-06 19:30:00+00:00,62734.52,0.610587,1,1
2024-10-06 19:45:00+00:00,62631.38,0.60223573,1,1
2024-10-06 20:00:00+00:00,62752.05,0.5894126,1,1
2024-10-06 20:15:00+00:00,62676.0,0.60357815,1,1
2024-10-06 20:30:00+00:00,62630.01,0.6668099,1,1
2024-10-06 20:45:00+00:00,62620.62,0.6537703,1,1
2024-10-06 21:00:00+00:00,62565.21,0.6429761,1,1
2024-10-06 21:15:00+00:00,62502.11,0.6302537,1,1
2024-10-06 21:30:00+00:00,62473.36,0.60710526,1,1
2024-10-06 21:45:00+00:00,62303.03,0.602129,1,1
2024-10-06 22:00:00+00:00,62490.0,0.58203423,1,1
2024-10-06 22:15:00+00:00,62523.45,0.56743723,1,1
2024-10-06 22:30:00+00:00,62582.25,0.57856834,1,1
2024-10-06 22:45:00+00:00,62618.85,0.592472,1,1
2024-10-06 23:00:00+00:00,62668.0,0.5803374,1,1
2024-10-06 23:15:00+00:00,62809.99,0.5197496,1,1
2024-10-06 23:30:00+00:00,62912.31,0.47657055,0,1
2024-10-06 23:45:00+00:00,62819.91,0.49480206,0,1
2024-10-07 00:00:00+00:00,62797.32,0.4702911,0,1
2024-10-07 00:15:00+00:00,62763.99,0.47936448,0,1
2024-10-07 00:30:00+00:00,63309.99,0.45670187,0,1
2024-10-07 00:45:00+00:00,63677.98,0.44853407,0,0
2024-10-07 01:00:00+00:00,63882.7,0.42606595,0,0
2024-10-07 01:15:00+00:00,63840.0,0.42772326,0,0
2024-10-07 01:30:00+00:00,63800.01,0.37442023,0,0
2024-10-07 01:45:00+00:00,63819.0,0.35522187,0,0
2024-10-07 02:00:00+00:00,63863.13,0.35836917,0,0
2024-10-07 02:15:00+00:00,63846.3,0.30759072,0,0
2024-10-07 02:30:00+00:00,63629.99,0.2528702,0,1
2024-10-07 02:45:00+00:00,63637.29,0.26456288,0,1
2024-10-07 03:00:00+00:00,63734.35,0.2688533,0,0
2024-10-07 03:15:00+00:00,63666.66,0.27103785,0,0
2024-10-07 03:30:00+00:00,63475.99,0.416875,0,0
2024-10-07 03:45:00+00:00,63530.51,0.40378734,0,1
2024-10-07 04:00:00+00:00,63631.99,0.3866392,0,0
2024-10-07 04:15:00+00:00,63643.95,0.43056065,0,0
2024-10-07 04:30:00+00:00,63553.99,0.5137997,1,1
2024-10-07 04:45:00+00:00,63466.66,0.5499886,1,1
2024-10-07 05:00:00+00:00,63602.19,0.5668568,1,0
2024-10-07 05:15:00+00:00,63529.37,0.5368316,1,0
2024-10-07 05:30:00+00:00,63400.02,0.5519658,1,0
2024-10-07 05:45:00+00:00,63380.01,0.56821424,1,0
2024-10-07 06:00:00+00:00,63494.0,0.5371251,1,0
2024-10-07 06:15:00+00:00,63556.01,0.53292376,1,0
2024-10-07 06:30:00+00:00,63659.99,0.5411146,1,0
2024-10-07 06:45:00+00:00,63706.0,0.491667,0,0
2024-10-07 07:00:00+00:00,63596.0,0.49849334,0,0
2024-10-07 07:15:00+00:00,63528.31,0.52906847,1,0
2024-10-07 07:30:00+00:00,63458.23,0.5432028,1,0
2024-10-07 07:45:00+00:00,63531.99,0.5565378,1,0
2024-10-07 08:00:00+00:00,63613.39,0.5512867,1,0
2024-10-07 08:15:00+00:00,63620.38,0.5442653,1,0
2024-10-07 08:30:00+00:00,63619.0,0.5718546,1,0
2024-10-07 08:45:00+00:00,63554.62,0.59623045,1,0
2024-10-07 09:00:00+00:00,63384.0,0.57422936,1,0
2024-10-07 09:15:00+00:00,63125.36,0.5275237,1,0
2024-10-07 09:30:00+00:00,63215.3,0.50879323,1,1
2024-10-07 09:45:00+00:00,63210.83,0.5311516,1,1
2024-10-07 10:00:00+00:00,63070.02,0.5778939,1,1
2024-10-07 10:15:00+00:00,62983.08,0.5660056,1,1
2024-10-07 10:30:00+00:00,63026.0,0.5553369,1,1
2024-10-07 10:45:00+00:00,62891.48,0.53921115,1,1
2024-10-07 11:00:00+00:00,62918.68,0.4888945,0,1
2024-10-07 11:15:00+00:00,62794.39,0.5075195,1,1
2024-10-07 11:30:00+00:00,62895.99,0.5502189,1,1
2024-10-07 11:45:00+00:00,63135.44,0.4577777,0,1
2024-10-07 12:00:00+00:00,63036.27,0.50348574,1,1
2024-10-07 12:15:00+00:00,63100.99,0.52215636,1,1
2024-10-07 12:30:00+00:00,62943.77,0.51214397,1,1
2024-10-07 12:45:00+00:00,62883.33,0.50471634,1,1
2024-10-07 13:00:00+00:00,62945.44,0.5126035,1,1
2024-10-07 13:15:00+00:00,63117.89,0.5102157,1,1
2024-10-07 13:30:00+00:00,63288.7,0.4613749,0,1
2024-10-07 13:45:00+00:00,63457.36,0.4063448,0,1
2024-10-07 14:00:00+00:00,63909.81,0.44209403,0,0
2024-10-07 14:15:00+00:00,64200.06,0.51486874,1,0
2024-10-07 14:30:00+00:00,64192.79,0.4906615,0,0
2024-10-07 14:45:00+00:00,63991.89,0.50973576,1,0
2024-10-07 15:00:00+00:00,63773.5,0.61143667,1,0
2024-10-07 15:15:00+00:00,63758.0,0.5394314,1,0
2024-10-07 15:30:00+00:00,63693.79,0.52844876,1,0
2024-10-07 15:45:00+00:00,63651.6,0.5329203,1,0
2024-10-07 16:00:00+00:00,63552.0,0.570592,1,0
2024-10-07 16:15:00+00:00,63680.09,0.55239487,1,0
2024-10-07 16:30:00+00:00,63781.99,0.605555,1,0
2024-10-07 16:45:00+00:00,63819.9,0.5757551,1,0
2024-10-07 17:00:00+00:00,63710.01,0.59328747,1,0
2024-10-07 17:15:00+00:00,63624.2,0.5940887,1,0
2024-10-07 17:30:00+00:00,63739.99,0.59251916,1,0
2024-10-07 17:45:00+00:00,63819.99,0.42905828,0,0
2024-10-07 18:00:00+00:00,63511.39,0.47202897,0,0
2024-10-07 18:15:00+00:00,63504.0,0.47923478,0,0
2024-10-07 18:30:00+00:00,63198.01,0.4843043,0,0
2024-10-07 18:45:00+00:00,62848.0,0.4618652,0,0
2024-10-07 19:00:00+00:00,63344.71,0.48153493,0,0
2024-10-07 19:15:00+00:00,63213.48,0.4811604,0,0
2024-10-07 19:30:00+00:00,63240.73,0.53789157,1,0
2024-10-07 19:45:00+00:00,63382.0,0.53302896,1,0
2024-10-07 20:00:00+00:00,63290.01,0.51593196,1,0
2024-10-07 20:15:00+00:00,63170.92,0.49598417,0,0
2024-10-07 20:30:00+00:00,63071.03,0.49104476,0,0
2024-10-07 20:45:00+00:00,63020.0,0.4541366,0,0
2024-10-07 21:00:00+00:00,63232.46,0.47569883,0,0
2024-10-07 21:15:00+00:00,63262.0,0.445386,0,0
2024-10-07 21:30:00+00:00,63309.85,0.5013741,1,0
2024-10-07 21:45:00+00:00,63373.99,0.46025366,0,0
2024-10-07 22:00:00+00:00,63266.43,0.48476145,0,0
2024-10-07 22:15:00+00:00,63249.21,0.4168568,0,0
2024-10-07 22:30:00+00:00,63069.11,0.47239792,0,0
2024-10-07 22:45:00+00:00,62471.08,0.4671693,0,1
2024-10-07 23:00:00+00:00,62624.44,0.35820773,0,1
2024-10-07 23:15:00+00:00,62554.0,0.42132485,0,1
2024-10-07 23:30:00+00:00,62500.01,0.29310748,0,1
2024-10-07 23:45:00+00:00,62224.0,0.31012833,0,1
2024-10-08 00:00:00+00:00,62353.25,0.3270045,0,1
2024-10-08 00:15:00+00:00,62388.0,0.39834094,0,1
2024-10-08 00:30:00+00:00,62540.01,0.40148625,0,1
2024-10-08 00:45:00+00:00,62552.98,0.3689559,0,1
2024-10-08 01:00:00+00:00,62530.0,0.43462336,0,1
2024-10-08 01:15:00+00:00,62437.99,0.42966855,0,1
2024-10-08 01:30:00+00:00,62647.0,0.42681223,0,0
2024-10-08 01:45:00+00:00,62630.01,0.41919723,0,0
2024-10-08 02:00:00+00:00,62569.5,0.4330922,0,0
2024-10-08 02:15:00+00:00,62457.21,0.47242686,0,0
2024-10-08 02:30:00+00:00,62550.64,0.4498962,0,0
2024-10-08 02:45:00+00:00,62785.78,0.4234692,0,0
2024-10-08 03:00:00+00:00,62680.0,0.4209915,0,0
2024-10-08 03:15:00+00:00,62641.99,0.3798699,0,0
2024-10-08 03:30:00+00:00,62649.99,0.36221096,0,0
2024-10-08 03:45:00+00:00,62629.8,0.3772274,0,0
2024-10-08 04:00:00+00:00,62654.01,0.4197999,0,0
2024-10-08 04:15:00+00:00,62740.18,0.4272975,0,0
2024-10-08 04:30:00+00:00,62602.01,0.47485614,0,0
2024-10-08 04:45:00+00:00,62694.9,0.43522742,0,0
2024-10-08 05:00:00+00:00,62571.99,0.50284433,1,0
2024-10-08 05:15:00+00:00,62438.59,0.5521049,1,0
2024-10-08 05:30:00+00:00,62484.07,0.53930306,1,0
2024-10-08 05:45:00+00:00,62517.35,0.52808845,1,1
2024-10-08 06:00:00+00:00,62357.51,0.5451915,1,1
2024-10-08 06:15:00+00:00,62260.0,0.53687155,1,1
2024-10-08 06:30:00+00:00,62440.3,0.5607027,1,1
2024-10-08 06:45:00+00:00,62509.42,0.5619602,1,1
2024-10-08 07:00:00+00:00,62319.99,0.5450458,1,1
2024-10-08 07:15:00+00:00,62182.0,0.5838545,1,1
2024-10-08 07:30:00+00:00,62288.0,0.59347385,1,1
2024-10-08 07:45:00+00:00,62319.99,0.5803168,1,1
2024-10-08 08:00:00+00:00,62237.64,0.608378,1,1
2024-10-08 08:15:00+00:00,62356.57,0.6013047,1,1
2024-10-08 08:30:00+00:00,62331.99,0.6022372,1,1
2024-10-08 08:45:00+00:00,62409.46,0.542744,1,1
2024-10-08 09:00:00+00:00,62310.01,0.5573545,1,1
2024-10-08 09:15:00+00:00,62433.87,0.5471568,1,1
2024-10-08 09:30:00+00:00,62399.99,0.5444327,1,1
2024-10-08 09:45:00+00:00,62537.38,0.48541522,0,1
2024-10-08 10:00:00+00:00,62533.33,0.5111152,1,1
2024-10-08 10:15:00+00:00,62474.99,0.5538605,1,0
2024-10-08 10:30:00+00:00,62473.01,0.5044223,1,1
2024-10-08 10:45:00+00:00,62519.78,0.44236168,0,1
2024-10-08 11:00:00+00:00,62506.65,0.5256272,1,1
2024-10-08 11:15:00+00:00,62489.06,0.5388254,1,0
2024-10-08 11:30:00+00:00,62600.0,0.49787092,0,0
2024-10-08 11:45:00+00:00,62624.01,0.5372766,1,0
2024-10-08 12:00:00+00:00,62550.02,0.5292985,1,0
2024-10-08 12:15:00+00:00,62588.0,0.5417521,1,0
2024-10-08 12:30:00+00:00,62460.0,0.52482826,1,1
2024-10-08 12:45:00+00:00,62440.0,0.5624833,1,1
2024-10-08 13:00:00+00:00,62399.46,0.6010789,1,1
2024-10-08 13:15:00+00:00,62610.0,0.56940484,1,0
2024-10-08 13:30:00+00:00,62842.01,0.4293233,0,0
2024-10-08 13:45:00+00:00,63035.27,0.41277993,0,0
2024-10-08 14:00:00+00:00,62656.0,0.41836923,0,0
2024-10-08 14:15:00+00:00,62368.01,0.50396234,1,0
2024-10-08 14:30:00+00:00,62486.0,0.50978166,1,0
2024-10-08 14:45:00+00:00,62778.0,0.4872324,0,0
2024-10-08 15:00:00+00:00,62700.01,0.52303016,1,0
2024-10-08 15:15:00+00:00,62208.4,0.62187755,1,0
2024-10-08 15:30:00+00:00,62230.01,0.6355,1,1
2024-10-08 15:45:00+00:00,62288.01,0.6334007,1,0
2024-10-08 16:00:00+00:00,62247.2,0.6243726,1,1
2024-10-08 16:15:00+00:00,62356.3,0.6333079,1,0
2024-10-08 16:30:00+00:00,62511.99,0.61678475,1,0
2024-10-08 16:45:00+00:00,62570.0,0.6554935,1,0
2024-10-08 17:00:00+00:00,62426.87,0.61880213,1,0
2024-10-08 17:15:00+00:00,62286.0,0.6336603,1,1
2024-10-08 17:30:00+00:00,62220.01,0.604141,1,1
2024-10-08 17:45:00+00:00,62393.94,0.60784405,1,1
2024-10-08 18:00:00+00:00,62419.99,0.61313134,1,0
2024-10-08 18:15:00+00:00,62196.01,0.5767256,1,1
2024-10-08 18:30:00+00:00,62090.0,0.58324754,1,1
2024-10-08 18:45:00+00:00,62110.72,0.5797479,1,1
2024-10-08 19:00:00+00:00,61912.01,0.5667512,1,1
2024-10-08 19:15:00+00:00,62104.44,0.5812639,1,0
2024-10-08 19:30:00+00:00,62302.73,0.5530971,1,0
2024-10-08 19:45:00+00:00,62245.53,0.5797789,1,0
2024-10-08 20:00:00+00:00,62318.0,0.6025038,1,0
2024-10-08 20:15:00+00:00,62269.99,0.5811462,1,0
2024-10-08 20:30:00+00:00,62310.0,0.5660767,1,0
2024-10-08 20:45:00+00:00,62400.02,0.54971206,1,0
2024-10-08 21:00:00+00:00,62347.21,0.54144424,1,0
2024-10-08 21:15:00+00:00,62464.61,0.5218793,1,0
2024-10-08 21:30:00+00:00,62450.07,0.5721958,1,0
2024-10-08 21:45:00+00:00,62443.74,0.42940962,0,0
2024-10-08 22:00:00+00:00,62324.01,0.42936695,0,0
2024-10-08 22:15:00+00:00,62224.0,0.5051574,1,1
2024-10-08 22:30:00+00:00,62240.0,0.45681503,0,1
2024-10-08 22:45:00+00:00,62175.01,0.58267087,1,1
2024-10-08 23:00:00+00:00,62084.99,0.6114843,1,1
2024-10-08 23:15:00+00:00,62041.11,0.6168429,1,1
2024-10-08 23:30:00+00:00,62194.01,0.61372596,1,1
2024-10-08 23:45:00+00:00,62160.49,0.60786414,1,1
2024-10-09 00:00:00+00:00,62149.98,0.5687744,1,1
2024-10-09 00:15:00+00:00,62232.0,0.5159086,1,1
2024-10-09 00:30:00+00:00,62061.97,0.48487213,0,1
2024-10-09 00:45:00+00:00,62154.0,0.5377898,1,1
2024-10-09 01:00:00+00:00,62202.0,0.53797317,1,1
2024-10-09 01:15:00+00:00,62371.99,0.54543114,1,1
2024-10-09 01:30:00+00:00,62429.12,0.48136306,0,1
2024-10-09 01:45:00+00:00,62414.55,0.45725688,0,1
2024-10-09 02:00:00+00:00,62320.0,0.4608404,0,1
2024-10-09 02:15:00+00:00,62311.46,0.4643957,0,1
2024-10-09 02:30:00+00:00,62330.0,0.44522837,0,1
2024-10-09 02:45:00+00:00,62264.01,0.4296018,0,1
2024-10-09 03:00:00+00:00,62244.0,0.48062733,0,0
2024-10-09 03:15:00+00:00,62379.99,0.4371609,0,0
2024-10-09 03:30:00+00:00,62388.0,0.49549502,0,0
2024-10-09 03:45:00+00:00,62394.07,0.5118754,1,0
2024-10-09 04:00:00+00:00,62390.0,0.5400378,1,0
2024-10-09 04:15:00+00:00,62382.87,0.55956286,1,0
2024-10-09 04:30:00+00:00,62386.77,0.5782567,1,0
2024-10-09 04:45:00+00:00,62347.78,0.588057,1,0
2024-10-09 05:00:00+00:00,62395.12,0.6150986,1,0
2024-10-09 05:15:00+00:00,62423.62,0.5852651,1,0
2024-10-09 05:30:00+00:00,62504.5,0.5140202,1,0
2024-10-09 05:45:00+00:00,62524.09,0.51016337,1,0
2024-10-09 06:00:00+00:00,62530.41,0.5445719,1,0
2024-10-09 06:15:00+00:00,62508.77,0.48465475,0,0
2024-10-09 06:30:00+00:00,62424.91,0.53133726,1,0
2024-10-09 06:45:00+00:00,62430.0,0.5008687,1,0
2024-10-09 07:00:00+00:00,62220.01,0.5907536,1,0
2024-10-09 07:15:00+00:00,62254.0,0.5493876,1,0
2024-10-09 07:30:00+00:00,62284.01,0.52736384,1,0
2024-10-09 07:45:00+00:00,62276.78,0.548045,1,0
2024-10-09 08:00:00+00:00,62224.0,0.623082,1,0
2024-10-09 08:15:00+00:00,62128.87,0.61901075,1,0
2024-10-09 08:30:00+00:00,62126.01,0.62745476,1,0
2024-10-09 08:45:00+00:00,62149.99,0.6135707,1,0
2024-10-09 09:00:00+00:00,62130.86,0.5787159,1,0
2024-10-09 09:15:00+00:00,62142.0,0.6056762,1,0
2024-10-09 09:30:00+00:00,62218.03,0.6188979,1,0
2024-10-09 09:45:00+00:00,62264.02,0.6032667,1,0
2024-10-09 10:00:00+00:00,62224.88,0.62750447,1,0
2024-10-09 10:15:00+00:00,62111.66,0.6181174,1,0
2024-10-09 10:30:00+00:00,62106.72,0.6119421,1,0
2024-10-09 10:45:00+00:00,62150.0,0.5843387,1,0
2024-10-09 11:00:00+00:00,62169.99,0.5633521,1,0
2024-10-09 11:15:00+00:00,62155.36,0.6034875,1,1
2024-10-09 11:30:00+00:00,62168.76,0.5685964,1,1
2024-10-09 11:45:00+00:00,62200.0,0.49534798,0,1
2024-10-09 12:00:00+00:00,62123.99,0.52081597,1,0
2024-10-09 12:15:00+00:00,62111.47,0.5377851,1,0
2024-10-09 12:30:00+00:00,61878.0,0.5566048,1,0
2024-10-09 12:45:00+00:00,61980.0,0.57914424,1,0
2024-10-09 13:00:00+00:00,61966.85,0.57201654,1,0
2024-10-09 13:15:00+00:00,61957.99,0.5637543,1,0
2024-10-09 13:30:00+00:00,61899.9,0.49114126,0,0
2024-10-09 13:45:00+00:00,61800.99,0.51850003,1,0
2024-10-09 14:00:00+00:00,61896.02,0.53816754,1,0
2024-10-09 14:15:00+00:00,61950.0,0.52775335,1,0
2024-10-09 14:30:00+00:00,61805.99,0.5686662,1,0
2024-10-09 14:45:00+00:00,61872.99,0.5810369,1,0
2024-10-09 15:00:00+00:00,62150.01,0.5272295,1,0
2024-10-09 15:15:00+00:00,62311.52,0.4713021,0,0
2024-10-09 15:30:00+00:00,62284.0,0.50658303,1,0
2024-10-09 15:45:00+00:00,62316.0,0.5286462,1,0
2024-10-09 16:00:00+00:00,62078.0,0.4914391,0,0
2024-10-09 16:15:00+00:00,61822.0,0.55554336,1,0
2024-10-09 16:30:00+00:00,61833.99,0.53854924,1,0
2024-10-09 16:45:00+00:00,61814.01,0.5445351,1,0
2024-10-09 17:00:00+00:00,61882.0,0.5256505,1,0
2024-10-09 17:15:00+00:00,61740.01,0.52355313,1,0
2024-10-09 17:30:00+00:00,61838.01,0.5079109,1,0
2024-10-09 17:45:00+00:00,61748.0,0.5485262,1,0
2024-10-09 18:00:00+00:00,61456.0,0.5360974,1,0
2024-10-09 18:15:00+00:00,61434.02,0.57650375,1,0
2024-10-09 18:30:00+00:00,61334.88,0.5655004,1,0
2024-10-09 18:45:00+00:00,61196.01,0.57946134,1,0
2024-10-09 19:00:00+00:00,61010.0,0.5489453,1,0
2024-10-09 19:15:00+00:00,60950.0,0.6076003,1,0
2024-10-09 19:30:00+00:00,61107.49,0.57583296,1,0
2024-10-09 19:45:00+00:00,61031.98,0.62849754,1,0
2024-10-09 20:00:00+00:00,60998.0,0.6241736,1,0
2024-10-09 20:15:00+00:00,60964.89,0.6159776,1,0
2024-10-09 20:30:00+00:00,61122.06,0.59960175,1,0
2024-10-09 20:45:00+00:00,60420.01,0.54061216,1,1
2024-10-09 21:00:00+00:00,60624.3,0.44855767,0,0
2024-10-09 21:15:00+00:00,60800.0,0.42687285,0,0
2024-10-09 21:30:00+00:00,60837.92,0.42939863,0,0
2024-10-09 21:45:00+00:00,60902.01,0.38844055,0,0
2024-10-09 22:00:00+00:00,60840.0,0.4004083,0,0
2024-10-09 22:15:00+00:00,60701.87,0.40275067,0,1
2024-10-09 22:30:00+00:00,60724.0,0.53280544,1,1
2024-10-09 22:45:00+00:00,60798.01,0.5624434,1,1
2024-10-09 23:00:00+00:00,60739.99,0.5521995,1,1
2024-10-09 23:15:00+00:00,60650.73,0.57206917,1,1
2024-10-09 23:30:00+00:00,60711.99,0.58739215,1,1
2024-10-09 23:45:00+00:00,60636.02,0.5609933,1,1
2024-10-10 00:00:00+00:00,60607.53,0.5869991,1,1
2024-10-10 00:15:00+00:00,60496.01,0.5456974,1,1
2024-10-10 00:30:00+00:00,60473.99,0.5773841,1,1
2024-10-10 00:45:00+00:00,60437.61,0.6100823,1,1
2024-10-10 01:00:00+00:00,60588.88,0.6083596,1,1
2024-10-10 01:15:00+00:00,60618.02,0.61628574,1,1
2024-10-10 01:30:00+00:00,60800.0,0.56288654,1,1
2024-10-10 01:45:00+00:00,60803.02,0.5418717,1,1
2024-10-10 02:00:00+00:00,60735.37,0.55788743,1,1
2024-10-10 02:15:00+00:00,60868.01,0.5189374,1,1
2024-10-10 02:30:00+00:00,60905.75,0.47568318,0,1
2024-10-10 02:45:00+00:00,60882.08,0.4482618,0,1
2024-10-10 03:00:00+00:00,60909.99,0.44853014,0,1
2024-10-10 03:15:00+00:00,60932.04,0.5008912,1,1
2024-10-10 03:30:00+00:00,60913.0,0.49257886,0,1
2024-10-10 03:45:00+00:00,60865.29,0.5395991,1,1
2024-10-10 04:00:00+00:00,60833.49,0.55691737,1,1
2024-10-10 04:15:00+00:00,60931.27,0.54214066,1,1
2024-10-10 04:30:00+00:00,60916.16,0.6074021,1,1
2024-10-10 04:45:00+00:00,60865.9,0.5730042,1,0
2024-10-10 05:00:00+00:00,60872.0,0.59936565,1,0
2024-10-10 05:15:00+00:00,60886.0,0.61702776,1,0
2024-10-10 05:30:00+00:00,60925.63,0.50792474,1,0
2024-10-10 05:45:00+00:00,60941.48,0.46727216,0,0
2024-10-10 06:00:00+00:00,60998.2,0.47524217,0,0
2024-10-10 06:15:00+00:00,61060.0,0.4581032,0,1
2024-10-10 06:30:00+00:00,61064.86,0.4054697,0,1
2024-10-10 06:45:00+00:00,61143.85,0.40143615,0,0
2024-10-10 07:00:00+00:00,61137.02,0.43597803,0,0
2024-10-10 07:15:00+00:00,61020.01,0.5028316,1,1
2024-10-10 07:30:00+00:00,60950.16,0.42677256,0,1
2024-10-10 07:45:00+00:00,60900.0,0.50058043,1,1
2024-10-10 08:00:00+00:00,60892.07,0.5504886,1,1
2024-10-10 08:15:00+00:00,61063.87,0.47584668,0,1
2024-10-10 08:30:00+00:00,60932.01,0.49373564,0,1
2024-10-10 08:45:00+00:00,60815.7,0.5911359,1,1
2024-10-10 09:00:00+00:00,60802.88,0.60553277,1,1
2024-10-10 09:15:00+00:00,60663.98,0.6153155,1,1
2024-10-10 09:30:00+00:00,60920.0,0.56598127,1,0
2024-10-10 09:45:00+00:00,60935.15,0.5724541,1,1
2024-10-10 10:00:00+00:00,60977.99,0.5613479,1,0
2024-10-10 10:15:00+00:00,61100.0,0.5387158,1,0
2024-10-10 10:30:00+00:00,61113.6,0.53761405,1,0
2024-10-10 10:45:00+00:00,61075.56,0.5022553,1,0
2024-10-10 11:00:00+00:00,61132.41,0.44158664,0,0
2024-10-10 11:15:00+00:00,61194.03,0.44204703,0,0
2024-10-10 11:30:00+00:00,61279.0,0.4584605,0,0
2024-10-10 11:45:00+00:00,61262.0,0.44313166,0,0
2024-10-10 12:00:00+00:00,61300.0,0.46988952,0,0
2024-10-10 12:15:00+00:00,61272.99,0.4759024,0,0
2024-10-10 12:30:00+00:00,60959.99,0.49433035,0,0
2024-10-10 12:45:00+00:00,60962.0,0.50246835,1,0
2024-10-10 13:00:00+00:00,61024.0,0.5484523,1,0
2024-10-10 13:15:00+00:00,61147.18,0.50602424,1,0
2024-10-10 13:30:00+00:00,60880.01,0.5572355,1,0
2024-10-10 13:45:00+00:00,60940.01,0.5896228,1,0
2024-10-10 14:00:00+00:00,60900.01,0.5942171,1,0
2024-10-10 14:15:00+00:00,60751.28,0.5680369,1,0
2024-10-10 14:30:00+00:00,60576.0,0.5890783,1,0
2024-10-10 14:45:00+00:00,60593.95,0.61635053,1,0
2024-10-10 15:00:00+00:00,60748.0,0.58412164,1,0
2024-10-10 15:15:00+00:00,60486.0,0.5824816,1,0
2024-10-10 15:30:00+00:00,60639.99,0.5846411,1,0
2024-10-10 15:45:00+00:00,60789.36,0.5516207,1,0
2024-10-10 16:00:00+00:00,60748.26,0.54324883,1,0
2024-10-10 16:15:00+00:00,60557.95,0.52467895,1,0
2024-10-10 16:30:00+00:00,60515.16,0.4851914,0,0
2024-10-10 16:45:00+00:00,60298.12,0.5400241,1,0
2024-10-10 17:00:00+00:00,60199.92,0.54537344,1,0
2024-10-10 17:15:00+00:00,60252.53,0.52881306,1,0
2024-10-10 17:30:00+00:00,60211.98,0.5302868,1,0
2024-10-10 17:45:00+00:00,59611.01,0.5370872,1,1
2024-10-10 18:00:00+00:00,59170.0,0.49312207,0,1
2024-10-10 18:15:00+00:00,59081.1,0.52385926,1,1
2024-10-10 18:30:00+00:00,59242.0,0.4843565,0,1
2024-10-10 18:45:00+00:00,59502.01,0.52291244,1,1
2024-10-10 19:00:00+00:00,59420.26,0.4784197,0,1
2024-10-10 19:15:00+00:00,59540.61,0.4826325,0,1
2024-10-10 19:30:00+00:00,59686.01,0.4428758,0,1
2024-10-10 19:45:00+00:00,59727.28,0.4331509,0,1
2024-10-10 20:00:00+00:00,59971.99,0.47546974,0,1
2024-10-10 20:15:00+00:00,59677.99,0.41912317,0,1
2024-10-10 20:30:00+00:00,59733.37,0.39791483,0,1
2024-10-10 20:45:00+00:00,59799.83,0.38981992,0,1
2024-10-10 21:00:00+00:00,59722.0,0.4639406,0,1
2024-10-10 21:15:00+00:00,59920.79,0.42200804,0,1
2024-10-10 21:30:00+00:00,59865.5,0.4222922,0,1
2024-10-10 21:45:00+00:00,60198.77,0.41809985,0,1
2024-10-10 22:00:00+00:00,59967.68,0.44546953,0,1
2024-10-10 22:15:00+00:00,60121.93,0.46845704,0,1
2024-10-10 22:30:00+00:00,60240.0,0.4921739,0,1
2024-10-10 22:45:00+00:00,60148.01,0.5145249,1,1
2024-10-10 23:00:00+00:00,60266.0,0.47447973,0,1
2024-10-10 23:15:00+00:00,60268.01,0.49179614,0,1
2024-10-10 23:30:00+00:00,60250.0,0.42494762,0,1
2024-10-10 23:45:00+00:00,60326.39,0.38170484,0,1
2024-10-11 00:00:00+00:00,60340.02,0.46153292,0,1
2024-10-11 00:15:00+00:00,60211.18,0.31020135,0,1
2024-10-11 00:30:00+00:00,60291.36,0.32835832,0,1
2024-10-11 00:45:00+00:00,60194.01,0.42438465,0,1
2024-10-11 01:00:00+00:00,60142.01,0.32253954,0,1
2024-10-11 01:15:00+00:00,60148.0,0.48082823,0,1
2024-10-11 01:30:00+00:00,60172.95,0.4185791,0,1
2024-10-11 01:45:00+00:00,60578.55,0.32767913,0,1
2024-10-11 02:00:00+00:00,60396.72,0.38374615,0,1
2024-10-11 02:15:00+00:00,60459.2,0.3466772,0,1
2024-10-11 02:30:00+00:00,60494.0,0.39803684,0,1
2024-10-11 02:45:00+00:00,60553.31,0.3311601,0,1
2024-10-11 03:00:00+00:00,60657.72,0.35356697,0,1
2024-10-11 03:15:00+00:00,60681.81,0.3581869,0,1
2024-10-11 03:30:00+00:00,60629.03,0.35109934,0,1
2024-10-11 03:45:00+00:00,60614.0,0.3660671,0,1
2024-10-11 04:00:00+00:00,60671.75,0.3630867,0,1
2024-10-11 04:15:00+00:00,60612.07,0.40724814,0,1
2024-10-11 04:30:00+00:00,60617.17,0.53501874,1,1
2024-10-11 04:45:00+00:00,60699.99,0.5462713,1,0
2024-10-11 05:00:00+00:00,60672.08,0.46561426,0,1
2024-10-11 05:15:00+00:00,60614.94,0.51750594,1,1
2024-10-11 05:30:00+00:00,60638.01,0.50927025,1,1
2024-10-11 05:45:00+00:00,60600.0,0.47436404,0,1
2024-10-11 06:00:00+00:00,60616.02,0.56028616,1,1
2024-10-11 06:15:00+00:00,60740.01,0.53183216,1,1
2024-10-11 06:30:00+00:00,60872.37,0.54715216,1,1
2024-10-11 06:45:00+00:00,60800.0,0.5561433,1,1
2024-10-11 07:00:00+00:00,60860.0,0.528595,1,1
2024-10-11 07:15:00+00:00,60803.77,0.5251923,1,1
2024-10-11 07:30:00+00:00,60738.07,0.5722368,1,1
2024-10-11 07:45:00+00:00,60674.69,0.55565906,1,1
2024-10-11 08:00:00+00:00,60708.03,0.6295638,1,1
2024-10-11 08:15:00+00:00,60719.64,0.6107144,1,1
2024-10-11 08:30:00+00:00,60677.54,0.604612,1,1
2024-10-11 08:45:00+00:00,60669.39,0.60158324,1,1
2024-10-11 09:00:00+00:00,60910.52,0.5353677,1,1
2024-10-11 09:15:00+00:00,60834.4,0.5400198,1,1
2024-10-11 09:30:00+00:00,60860.91,0.52477366,1,1
2024-10-11 09:45:00+00:00,61086.0,0.52369505,1,1
2024-10-11 10:00:00+00:00,61096.22,0.5128434,1,1
2024-10-11 10:15:00+00:00,61019.98,0.4634333,0,1
2024-10-11 10:30:00+00:00,61030.31,0.47130337,0,1
2024-10-11 10:45:00+00:00,61160.0,0.46159437,0,1
2024-10-11 11:00:00+00:00,61085.86,0.4760783,0,1
2024-10-11 11:15:00+00:00,61092.81,0.46035928,0,1
2024-10-11 11:30:00+00:00,61170.93,0.4560667,0,1
2024-10-11 11:45:00+00:00,61174.87,0.5029927,1,1
2024-10-11 12:00:00+00:00,61211.65,0.4680839,0,1
2024-10-11 12:15:00+00:00,61272.76,0.49559233,0,1
2024-10-11 12:30:00+00:00,61200.07,0.55107445,1,1
2024-10-11 12:45:00+00:00,61379.0,0.49065104,0,1
2024-10-11 13:00:00+00:00,61302.0,0.4771045,0,1
2024-10-11 13:15:00+00:00,61419.99,0.47471327,0,1
2024-10-11 13:30:00+00:00,61490.69,0.5404248,1,1
2024-10-11 13:45:00+00:00,61676.0,0.519692,1,1
2024-10-11 14:00:00+00:00,61922.0,0.4722616,0,1
2024-10-11 14:15:00+00:00,61779.89,0.47942597,0,1
2024-10-11 14:30:00+00:00,61764.0,0.48541117,0,1
2024-10-11 14:45:00+00:00,61753.65,0.4660027,0,1
2024-10-11 15:00:00+00:00,62217.41,0.47355682,0,1
2024-10-11 15:15:00+00:00,62164.56,0.49232087,0,1
2024-10-11 15:30:00+00:00,62034.01,0.52807474,1,1
2024-10-11 15:45:00+00:00,62259.05,0.4813674,0,1
2024-10-11 16:00:00+00:00,62212.2,0.45927387,0,1
2024-10-11 16:15:00+00:00,62287.67,0.48730293,0,1
2024-10-11 16:30:00+00:00,62415.49,0.49035725,0,1
2024-10-11 16:45:00+00:00,62272.0,0.5214499,1,1
2024-10-11 17:00:00+00:00,62197.56,0.5409747,1,1
2024-10-11 17:15:00+00:00,62374.99,0.55312526,1,1
2024-10-11 17:30:00+00:00,62736.01,0.54073745,1,1
2024-10-11 17:45:00+00:00,62918.0,0.5337251,1,0
2024-10-11 18:00:00+00:00,62781.84,0.5462331,1,0
2024-10-11 18:15:00+00:00,62741.52,0.5960666,1,0
2024-10-11 18:30:00+00:00,62882.63,0.5894519,1,0
2024-10-11 18:45:00+00:00,62922.08,0.5797463,1,0
2024-10-11 19:00:00+00:00,63247.99,0.52354366,1,0
2024-10-11 19:15:00+00:00,63037.99,0.5347854,1,0
2024-10-11 19:30:00+00:00,62969.7,0.5863812,1,0
2024-10-11 19:45:00+00:00,63086.01,0.59032226,1,0
2024-10-11 20:00:00+00:00,62924.52,0.60102767,1,0
2024-10-11 20:15:00+00:00,62999.97,0.5954,1,0
2024-10-11 20:30:00+00:00,63008.36,0.6182196,1,0
2024-10-11 20:45:00+00:00,62993.68,0.52221406,1,0
2024-10-11 21:00:00+00:00,63046.0,0.48062414,0,0
2024-10-11 21:15:00+00:00,63023.61,0.44891563,0,0
2024-10-11 21:30:00+00:00,62977.3,0.4196066,0,0
2024-10-11 21:45:00+00:00,62848.48,0.4786307,0,0
2024-10-11 22:00:00+00:00,62762.49,0.5211246,1,0
2024-10-11 22:15:00+00:00,62472.63,0.53777546,1,1
2024-10-11 22:30:00+00:00,62415.0,0.5884642,1,1
2024-10-11 22:45:00+00:00,62450.27,0.58963627,1,1
2024-10-11 23:00:00+00:00,62648.01,0.56534445,1,0
2024-10-11 23:15:00+00:00,62513.83,0.5747323,1,1
2024-10-11 23:30:00+00:00,62472.91,0.54198974,1,1
2024-10-11 23:45:00+00:00,62540.0,0.55048656,1,1
2024-10-12 00:00:00+00:00,62741.99,0.5616435,1,0
2024-10-12 00:15:00+00:00,62729.11,0.5554925,1,0
2024-10-12 00:30:00+00:00,62760.0,0.5613076,1,0
2024-10-12 00:45:00+00:00,62840.0,0.55110526,1,0
2024-10-12 01:00:00+00:00,62815.99,0.53048307,1,0
2024-10-12 01:15:00+00:00,62840.57,0.5368165,1,0
2024-10-12 01:30:00+00:00,62787.61,0.5092966,1,0
2024-10-12 01:45:00+00:00,62733.67,0.4537052,0,1
2024-10-12 02:00:00+00:00,62688.91,0.49186945,0,1
2024-10-12 02:15:00+00:00,62674.99,0.4724984,0,1
2024-10-12 02:30:00+00:00,62639.42,0.50810266,1,1
2024-10-12 02:45:00+00:00,62554.97,0.5095906,1,1
2024-10-12 03:00:00+00:00,62611.69,0.47532597,0,1
2024-10-12 03:15:00+00:00,62515.99,0.5283212,1,1
2024-10-12 03:30:00+00:00,62501.14,0.60434407,1,1
2024-10-12 03:45:00+00:00,62568.0,0.5886546,1,1
2024-10-12 04:00:00+00:00,62636.36,0.6107201,1,1
2024-10-12 04:15:00+00:00,62652.0,0.6412722,1,1
2024-10-12 04:30:00+00:00,62598.0,0.65254647,1,1
2024-10-12 04:45:00+00:00,62583.58,0.6337004,1,1
2024-10-12 05:00:00+00:00,62630.0,0.5367273,1,1
2024-10-12 05:15:00+00:00,62643.41,0.540527,1,1
2024-10-12 05:30:00+00:00,62688.01,0.5102735,1,1
2024-10-12 05:45:00+00:00,62778.01,0.4967392,0,1
2024-10-12 06:00:00+00:00,62714.99,0.5808862,1,1
2024-10-12 06:15:00+00:00,62689.34,0.39235494,0,1
2024-10-12 06:30:00+00:00,62710.38,0.44010228,0,1
2024-10-12 06:45:00+00:00,62679.91,0.4548348,0,1
2024-10-12 07:00:00+00:00,62679.91,0.46206525,0,1
2024-10-12 07:15:00+00:00,62723.29,0.4421864,0,1
2024-10-12 07:30:00+00:00,62754.83,0.47229126,0,1
2024-10-12 07:45:00+00:00,62767.57,0.52511305,1,1
2024-10-12 08:00:00+00:00,62752.0,0.577226,1,1
2024-10-12 08:15:00+00:00,62783.06,0.46887434,0,1
2024-10-12 08:30:00+00:00,62759.99,0.49624085,0,1
2024-10-12 08:45:00+00:00,62725.58,0.49565634,0,1
2024-10-12 09:00:00+00:00,62686.0,0.60437363,1,1
2024-10-12 09:15:00+00:00,62735.97,0.66786534,1,1
2024-10-12 09:30:00+00:00,62747.15,0.63694775,1,1
2024-10-12 09:45:00+00:00,62843.32,0.5552663,1,1
2024-10-12 10:00:00+00:00,62957.99,0.41808826,0,1
2024-10-12 10:15:00+00:00,62950.01,0.39175028,0,1
2024-10-12 10:30:00+00:00,62994.97,0.3524839,0,1
2024-10-12 10:45:00+00:00,63043.73,0.32610568,0,1
2024-10-12 11:00:00+00:00,63110.0,0.36065874,0,1
2024-10-12 11:15:00+00:00,63142.85,0.33847862,0,1
2024-10-12 11:30:00+00:00,62960.81,0.48322242,0,1
2024-10-12 11:45:00+00:00,62936.91,0.46516982,0,1
2024-10-12 12:00:00+00:00,62954.33,0.5076356,1,1
2024-10-12 12:15:00+00:00,62903.99,0.502828,1,1
2024-10-12 12:30:00+00:00,62889.69,0.50223047,1,1
2024-10-12 12:45:00+00:00,63056.26,0.49897796,0,1
2024-10-12 13:00:00+00:00,63098.0,0.51274514,1,1
2024-10-12 13:15:00+00:00,63037.99,0.4849551,0,1
2024-10-12 13:30:00+00:00,63034.61,0.49624178,0,1
2024-10-12 13:45:00+00:00,63072.12,0.49024582,0,1
2024-10-12 14:00:00+00:00,63184.69,0.4245724,0,0
2024-10-12 14:15:00+00:00,63149.99,0.4497045,0,0
2024-10-12 14:30:00+00:00,63244.75,0.42258176,0,0
2024-10-12 14:45:00+00:00,63234.99,0.45472187,0,0
2024-10-12 15:00:00+00:00,63433.43,0.3624506,0,0
2024-10-12 15:15:00+00:00,63321.43,0.38811368,0,0
2024-10-12 15:30:00+00:00,63057.01,0.4407106,0,0
2024-10-12 15:45:00+00:00,63157.49,0.4240209,0,0
2024-10-12 16:00:00+00:00,63339.42,0.42352965,0,0
2024-10-12 16:15:00+00:00,63179.99,0.43994117,0,0
2024-10-12 16:30:00+00:00,63139.91,0.4768847,0,0
2024-10-12 16:45:00+00:00,63064.06,0.45561028,0,0
2024-10-12 17:00:00+00:00,63167.54,0.46896607,0,0
2024-10-12 17:15:00+00:00,63249.99,0.45000374,0,0
2024-10-12 17:30:00+00:00,63149.52,0.49741632,0,0
2024-10-12 17:45:00+00:00,63103.47,0.49644825,0,1
2024-10-12 18:00:00+00:00,63092.8,0.48611125,0,1
2024-10-12 18:15:00+00:00,63026.91,0.51966405,1,1
2024-10-12 18:30:00+00:00,62984.57,0.52102834,1,1
2024-10-12 18:45:00+00:00,62936.01,0.5412529,1,1
2024-10-12 19:00:00+00:00,63006.5,0.5496283,1,1
2024-10-12 19:15:00+00:00,63048.19,0.5623231,1,1
2024-10-12 19:30:00+00:00,63016.0,0.60563445,1,1
2024-10-12 19:45:00+00:00,63000.01,0.57469004,1,1
2024-10-12 20:00:00+00:00,63084.0,0.568795,1,1
2024-10-12 20:15:00+00:00,63088.07,0.56483793,1,1
2024-10-12 20:30:00+00:00,63045.99,0.55242735,1,1
2024-10-12 20:45:00+00:00,63043.29,0.5653983,1,1
2024-10-12 21:00:00+00:00,63153.55,0.64476895,1,0
2024-10-12 21:15:00+00:00,63189.58,0.5625908,1,0
2024-10-12 21:30:00+00:00,63139.91,0.5749878,1,0
2024-10-12 21:45:00+00:00,63221.16,0.41791373,0,0
2024-10-12 22:00:00+00:00,63219.22,0.45968863,0,0
2024-10-12 22:15:00+00:00,63254.8,0.38196325,0,0
2024-10-12 22:30:00+00:00,63233.59,0.38027352,0,0
2024-10-12 22:45:00+00:00,63296.63,0.3575344,0,0
2024-10-12 23:00:00+00:00,63331.7,0.28549513,0,0
2024-10-12 23:15:00+00:00,63232.24,0.38594583,0,0
2024-10-12 23:30:00+00:00,63211.82,0.4732966,0,0
2024-10-12 23:45:00+00:00,63206.22,0.45709434,0,0
2024-10-13 00:00:00+00:00,63207.55,0.41613692,0,0
2024-10-13 00:15:00+00:00,63232.13,0.42105606,0,0
2024-10-13 00:30:00+00:00,63270.01,0.42445055,0,0
2024-10-13 00:45:00+00:00,63190.23,0.48113787,0,0
2024-10-13 01:00:00+00:00,63027.05,0.5473316,1,0
2024-10-13 01:15:00+00:00,62948.14,0.5373899,1,1
2024-10-13 01:30:00+00:00,63034.0,0.53316045,1,0
2024-10-13 01:45:00+00:00,62879.26,0.5831172,1,0
2024-10-13 02:00:00+00:00,62736.15,0.5730452,1,1
2024-10-13 02:15:00+00:00,62787.99,0.61247724,1,1
2024-10-13 02:30:00+00:00,62840.43,0.59349895,1,1
2024-10-13 02:45:00+00:00,62867.2,0.62698275,1,1
2024-10-13 03:00:00+00:00,62819.72,0.60102123,1,0
2024-10-13 03:15:00+00:00,62782.86,0.5904188,1,0
2024-10-13 03:30:00+00:00,62701.71,0.6207626,1,1
2024-10-13 03:45:00+00:00,62712.31,0.62961334,1,1
2024-10-13 04:00:00+00:00,62762.01,0.6434447,1,1
2024-10-13 04:15:00+00:00,62849.99,0.60767883,1,1
2024-10-13 04:30:00+00:00,62822.01,0.61926025,1,1
2024-10-13 04:45:00+00:00,62814.0,0.60242707,1,0
2024-10-13 05:00:00+00:00,62889.73,0.6192879,1,0
2024-10-13 05:15:00+00:00,62963.3,0.4942869,0,0
2024-10-13 05:30:00+00:00,62894.03,0.5288046,1,0
2024-10-13 05:45:00+00:00,62853.92,0.47525865,0,0
2024-10-13 06:00:00+00:00,62958.0,0.3411516,0,0
2024-10-13 06:15:00+00:00,62869.81,0.4315757,0,0
2024-10-13 06:30:00+00:00,62910.88,0.44329762,0,0
2024-10-13 06:45:00+00:00,62867.29,0.45819134,0,0
2024-10-13 07:00:00+00:00,62783.56,0.4353829,0,0
2024-10-13 07:15:00+00:00,62771.99,0.36986083,0,0
2024-10-13 07:30:00+00:00,62766.63,0.4664327,0,0
2024-10-13 07:45:00+00:00,62843.48,0.49330965,0,0
2024-10-13 08:00:00+00:00,62899.99,0.44511136,0,0
2024-10-13 08:15:00+00:00,62904.43,0.39124036,0,0
2024-10-13 08:30:00+00:00,62852.87,0.46044317,0,0
2024-10-13 08:45:00+00:00,62809.99,0.43124118,0,0
2024-10-13 09:00:00+00:00,62796.85,0.46317434,0,0
2024-10-13 09:15:00+00:00,62800.03,0.44858366,0,0
2024-10-13 09:30:00+00:00,62828.64,0.45469958,0,0
2024-10-13 09:45:00+00:00,62830.0,0.44505322,0,0
2024-10-13 10:00:00+00:00,62760.02,0.5224819,1,0
2024-10-13 10:15:00+00:00,62811.51,0.5183715,1,0
2024-10-13 10:30:00+00:00,62754.0,0.5378574,1,0
2024-10-13 10:45:00+00:00,62700.99,0.56838185,1,0
2024-10-13 11:00:00+00:00,62678.0,0.4655813,0,0
2024-10-13 11:15:00+00:00,62614.98,0.5222765,1,0
2024-10-13 11:30:00+00:00,62530.0,0.50976616,1,0
2024-10-13 11:45:00+00:00,62561.33,0.5235719,1,0
2024-10-13 12:00:00+00:00,62650.32,0.53380626,1,0
2024-10-13 12:15:00+00:00,62712.29,0.44238952,0,0
2024-10-13 12:30:00+00:00,62705.99,0.4092621,0,0
2024-10-13 12:45:00+00:00,62664.01,0.41061917,0,0
2024-10-13 13:00:00+00:00,62716.04,0.48973534,0,1
2024-10-13 13:15:00+00:00,62765.55,0.5265626,1,0
2024-10-13 13:30:00+00:00,62700.45,0.56091845,1,0
2024-10-13 13:45:00+00:00,62660.0,0.5990889,1,0
2024-10-13 14:00:00+00:00,62556.01,0.6112026,1,0
2024-10-13 14:15:00+00:00,62649.99,0.58108366,1,0
2024-10-13 14:30:00+00:00,62498.0,0.6075893,1,0
2024-10-13 14:45:00+00:00,62249.6,0.551493,1,1
2024-10-13 15:00:00+00:00,62265.01,0.5864835,1,1
2024-10-13 15:15:00+00:00,62055.0,0.552889,1,1
2024-10-13 15:30:00+00:00,62111.99,0.601963,1,1
2024-10-13 15:45:00+00:00,62229.31,0.57898587,1,1
2024-10-13 16:00:00+00:00,62278.0,0.5688673,1,1
2024-10-13 16:15:00+00:00,62459.16,0.55487853,1,1
2024-10-13 16:30:00+00:00,62626.96,0.5533514,1,0
2024-10-13 16:45:00+00:00,62629.1,0.5681898,1,1
2024-10-13 17:00:00+00:00,62811.37,0.5290058,1,0
2024-10-13 17:15:00+00:00,62741.6,0.52382475,1,1
2024-10-13 17:30:00+00:00,62448.0,0.5413301,1,1
2024-10-13 17:45:00+00:00,62515.59,0.5422598,1,1
2024-10-13 18:00:00+00:00,62347.21,0.57480425,1,1
2024-10-13 18:15:00+00:00,62547.96,0.473273,0,1
2024-10-13 18:30:00+00:00,62369.47,0.49338135,0,1
2024-10-13 18:45:00+00:00,62414.0,0.47084525,0,1
2024-10-13 19:00:00+00:00,62505.99,0.4947747,0,1
2024-10-13 19:15:00+00:00,62578.32,0.49469975,0,1
2024-10-13 19:30:00+00:00,62666.46,0.5095706,1,1
2024-10-13 19:45:00+00:00,62734.32,0.49139926,0,1
2024-10-13 20:00:00+00:00,62642.0,0.55247384,1,1
2024-10-13 20:15:00+00:00,62637.99,0.5371725,1,1
2024-10-13 20:30:00+00:00,62624.0,0.5193163,1,0
2024-10-13 20:45:00+00:00,62762.91,0.5251438,1,0
2024-10-13 21:00:00+00:00,62679.9,0.46777964,0,0
2024-10-13 21:15:00+00:00,62870.0,0.44058186,0,0
2024-10-13 21:30:00+00:00,62882.0,0.43972632,0,0
2024-10-13 21:45:00+00:00,62895.11,0.4473244,0,0
2024-10-13 22:00:00+00:00,63000.0,0.3929893,0,0
2024-10-13 22:15:00+00:00,62793.99,0.48754016,0,0
2024-10-13 22:30:00+00:00,62835.99,0.47830132,0,0
2024-10-13 22:45:00+00:00,62837.99,0.48221865,0,0
2024-10-13 23:00:00+00:00,62693.47,0.4995533,0,1
2024-10-13 23:15:00+00:00,62692.01,0.5157298,1,1
2024-10-13 23:30:00+00:00,62797.22,0.48442256,0,1
2024-10-13 23:45:00+00:00,62870.02,0.46704903,0,1
2024-10-14 00:00:00+00:00,62697.11,0.49354577,0,1
2024-10-14 00:15:00+00:00,62703.05,0.5427265,1,1
2024-10-14 00:30:00+00:00,62620.0,0.5625134,1,1
2024-10-14 00:45:00+00:00,62520.18,0.56688356,1,1
2024-10-14 01:00:00+00:00,62676.61,0.57832915,1,1
2024-10-14 01:15:00+00:00,62787.87,0.5383549,1,1
2024-10-14 01:30:00+00:00,62660.0,0.5776989,1,1
2024-10-14 01:45:00+00:00,62631.83,0.56853646,1,1
2024-10-14 02:00:00+00:00,62587.68,0.5428058,1,1
2024-10-14 02:15:00+00:00,62540.01,0.55859816,1,1
2024-10-14 02:30:00+00:00,62606.0,0.56717694,1,1
2024-10-14 02:45:00+00:00,62614.0,0.55657685,1,1
2024-10-14 03:00:00+00:00,62745.76,0.5741653,1,1
2024-10-14 03:15:00+00:00,63330.0,0.57360923,1,1
2024-10-14 03:30:00+00:00,64017.89,0.60570574,1,1
2024-10-14 03:45:00+00:00,64299.99,0.4458691,0,1
2024-10-14 04:00:00+00:00,64218.04,0.4248243,0,1
2024-10-14 04:15:00+00:00,64184.89,0.36787108,0,1
2024-10-14 04:30:00+00:00,64290.0,0.3891219,0,1
2024-10-14 04:45:00+00:00,64137.99,0.3979874,0,1
2024-10-14 05:00:00+00:00,63958.8,0.5066404,1,1
2024-10-14 05:15:00+00:00,63924.01,0.5078748,1,1
2024-10-14 05:30:00+00:00,63949.41,0.6094296,1,1
2024-10-14 05:45:00+00:00,63941.54,0.6401961,1,1
2024-10-14 06:00:00+00:00,63828.43,0.6294452,1,1
2024-10-14 06:15:00+00:00,64129.87,0.6336817,1,1
2024-10-14 06:30:00+00:00,64153.99,0.66123426,1,1
2024-10-14 06:45:00+00:00,64095.99,0.4851285,0,1
2024-10-14 07:00:00+00:00,64120.73,0.4102699,0,1
2024-10-14 07:15:00+00:00,64079.81,0.47732776,0,1
2024-10-14 07:30:00+00:00,64314.41,0.49002284,0,1
2024-10-14 07:45:00+00:00,64620.87,0.45228356,0,1
2024-10-14 08:00:00+00:00,64488.62,0.4761798,0,1
2024-10-14 08:15:00+00:00,64622.82,0.43689066,0,1
2024-10-14 08:30:00+00:00,64468.6,0.41437548,0,1
2024-10-14 08:45:00+00:00,64427.99,0.3500723,0,1
2024-10-14 09:00:00+00:00,64479.26,0.34805626,0,1
2024-10-14 09:15:00+00:00,64596.26,0.3460307,0,1
2024-10-14 09:30:00+00:00,64745.24,0.33031452,0,1
2024-10-14 09:45:00+00:00,64822.23,0.3455458,0,1
2024-10-14 10:00:00+00:00,64896.0,0.3180239,0,1
2024-10-14 10:15:00+00:00,64827.35,0.36316872,0,1
2024-10-14 10:30:00+00:00,64950.28,0.3564439,0,1
2024-10-14 10:45:00+00:00,64860.18,0.3428602,0,1
2024-10-14 11:00:00+00:00,64894.0,0.38331237,0,1
2024-10-14 11:15:00+00:00,64988.0,0.35162824,0,1
2024-10-14 11:30:00+00:00,64918.0,0.32934394,0,1
2024-10-14 11:45:00+00:00,64920.06,0.31230265,0,1
2024-10-14 12:00:00+00:00,64931.88,0.29723153,0,1
2024-10-14 12:15:00+00:00,64767.6,0.30712944,0,1
2024-10-14 12:30:00+00:00,64903.47,0.3553798,0,1
2024-10-14 12:45:00+00:00,64868.05,0.33213496,0,1
2024-10-14 13:00:00+00:00,64831.3,0.40293592,0,1
2024-10-14 13:15:00+00:00,64731.98,0.4521836,0,1
2024-10-14 13:30:00+00:00,64989.98,0.39866057,0,1
2024-10-14 13:45:00+00:00,65150.01,0.3954192,0,1
2024-10-14 14:00:00+00:00,65458.0,0.39011657,0,1
2024-10-14 14:15:00+00:00,66051.51,0.5121538,1,0
2024-10-14 14:30:00+00:00,66159.99,0.52440697,1,0
2024-10-14 14:45:00+00:00,65922.0,0.49637672,0,0
2024-10-14 15:00:00+00:00,65976.13,0.38147673,0,1
2024-10-14 15:15:00+00:00,66012.0,0.3551474,0,0
2024-10-14 15:30:00+00:00,65872.49,0.38861805,0,1
2024-10-14 15:45:00+00:00,65870.0,0.34325224,0,1
2024-10-14 16:00:00+00:00,65709.09,0.46651232,0,1
2024-10-14 16:15:00+00:00,65671.15,0.46851587,0,1
2024-10-14 16:30:00+00:00,65790.0,0.45033196,0,1
2024-10-14 16:45:00+00:00,65703.99,0.44309384,0,1
2024-10-14 17:00:00+00:00,65667.99,0.4624117,0,1
2024-10-14 17:15:00+00:00,65569.33,0.45881078,0,1
2024-10-14 17:30:00+00:00,65796.01,0.41211227,0,1
2024-10-14 17:45:00+00:00,65640.01,0.4614515,0,1
2024-10-14 18:00:00+00:00,65813.62,0.47585478,0,1
2024-10-14 18:15:00+00:00,65867.15,0.46062097,0,1
2024-10-14 18:30:00+00:00,65958.0,0.44270602,0,1
2024-10-14 18:45:00+00:00,65769.59,0.47007287,0,1
2024-10-14 19:00:00+00:00,66005.0,0.44011667,0,1
2024-10-14 19:15:00+00:00,65870.82,0.44919273,0,1
2024-10-14 19:30:00+00:00,66049.98,0.3843998,0,1
2024-10-14 19:45:00+00:00,65939.4,0.4146358,0,1
2024-10-14 20:00:00+00:00,65986.13,0.4688555,0,0
2024-10-14 20:15:00+00:00,66021.99,0.4267473,0,1
2024-10-14 20:30:00+00:00,66015.98,0.43859205,0,0
2024-10-14 20:45:00+00:00,65925.97,0.42186952,0,1
2024-10-14 21:00:00+00:00,65963.98,0.5008241,1,1
2024-10-14 21:15:00+00:00,65811.99,0.514897,1,1
2024-10-14 21:30:00+00:00,65863.38,0.5018974,1,1
2024-10-14 21:45:00+00:00,65782.14,0.47776118,0,1
2024-10-14 22:00:00+00:00,65981.81,0.53465897,1,0
2024-10-14 22:15:00+00:00,66104.81,0.47480115,0,0
2024-10-14 22:30:00+00:00,66200.77,0.47243953,0,0
2024-10-14 22:45:00+00:00,66454.0,0.47018677,0,0
2024-10-14 23:00:00+00:00,66134.01,0.4907797,0,0
2024-10-14 23:15:00+00:00,66153.39,0.4648616,0,0
2024-10-14 23:30:00+00:00,66056.95,0.4807542,0,0
2024-10-14 23:45:00+00:00,66083.99,0.46014565,0,0
2024-10-15 00:00:00+00:00,65965.07,0.45112014,0,0
2024-10-15 00:15:00+00:00,66330.0,0.4059639,0,0
2024-10-15 00:30:00+00:00,65909.73,0.4124587,0,0
2024-10-15 00:45:00+00:00,65929.99,0.42903912,0,0
2024-10-15 01:00:00+00:00,65970.62,0.42982075,0,0
2024-10-15 01:15:00+00:00,65883.38,0.43503812,0,0
2024-10-15 01:30:00+00:00,65898.0,0.46389973,0,0
2024-10-15 01:45:00+00:00,65866.48,0.48088142,0,0
2024-10-15 02:00:00+00:00,65781.99,0.48737404,0,0
2024-10-15 02:15:00+00:00,65819.6,0.55014473,1,0
2024-10-15 02:30:00+00:00,65743.51,0.43914834,0,0
2024-10-15 02:45:00+00:00,65759.99,0.44105858,0,0
2024-10-15 03:00:00+00:00,65682.99,0.44865248,0,1
2024-10-15 03:15:00+00:00,65640.0,0.477131,0,1
2024-10-15 03:30:00+00:00,65518.15,0.47878137,0,1
2024-10-15 03:45:00+00:00,65400.0,0.51644826,1,1
2024-10-15 04:00:00+00:00,65499.98,0.51691574,1,1
2024-10-15 04:15:00+00:00,65590.01,0.51988274,1,1
2024-10-15 04:30:00+00:00,65659.99,0.52611023,1,1
2024-10-15 04:45:00+00:00,65599.99,0.5208306,1,1
2024-10-15 05:00:00+00:00,65426.49,0.53466207,1,1
2024-10-15 05:15:00+00:00,65379.09,0.5122714,1,1
2024-10-15 05:30:00+00:00,65297.58,0.5165295,1,1
2024-10-15 05:45:00+00:00,65363.24,0.62229156,1,1
2024-10-15 06:00:00+00:00,65362.0,0.61751956,1,1
2024-10-15 06:15:00+00:00,65472.12,0.61248875,1,1
2024-10-15 06:30:00+00:00,65432.55,0.61549896,1,1
2024-10-15 06:45:00+00:00,65564.98,0.5830741,1,1
2024-10-15 07:00:00+00:00,65800.01,0.50846255,1,0
2024-10-15 07:15:00+00:00,65750.0,0.5546007,1,0
2024-10-15 07:30:00+00:00,65743.92,0.5859042,1,0
2024-10-15 07:45:00+00:00,65638.74,0.6030343,1,0
2024-10-15 08:00:00+00:00,65772.85,0.60867685,1,0
2024-10-15 08:15:00+00:00,65788.01,0.5643601,1,0
2024-10-15 08:30:00+00:00,65734.0,0.5468346,1,1
2024-10-15 08:45:00+00:00,65754.0,0.53445363,1,1
2024-10-15 09:00:00+00:00,65651.99,0.53706586,1,1
2024-10-15 09:15:00+00:00,65667.98,0.5578369,1,1
2024-10-15 09:30:00+00:00,65660.78,0.57862806,1,1
2024-10-15 09:45:00+00:00,65637.99,0.5510254,1,1
2024-10-15 10:00:00+00:00,65719.49,0.4719866,0,1
2024-10-15 10:15:00+00:00,65749.99,0.5677798,1,1
2024-10-15 10:30:00+00:00,65710.16,0.5598184,1,0
2024-10-15 10:45:00+00:00,65679.94,0.5506578,1,0
2024-10-15 11:00:00+00:00,65482.02,0.5572286,1,0
2024-10-15 11:15:00+00:00,65539.21,0.5955516,1,1
2024-10-15 11:30:00+00:00,65534.0,0.58620054,1,1
2024-10-15 11:45:00+00:00,65399.69,0.55410075,1,1
2024-10-15 12:00:00+00:00,65438.55,0.56491184,1,1
2024-10-15 12:15:00+00:00,65590.01,0.5478429,1,1
2024-10-15 12:30:00+00:00,65882.6,0.5099591,1,1
2024-10-15 12:45:00+00:00,65802.01,0.53916174,1,1
2024-10-15 13:00:00+00:00,65918.98,0.508974,1,1
2024-10-15 13:15:00+00:00,65852.71,0.50295186,1,1
2024-10-15 13:30:00+00:00,66439.99,0.5110229,1,1
2024-10-15 13:45:00+00:00,67658.0,0.5989514,1,0
2024-10-15 14:00:00+00:00,67356.11,0.55914444,1,0
2024-10-15 14:15:00+00:00,66800.02,0.60317963,1,1
2024-10-15 14:30:00+00:00,65590.62,0.5720537,1,1
2024-10-15 14:45:00+00:00,65376.0,0.5667322,1,1
2024-10-15 15:00:00+00:00,65407.99,0.6010754,1,1
2024-10-15 15:15:00+00:00,65850.0,0.6089405,1,1
2024-10-15 15:30:00+00:00,66151.51,0.6719299,1,1
2024-10-15 15:45:00+00:00,66022.0,0.61532587,1,1
2024-10-15 16:00:00+00:00,66432.69,0.61953044,1,1
2024-10-15 16:15:00+00:00,66619.45,0.6338486,1,1
2024-10-15 16:30:00+00:00,66945.61,0.6758075,1,0
2024-10-15 16:45:00+00:00,66868.2,0.58559453,1,0
2024-10-15 17:00:00+00:00,66845.98,0.63761264,1,0
2024-10-15 17:15:00+00:00,66620.0,0.5154562,1,0
2024-10-15 17:30:00+00:00,66950.96,0.5136067,1,0
2024-10-15 17:45:00+00:00,66808.01,0.38165444,0,0
2024-10-15 18:00:00+00:00,67108.89,0.337175,0,0
2024-10-15 18:15:00+00:00,67091.77,0.39396498,0,0
2024-10-15 18:30:00+00:00,67149.9,0.4576963,0,0
2024-10-15 18:45:00+00:00,66901.15,0.3804811,0,0
2024-10-15 19:00:00+00:00,66839.99,0.42382795,0,0
2024-10-15 19:15:00+00:00,66788.49,0.43269303,0,0
2024-10-15 19:30:00+00:00,66901.91,0.43300906,0,1
2024-10-15 19:45:00+00:00,66970.18,0.4589862,0,1
2024-10-15 20:00:00+00:00,66912.0,0.52399457,1,1
2024-10-15 20:15:00+00:00,66681.99,0.533432,1,1
2024-10-15 20:30:00+00:00,66649.99,0.4861321,0,1
2024-10-15 20:45:00+00:00,66469.41,0.4951266,0,1
2024-10-15 21:00:00+00:00,66410.8,0.49452162,0,1
2024-10-15 21:15:00+00:00,66409.68,0.5246274,1,1
2024-10-15 21:30:00+00:00,66239.47,0.53993976,1,1
2024-10-15 21:45:00+00:00,66432.0,0.57483727,1,1
2024-10-15 22:00:00+00:00,66550.0,0.52490073,1,1
2024-10-15 22:15:00+00:00,66828.0,0.5014992,1,1
2024-10-15 22:30:00+00:00,66786.45,0.48614687,0,1
2024-10-15 22:45:00+00:00,66747.58,0.4853904,0,1
2024-10-15 23:00:00+00:00,66691.71,0.45190316,0,1
2024-10-15 23:15:00+00:00,66783.85,0.43286943,0,1
2024-10-15 23:30:00+00:00,67025.0,0.46204576,0,1
2024-10-15 23:45:00+00:00,67074.14,0.38294473,0,1
2024-10-16 00:00:00+00:00,66940.0,0.38601828,0,1
2024-10-16 00:15:00+00:00,66803.36,0.37999746,0,1
2024-10-16 00:30:00+00:00,66921.0,0.35614294,0,1
2024-10-16 00:45:00+00:00,66874.04,0.35752922,0,1
2024-10-16 01:00:00+00:00,66909.99,0.35829175,0,1
2024-10-16 01:15:00+00:00,67482.63,0.4040557,0,0
2024-10-16 01:30:00+00:00,67226.37,0.40947637,0,1
2024-10-16 01:45:00+00:00,67375.99,0.42088708,0,0
2024-10-16 02:00:00+00:00,67480.0,0.39265928,0,0
2024-10-16 02:15:00+00:00,67318.01,0.3593887,0,0
2024-10-16 02:30:00+00:00,67325.66,0.3548429,0,0
2024-10-16 02:45:00+00:00,67280.01,0.35990968,0,0
2024-10-16 03:00:00+00:00,67186.53,0.37855703,0,0
2024-10-16 03:15:00+00:00,67147.5,0.39462483,0,0
2024-10-16 03:30:00+00:00,67131.31,0.39609787,0,0
2024-10-16 03:45:00+00:00,67095.98,0.34406808,0,0
2024-10-16 04:00:00+00:00,67212.51,0.34644005,0,0
2024-10-16 04:15:00+00:00,67041.99,0.3961991,0,1
2024-10-16 04:30:00+00:00,66974.4,0.3966163,0,1
2024-10-16 04:45:00+00:00,67000.0,0.4852473,0,1
2024-10-16 05:00:00+00:00,67003.99,0.46570614,0,1
2024-10-16 05:15:00+00:00,67185.99,0.42715138,0,1
2024-10-16 05:30:00+00:00,67298.66,0.46179333,0,1
2024-10-16 05:45:00+00:00,67218.74,0.4192189,0,1
2024-10-16 06:00:00+00:00,67281.03,0.43955624,0,1
2024-10-16 06:15:00+00:00,67015.8,0.45010844,0,1
2024-10-16 06:30:00+00:00,67132.92,0.4762107,0,1
2024-10-16 06:45:00+00:00,67050.0,0.45868903,0,1
2024-10-16 07:00:00+00:00,66803.99,0.49316207,0,1
2024-10-16 07:15:00+00:00,66888.67,0.5102028,1,1
2024-10-16 07:30:00+00:00,66876.0,0.49502128,0,1
2024-10-16 07:45:00+00:00,66972.53,0.5262326,1,1
2024-10-16 08:00:00+00:00,67032.82,0.5281046,1,1
2024-10-16 08:15:00+00:00,67165.23,0.5100585,1,1
2024-10-16 08:30:00+00:00,67214.4,0.50313616,1,1
2024-10-16 08:45:00+00:00,67129.82,0.5146384,1,1
2024-10-16 09:00:00+00:00,67198.63,0.5177525,1,1
2024-10-16 09:15:00+00:00,67265.46,0.4900419,0,1
2024-10-16 09:30:00+00:00,67398.5,0.45476082,0,0
2024-10-16 09:45:00+00:00,67420.01,0.43347052,0,0
2024-10-16 10:00:00+00:00,67625.45,0.48332316,0,1
2024-10-16 10:15:00+00:00,67660.0,0.4408292,0,1
2024-10-16 10:30:00+00:00,67564.0,0.43408072,0,0
2024-10-16 10:45:00+00:00,67733.54,0.4309836,0,0
2024-10-16 11:00:00+00:00,67794.0,0.44470033,0,0
2024-10-16 11:15:00+00:00,68118.11,0.50161827,1,0
2024-10-16 11:30:00+00:00,68254.01,0.5450371,1,0
2024-10-16 11:45:00+00:00,67894.72,0.45388052,0,0
2024-10-16 12:00:00+00:00,67936.0,0.46435457,0,0
2024-10-16 12:15:00+00:00,67999.99,0.39219394,0,0
2024-10-16 12:30:00+00:00,67894.69,0.44378063,0,0
2024-10-16 12:45:00+00:00,67832.0,0.39904457,0,0
2024-10-16 13:00:00+00:00,67777.36,0.38618618,0,1
2024-10-16 13:15:00+00:00,67851.44,0.39650017,0,0
2024-10-16 13:30:00+00:00,67233.96,0.5178363,1,1
2024-10-16 13:45:00+00:00,67386.0,0.48631945,0,1
2024-10-16 14:00:00+00:00,67892.01,0.4888449,0,1
2024-10-16 14:15:00+00:00,67748.0,0.44539505,0,1
2024-10-16 14:30:00+00:00,67483.93,0.46811375,0,1
2024-10-16 14:45:00+00:00,67671.91,0.46331567,0,1
2024-10-16 15:00:00+00:00,67717.2,0.45756915,0,1
2024-10-16 15:15:00+00:00,67968.0,0.4602842,0,0
2024-10-16 15:30:00+00:00,67876.0,0.5279605,1,0
2024-10-16 15:45:00+00:00,67749.99,0.5208445,1,0
2024-10-16 16:00:00+00:00,67694.5,0.4992106,0,1
2024-10-16 16:15:00+00:00,67680.34,0.47699416,0,1
2024-10-16 16:30:00+00:00,67573.99,0.5002416,1,1
2024-10-16 16:45:00+00:00,67823.88,0.45528737,0,0
2024-10-16 17:00:00+00:00,67795.98,0.43008286,0,0
2024-10-16 17:15:00+00:00,67846.0,0.4081594,0,0
2024-10-16 17:30:00+00:00,68022.01,0.40952817,0,0
2024-10-16 17:45:00+00:00,67942.0,0.39792162,0,0
2024-10-16 18:00:00+00:00,67910.0,0.3614286,0,0
2024-10-16 18:15:00+00:00,68009.44,0.369875,0,0
2024-10-16 18:30:00+00:00,67804.63,0.38020816,0,0
2024-10-16 18:45:00+00:00,67822.74,0.42817938,0,0
2024-10-16 19:00:00+00:00,67921.59,0.40738884,0,0
2024-10-16 19:15:00+00:00,67848.48,0.41845357,0,0
2024-10-16 19:30:00+00:00,67721.02,0.422917,0,0
2024-10-16 19:45:00+00:00,67728.0,0.42302442,0,0
2024-10-16 20:00:00+00:00,67868.29,0.3551536,0,0
2024-10-16 20:15:00+00:00,67856.0,0.43108013,0,0
2024-10-16 20:30:00+00:00,67892.67,0.42215183,0,1
2024-10-16 20:45:00+00:00,67630.01,0.46689576,0,1
2024-10-16 21:00:00+00:00,67612.29,0.6483945,1,1
2024-10-16 21:15:00+00:00,67610.0,0.6315156,1,1
2024-10-16 21:30:00+00:00,67540.99,0.63529575,1,1
2024-10-16 21:45:00+00:00,67566.9,0.6699129,1,1
2024-10-16 22:00:00+00:00,67686.97,0.51191306,1,0
2024-10-16 22:15:00+00:00,67679.99,0.5111624,1,0
2024-10-16 22:30:00+00:00,67798.01,0.49769443,0,0
2024-10-16 22:45:00+00:00,67790.01,0.526739,1,0
2024-10-16 23:00:00+00:00,67729.63,0.6996419,1,0
2024-10-16 23:15:00+00:00,67662.0,0.70288515,1,0
2024-10-16 23:30:00+00:00,67658.0,0.68503875,1,0
2024-10-16 23:45:00+00:00,67620.01,0.73337317,1,0
2024-10-17 00:00:00+00:00,67707.21,0.6851213,1,0
2024-10-17 00:15:00+00:00,67769.43,0.6180826,1,0
2024-10-17 00:30:00+00:00,67898.0,0.48819944,0,0
2024-10-17 00:45:00+00:00,67709.99,0.58721775,1,0
2024-10-17 01:00:00+00:00,67712.65,0.5771464,1,0
2024-10-17 01:15:00+00:00,67634.38,0.7034486,1,0
2024-10-17 01:30:00+00:00,67594.64,0.5847384,1,0
2024-10-17 01:45:00+00:00,67893.98,0.48766416,0,0
2024-10-17 02:00:00+00:00,67684.01,0.54468316,1,0
2024-10-17 02:15:00+00:00,67560.01,0.5618749,1,0
2024-10-17 02:30:00+00:00,67514.02,0.5878862,1,0
2024-10-17 02:45:00+00:00,67472.01,0.57873446,1,0
2024-10-17 03:00:00+00:00,67513.21,0.58381796,1,0
2024-10-17 03:15:00+00:00,67588.0,0.5517306,1,0
2024-10-17 03:30:00+00:00,67621.89,0.53628165,1,0
2024-10-17 03:45:00+00:00,67601.4,0.5298967,1,0
2024-10-17 04:00:00+00:00,67491.57,0.5693331,1,0
2024-10-17 04:15:00+00:00,67458.76,0.5652065,1,0
2024-10-17 04:30:00+00:00,67334.0,0.5368175,1,1
2024-10-17 04:45:00+00:00,67260.0,0.53698015,1,1
2024-10-17 05:00:00+00:00,67381.99,0.47992188,0,1
2024-10-17 05:15:00+00:00,67328.0,0.69627154,1,1
2024-10-17 05:30:00+00:00,67388.0,0.68226707,1,0
2024-10-17 05:45:00+00:00,67340.82,0.67271596,1,0
2024-10-17 06:00:00+00:00,67299.98,0.630837,1,0
2024-10-17 06:15:00+00:00,67418.84,0.6496869,1,0
2024-10-17 06:30:00+00:00,67471.99,0.6378372,1,0
2024-10-17 06:45:00+00:00,67162.87,0.49048805,0,1
2024-10-17 07:00:00+00:00,67188.02,0.5080181,1,0
2024-10-17 07:15:00+00:00,67201.99,0.5501155,1,0
2024-10-17 07:30:00+00:00,67208.39,0.54719746,1,0
2024-10-17 07:45:00+00:00,67303.18,0.486456,0,0
2024-10-17 08:00:00+00:00,67219.35,0.4573751,0,0
2024-10-17 08:15:00+00:00,67290.89,0.50142705,1,0
2024-10-17 08:30:00+00:00,67339.99,0.52311635,1,0
2024-10-17 08:45:00+00:00,67450.0,0.5010406,1,0
2024-10-17 09:00:00+00:00,67422.0,0.51092494,1,0
2024-10-17 09:15:00+00:00,67364.0,0.51645195,1,0
2024-10-17 09:30:00+00:00,67305.93,0.5366015,1,0
2024-10-17 09:45:00+00:00,67191.4,0.54123354,1,0
2024-10-17 10:00:00+00:00,67214.96,0.5562621,1,0
2024-10-17 10:15:00+00:00,67100.0,0.7100618,1,0
2024-10-17 10:30:00+00:00,67000.0,0.7432872,1,1
2024-10-17 10:45:00+00:00,67214.0,0.55511963,1,0
2024-10-17 11:00:00+00:00,67078.48,0.5513423,1,0
2024-10-17 11:15:00+00:00,66911.98,0.56682444,1,1
2024-10-17 11:30:00+00:00,66867.99,0.56317645,1,1
2024-10-17 11:45:00+00:00,66872.43,0.57585955,1,1
2024-10-17 12:00:00+00:00,66924.0,0.57397944,1,1
2024-10-17 12:15:00+00:00,67006.07,0.58828616,1,1
2024-10-17 12:30:00+00:00,67113.99,0.57082826,1,1
2024-10-17 12:45:00+00:00,67171.42,0.60854214,1,1
2024-10-17 13:00:00+00:00,67117.46,0.57343113,1,1
2024-10-17 13:15:00+00:00,67012.77,0.58791935,1,1
2024-10-17 13:30:00+00:00,67212.0,0.6193314,1,1
2024-10-17 13:45:00+00:00,67021.99,0.5732102,1,1
2024-10-17 14:00:00+00:00,67004.0,0.59363747,1,0
2024-10-17 14:15:00+00:00,66943.96,0.60790044,1,0
2024-10-17 14:30:00+00:00,67011.66,0.56610215,1,0
2024-10-17 14:45:00+00:00,67123.8,0.4700862,0,0
2024-10-17 15:00:00+00:00,67019.99,0.5227385,1,0
2024-10-17 15:15:00+00:00,67280.0,0.4834202,0,0
2024-10-17 15:30:00+00:00,67471.18,0.46559983,0,0
2024-10-17 15:45:00+00:00,67590.66,0.4858323,0,0
2024-10-17 16:00:00+00:00,67310.81,0.56202656,1,0
2024-10-17 16:15:00+00:00,67333.33,0.5859562,1,0
2024-10-17 16:30:00+00:00,67348.76,0.59074664,1,0
2024-10-17 16:45:00+00:00,67384.42,0.50099444,1,0
2024-10-17 17:00:00+00:00,67512.12,0.51164895,1,0
2024-10-17 17:15:00+00:00,67241.99,0.5113983,1,0
2024-10-17 17:30:00+00:00,67435.89,0.533214,1,0
2024-10-17 17:45:00+00:00,67290.0,0.4935549,0,0
2024-10-17 18:00:00+00:00,66860.01,0.47879624,0,1
2024-10-17 18:15:00+00:00,66920.01,0.52658355,1,1
2024-10-17 18:30:00+00:00,66989.99,0.58999205,1,1
2024-10-17 18:45:00+00:00,66938.01,0.59398323,1,1
2024-10-17 19:00:00+00:00,67002.23,0.70260274,1,1
2024-10-17 19:15:00+00:00,66925.07,0.7246274,1,1
2024-10-17 19:30:00+00:00,66888.58,0.70971435,1,1
2024-10-17 19:45:00+00:00,66840.0,0.71330124,1,1
2024-10-17 20:00:00+00:00,66978.66,0.64541817,1,1
2024-10-17 20:15:00+00:00,67119.36,0.6223721,1,1
2024-10-17 20:30:00+00:00,67018.86,0.6341177,1,1
2024-10-17 20:45:00+00:00,66940.0,0.6307114,1,1
2024-10-17 21:00:00+00:00,67026.5,0.6343515,1,1
2024-10-17 21:15:00+00:00,67106.01,0.61603016,1,1
2024-10-17 21:30:00+00:00,67014.01,0.58270246,1,1
2024-10-17 21:45:00+00:00,67084.0,0.56959015,1,1
2024-10-17 22:00:00+00:00,67333.99,0.506382,1,1
2024-10-17 22:15:00+00:00,67336.0,0.6740404,1,1
2024-10-17 22:30:00+00:00,67458.01,0.64816344,1,1
2024-10-17 22:45:00+00:00,67444.02,0.6690172,1,1
2024-10-17 23:00:00+00:00,67288.04,0.57308733,1,1
2024-10-17 23:15:00+00:00,67382.01,0.6420912,1,1
2024-10-17 23:30:00+00:00,67362.01,0.6649824,1,1
2024-10-17 23:45:00+00:00,67421.78,0.65181005,1,1
2024-10-18 00:00:00+00:00,67353.99,0.6559907,1,1
2024-10-18 00:15:00+00:00,67372.01,0.6486754,1,1
2024-10-18 00:30:00+00:00,67263.99,0.65966505,1,1
2024-10-18 00:45:00+00:00,67214.42,0.71544164,1,1
2024-10-18 01:00:00+00:00,67483.13,0.48318815,0,1
2024-10-18 01:15:00+00:00,67712.66,0.5311069,1,1
2024-10-18 01:30:00+00:00,67789.99,0.54578424,1,1
2024-10-18 01:45:00+00:00,68085.5,0.49790242,0,0
2024-10-18 02:00:00+00:00,67864.45,0.49076834,0,1
2024-10-18 02:15:00+00:00,67919.61,0.4733111,0,1
2024-10-18 02:30:00+00:00,67948.0,0.49075818,0,1
2024-10-18 02:45:00+00:00,68103.99,0.46686086,0,1
2024-10-18 03:00:00+00:00,67936.0,0.4371282,0,1
2024-10-18 03:15:00+00:00,67923.07,0.43558267,0,1
2024-10-18 03:30:00+00:00,67750.16,0.42725167,0,1
2024-10-18 03:45:00+00:00,67555.4,0.4618412,0,1
2024-10-18 04:00:00+00:00,67669.82,0.44415534,0,1
2024-10-18 04:15:00+00:00,67819.96,0.44441074,0,1
2024-10-18 04:30:00+00:00,67836.25,0.4407602,0,1
2024-10-18 04:45:00+00:00,67742.72,0.44554102,0,1
2024-10-18 05:00:00+00:00,67829.99,0.42253655,0,1
2024-10-18 05:15:00+00:00,67809.23,0.47641113,0,1
2024-10-18 05:30:00+00:00,67838.42,0.5004681,1,0
2024-10-18 05:45:00+00:00,68000.79,0.44371417,0,0
2024-10-18 06:00:00+00:00,68063.66,0.45146555,0,0
2024-10-18 06:15:00+00:00,68178.11,0.3449284,0,0
2024-10-18 06:30:00+00:00,68099.25,0.34716916,0,0
2024-10-18 06:45:00+00:00,68108.0,0.34996045,0,0
2024-10-18 07:00:00+00:00,67950.0,0.30861112,0,1
2024-10-18 07:15:00+00:00,68141.99,0.29655853,0,0
2024-10-18 07:30:00+00:00,67983.58,0.30120462,0,0
2024-10-18 07:45:00+00:00,67969.7,0.353581,0,0
2024-10-18 08:00:00+00:00,67858.0,0.37478748,0,0
2024-10-18 08:15:00+00:00,67912.7,0.3847018,0,0
2024-10-18 08:30:00+00:00,67897.49,0.3635254,0,0
2024-10-18 08:45:00+00:00,67922.45,0.37494767,0,0
2024-10-18 09:00:00+00:00,68011.48,0.38731867,0,0
2024-10-18 09:15:00+00:00,67919.98,0.41742468,0,0
2024-10-18 09:30:00+00:00,67810.01,0.41698322,0,1
2024-10-18 09:45:00+00:00,67802.0,0.5014592,1,1
2024-10-18 10:00:00+00:00,67816.0,0.49785784,0,1
2024-10-18 10:15:00+00:00,67922.0,0.454516,0,1
2024-10-18 10:30:00+00:00,67889.94,0.5196859,1,1
2024-10-18 10:45:00+00:00,67874.92,0.62059,1,1
2024-10-18 11:00:00+00:00,68019.99,0.603834,1,1
2024-10-18 11:15:00+00:00,67846.43,0.65816724,1,1
2024-10-18 11:30:00+00:00,67774.01,0.68019825,1,1
2024-10-18 11:45:00+00:00,67702.0,0.65425956,1,1
2024-10-18 12:00:00+00:00,67817.98,0.676367,1,1
2024-10-18 12:15:00+00:00,67716.3,0.68357897,1,1
2024-10-18 12:30:00+00:00,67734.01,0.69011265,1,1
2024-10-18 12:45:00+00:00,67662.0,0.7045331,1,1
2024-10-18 13:00:00+00:00,67830.0,0.68796647,1,1
2024-10-18 13:15:00+00:00,67834.2,0.7189235,1,1
2024-10-18 13:30:00+00:00,68181.09,0.38173556,0,1
2024-10-18 13:45:00+00:00,68196.0,0.33789647,0,1
2024-10-18 14:00:00+00:00,68070.0,0.33566418,0,1
2024-10-18 14:15:00+00:00,68229.28,0.32444602,0,1
2024-10-18 14:30:00+00:00,68483.5,0.4155341,0,1
2024-10-18 14:45:00+00:00,68426.98,0.41485307,0,1
2024-10-18 15:00:00+00:00,68400.0,0.3607335,0,1
2024-10-18 15:15:00+00:00,68659.22,0.37679875,0,1
2024-10-18 15:30:00+00:00,68814.63,0.529498,1,0
2024-10-18 15:45:00+00:00,68735.35,0.46739662,0,0
2024-10-18 16:00:00+00:00,68461.99,0.47601053,0,1
2024-10-18 16:15:00+00:00,68650.0,0.40879193,0,0
2024-10-18 16:30:00+00:00,68848.0,0.43803754,0,0
2024-10-18 16:45:00+00:00,68787.88,0.4987512,0,0
2024-10-18 17:00:00+00:00,68869.99,0.46036842,0,0
2024-10-18 17:15:00+00:00,68698.0,0.4650523,0,0
2024-10-18 17:30:00+00:00,68812.01,0.437004,0,0
2024-10-18 17:45:00+00:00,68710.14,0.44322953,0,0
2024-10-18 18:00:00+00:00,68671.96,0.5420671,1,0
2024-10-18 18:15:00+00:00,68853.99,0.45389983,0,0
2024-10-18 18:30:00+00:00,68949.03,0.4886803,0,0
2024-10-18 18:45:00+00:00,68892.42,0.5170614,1,0
2024-10-18 19:00:00+00:00,68858.38,0.51314455,1,0
2024-10-18 19:15:00+00:00,68761.65,0.45134422,0,0
2024-10-18 19:30:00+00:00,68660.0,0.47228014,0,0
2024-10-18 19:45:00+00:00,68608.01,0.503775,1,0
2024-10-18 20:00:00+00:00,68650.96,0.51042217,1,0
2024-10-18 20:15:00+00:00,68547.55,0.49921694,0,0
2024-10-18 20:30:00+00:00,68540.01,0.5344577,1,0
2024-10-18 20:45:00+00:00,68432.0,0.5123248,1,0
2024-10-18 21:00:00+00:00,68404.23,0.43946218,0,1
2024-10-18 21:15:00+00:00,68417.44,0.44659224,0,0
2024-10-18 21:30:00+00:00,68433.92,0.44413713,0,1
2024-10-18 21:45:00+00:00,68412.0,0.6324109,1,0
2024-10-18 22:00:00+00:00,68344.16,0.6437104,1,1
2024-10-18 22:15:00+00:00,68337.29,0.73860157,1,1
2024-10-18 22:30:00+00:00,68297.53,0.7500345,1,1
2024-10-18 22:45:00+00:00,68205.6,0.8044276,1,1
2024-10-18 23:00:00+00:00,68334.03,0.7818642,1,1
2024-10-18 23:15:00+00:00,68400.0,0.7502112,1,1
2024-10-18 23:30:00+00:00,68379.99,0.7550456,1,1
2024-10-18 23:45:00+00:00,68428.0,0.72340965,1,1
2024-10-19 00:00:00+00:00,68367.48,0.7424083,1,1
2024-10-19 00:15:00+00:00,68433.0,0.73610985,1,0
2024-10-19 00:30:00+00:00,68308.51,0.73902667,1,1
2024-10-19 00:45:00+00:00,68334.2,0.7769805,1,0
2024-10-19 01:00:00+00:00,68437.64,0.7695726,1,0
2024-10-19 01:15:00+00:00,68389.99,0.80486524,1,1
2024-10-19 01:30:00+00:00,68439.73,0.77318037,1,0
2024-10-19 01:45:00+00:00,68340.02,0.75658953,1,1
2024-10-19 02:00:00+00:00,68416.0,0.7021455,1,0
2024-10-19 02:15:00+00:00,68445.42,0.65504843,1,0
2024-10-19 02:30:00+00:00,68425.99,0.76548356,1,0
2024-10-19 02:45:00+00:00,68459.59,0.75357085,1,0
2024-10-19 03:00:00+00:00,68606.0,0.57751805,1,0
2024-10-19 03:15:00+00:00,68540.01,0.6588779,1,0
2024-10-19 03:30:00+00:00,68508.01,0.642122,1,0
2024-10-19 03:45:00+00:00,68450.01,0.73129475,1,0
2024-10-19 04:00:00+00:00,68526.0,0.6004676,1,0
2024-10-19 04:15:00+00:00,68386.0,0.6598862,1,1
2024-10-19 04:30:00+00:00,68372.01,0.68602043,1,1
2024-10-19 04:45:00+00:00,68334.01,0.6389774,1,1
2024-10-19 05:00:00+00:00,68415.09,0.5784271,1,1
2024-10-19 05:15:00+00:00,68411.99,0.53179157,1,0
2024-10-19 05:30:00+00:00,68380.76,0.5834916,1,0
2024-10-19 05:45:00+00:00,68390.01,0.5885615,1,0
2024-10-19 06:00:00+00:00,68399.99,0.5710804,1,0
2024-10-19 06:15:00+00:00,68370.0,0.508707,1,0
2024-10-19 06:30:00+00:00,68377.99,0.70229155,1,0
2024-10-19 06:45:00+00:00,68335.83,0.6526287,1,0
2024-10-19 07:00:00+00:00,68343.07,0.6368753,1,0
2024-10-19 07:15:00+00:00,68396.43,0.64998025,1,0
2024-10-19 07:30:00+00:00,68332.21,0.66263855,1,0
2024-10-19 07:45:00+00:00,68346.54,0.7354184,1,0
2024-10-19 08:00:00+00:00,68370.0,0.70568717,1,0
2024-10-19 08:15:00+00:00,68425.91,0.59584403,1,0
2024-10-19 08:30:00+00:00,68440.52,0.70359194,1,0
2024-10-19 08:45:00+00:00,68409.99,0.7194371,1,0
2024-10-19 09:00:00+00:00,68430.0,0.6422063,1,0
2024-10-19 09:15:00+00:00,68395.46,0.6642651,1,0
2024-10-19 09:30:00+00:00,68352.55,0.66187114,1,0
2024-10-19 09:45:00+00:00,68352.0,0.6880991,1,0
2024-10-19 10:00:00+00:00,68322.01,0.5904609,1,0
2024-10-19 10:15:00+00:00,68282.0,0.7150878,1,0
2024-10-19 10:30:00+00:00,68287.99,0.74,1,1
2024-10-19 10:45:00+00:00,68244.0,0.73053145,1,1
2024-10-19 11:00:00+00:00,68297.28,0.76930064,1,0
2024-10-19 11:15:00+00:00,68243.99,0.70817685,1,0
2024-10-19 11:30:00+00:00,68175.28,0.7400025,1,1
2024-10-19 11:45:00+00:00,68090.3,0.78508824,1,1
2024-10-19 12:00:00+00:00,68173.99,0.80037147,1,0
2024-10-19 12:15:00+00:00,68205.18,0.76123494,1,0
2024-10-19 12:30:00+00:00,68231.44,0.73093593,1,0
2024-10-19 12:45:00+00:00,68222.0,0.77205694,1,0
2024-10-19 13:00:00+00:00,68178.0,0.8338122,1,0
2024-10-19 13:15:00+00:00,68165.99,0.8365886,1,0
2024-10-19 13:30:00+00:00,68121.1,0.83660865,1,0
2024-10-19 13:45:00+00:00,68114.7,0.8330907,1,1
2024-10-19 14:00:00+00:00,68199.43,0.8179923,1,0
2024-10-19 14:15:00+00:00,68272.14,0.7621549,1,0
2024-10-19 14:30:00+00:00,68310.0,0.7447833,1,0
2024-10-19 14:45:00+00:00,68300.01,0.7176861,1,0
2024-10-19 15:00:00+00:00,68293.96,0.70009345,1,0
2024-10-19 15:15:00+00:00,68212.11,0.6559443,1,1
2024-10-19 15:30:00+00:00,68206.54,0.70454055,1,0
2024-10-19 15:45:00+00:00,68226.93,0.65971196,1,0
2024-10-19 16:00:00+00:00,68145.01,0.73435396,1,1
2024-10-19 16:15:00+00:00,68099.97,0.709052,1,1
2024-10-19 16:30:00+00:00,68113.5,0.72476214,1,1
2024-10-19 16:45:00+00:00,68042.0,0.71889603,1,1
2024-10-19 17:00:00+00:00,68087.0,0.74958134,1,1
2024-10-19 17:15:00+00:00,68130.4,0.7322297,1,1
2024-10-19 17:30:00+00:00,68100.01,0.7535413,1,1
2024-10-19 17:45:00+00:00,68121.99,0.74181545,1,1
2024-10-19 18:00:00+00:00,68109.99,0.8018555,1,1
2024-10-19 18:15:00+00:00,68180.08,0.77091795,1,1
2024-10-19 18:30:00+00:00,68167.44,0.72681606,1,1
2024-10-19 18:45:00+00:00,68179.99,0.6517358,1,1
2024-10-19 19:00:00+00:00,68188.0,0.666408,1,1
2024-10-19 19:15:00+00:00,68220.01,0.65902454,1,1
2024-10-19 19:30:00+00:00,68190.0,0.6677782,1,1
2024-10-19 19:45:00+00:00,68181.98,0.6156365,1,1
2024-10-19 20:00:00+00:00,68210.78,0.58927673,1,1
2024-10-19 20:15:00+00:00,68235.28,0.4792788,0,1
2024-10-19 20:30:00+00:00,68256.08,0.5148705,1,1
2024-10-19 20:45:00+00:00,68245.18,0.65049815,1,0
2024-10-19 21:00:00+00:00,68279.98,0.5598949,1,0
2024-10-19 21:15:00+00:00,68344.72,0.43075547,0,0
2024-10-19 21:30:00+00:00,68276.69,0.5654575,1,0
2024-10-19 21:45:00+00:00,68222.43,0.6764375,1,0
2024-10-19 22:00:00+00:00,68241.58,0.56855416,1,0
2024-10-19 22:15:00+00:00,68284.0,0.5504461,1,0
2024-10-19 22:30:00+00:00,68386.8,0.59908307,1,0
2024-10-19 22:45:00+00:00,68330.0,0.7046816,1,0
2024-10-19 23:00:00+00:00,68339.99,0.69461477,1,0
2024-10-19 23:15:00+00:00,68375.99,0.68196815,1,0
2024-10-19 23:30:00+00:00,68357.99,0.66821045,1,0
2024-10-19 23:45:00+00:00,68378.0,0.6693082,1,0
2024-10-20 00:00:00+00:00,68439.99,0.62794715,1,0
2024-10-20 00:15:00+00:00,68388.0,0.6341208,1,0
2024-10-20 00:30:00+00:00,68278.44,0.674266,1,0
2024-10-20 00:45:00+00:00,68231.24,0.7131005,1,1
2024-10-20 01:00:00+00:00,68210.01,0.6593017,1,1
2024-10-20 01:15:00+00:00,68239.99,0.63000333,1,0
2024-10-20 01:30:00+00:00,68169.99,0.638718,1,1
2024-10-20 01:45:00+00:00,68158.0,0.63351274,1,1
2024-10-20 02:00:00+00:00,68202.25,0.6505701,1,1
2024-10-20 02:15:00+00:00,68157.47,0.61411923,1,1
2024-10-20 02:30:00+00:00,68155.01,0.6214064,1,1
2024-10-20 02:45:00+00:00,68177.01,0.7589284,1,1
2024-10-20 03:00:00+00:00,68142.0,0.75465035,1,1
2024-10-20 03:15:00+00:00,68116.31,0.76056707,1,1
2024-10-20 03:30:00+00:00,68147.96,0.7514182,1,1
2024-10-20 03:45:00+00:00,68188.0,0.75916046,1,1
2024-10-20 04:00:00+00:00,68203.45,0.72179997,1,1
2024-10-20 04:15:00+00:00,68289.2,0.6401206,1,1
2024-10-20 04:30:00+00:00,68254.0,0.69706017,1,1
2024-10-20 04:45:00+00:00,68235.99,0.7384785,1,1
2024-10-20 05:00:00+00:00,68274.55,0.65152264,1,1
2024-10-20 05:15:00+00:00,68187.2,0.6924107,1,1
2024-10-20 05:30:00+00:00,68212.0,0.7527978,1,1
2024-10-20 05:45:00+00:00,68214.0,0.66522974,1,1
2024-10-20 06:00:00+00:00,68216.0,0.6784947,1,1
2024-10-20 06:15:00+00:00,68239.33,0.61829287,1,1
2024-10-20 06:30:00+00:00,68220.23,0.53411174,1,1
2024-10-20 06:45:00+00:00,68400.01,0.45684445,0,0
2024-10-20 07:00:00+00:00,68420.06,0.44601494,0,0
2024-10-20 07:15:00+00:00,68416.01,0.5339337,1,1
2024-10-20 07:30:00+00:00,68371.76,0.5231537,1,1
2024-10-20 07:45:00+00:00,68378.0,0.5036055,1,1
2024-10-20 08:00:00+00:00,68386.01,0.4495179,0,1
2024-10-20 08:15:00+00:00,68484.01,0.48102033,0,0
2024-10-20 08:30:00+00:00,68399.9,0.53986824,1,1
2024-10-20 08:45:00+00:00,68394.0,0.551919,1,0
2024-10-20 09:00:00+00:00,68390.0,0.62294376,1,0
2024-10-20 09:15:00+00:00,68398.0,0.6274798,1,0
2024-10-20 09:30:00+00:00,68432.0,0.54941046,1,0
2024-10-20 09:45:00+00:00,68434.2,0.58893514,1,1
2024-10-20 10:00:00+00:00,68452.0,0.5378255,1,1
2024-10-20 10:15:00+00:00,68420.6,0.67585367,1,1
2024-10-20 10:30:00+00:00,68393.53,0.6630468,1,1
2024-10-20 10:45:00+00:00,68376.05,0.64921093,1,1
2024-10-20 11:00:00+00:00,68393.94,0.63152647,1,1
2024-10-20 11:15:00+00:00,68435.23,0.6031829,1,1
2024-10-20 11:30:00+00:00,68442.69,0.5819231,1,1
2024-10-20 11:45:00+00:00,68420.01,0.7426921,1,1
2024-10-20 12:00:00+00:00,68422.96,0.56598324,1,1
2024-10-20 12:15:00+00:00,68392.01,0.64430296,1,1
2024-10-20 12:30:00+00:00,68404.0,0.53363585,1,1
2024-10-20 12:45:00+00:00,68268.36,0.647807,1,1
2024-10-20 13:00:00+00:00,68272.13,0.7130037,1,1
2024-10-20 13:15:00+00:00,68274.02,0.7508836,1,1
2024-10-20 13:30:00+00:00,68407.99,0.67379874,1,1
2024-10-20 13:45:00+00:00,68451.85,0.6750498,1,1
2024-10-20 14:00:00+00:00,68596.3,0.45128274,0,1
2024-10-20 14:15:00+00:00,68656.01,0.3802585,0,0
2024-10-20 14:30:00+00:00,68707.99,0.2951005,0,0
2024-10-20 14:45:00+00:00,68637.99,0.38250268,0,0
2024-10-20 15:00:00+00:00,68535.86,0.5195764,1,1
2024-10-20 15:15:00+00:00,68479.99,0.5790077,1,1
2024-10-20 15:30:00+00:00,68555.49,0.55918,1,0
2024-10-20 15:45:00+00:00,68625.99,0.5167094,1,0
2024-10-20 16:00:00+00:00,68564.0,0.5598812,1,0
2024-10-20 16:15:00+00:00,68583.72,0.4385245,0,1
2024-10-20 16:30:00+00:00,68565.72,0.5223874,1,1
2024-10-20 16:45:00+00:00,68505.47,0.47546822,0,1
2024-10-20 17:00:00+00:00,68552.0,0.6158325,1,1
2024-10-20 17:15:00+00:00,68513.99,0.6534531,1,1
2024-10-20 17:30:00+00:00,68456.03,0.67442036,1,1
2024-10-20 17:45:00+00:00,68562.0,0.713608,1,1
2024-10-20 18:00:00+00:00,68606.07,0.71060693,1,1
2024-10-20 18:15:00+00:00,68645.27,0.6677381,1,1
2024-10-20 18:30:00+00:00,68644.16,0.53638244,1,1
2024-10-20 18:45:00+00:00,68604.0,0.5096041,1,1
2024-10-20 19:00:00+00:00,68591.99,0.6134164,1,1
2024-10-20 19:15:00+00:00,68512.01,0.66412026,1,1
2024-10-20 19:30:00+00:00,68511.98,0.6903889,1,1
2024-10-20 19:45:00+00:00,68508.29,0.7176179,1,1
2024-10-20 20:00:00+00:00,68528.31,0.7180214,1,1
2024-10-20 20:15:00+00:00,68643.97,0.6021781,1,1
2024-10-20 20:30:00+00:00,68700.0,0.5003664,1,1
2024-10-20 20:45:00+00:00,68781.98,0.45788977,0,1
2024-10-20 21:00:00+00:00,68759.99,0.29527247,0,1
2024-10-20 21:15:00+00:00,68712.05,0.3451334,0,1
2024-10-20 21:30:00+00:00,68712.0,0.41091767,0,1
2024-10-20 21:45:00+00:00,68770.0,0.40896922,0,1
2024-10-20 22:00:00+00:00,68721.15,0.45553946,0,1
2024-10-20 22:15:00+00:00,69122.0,0.44463414,0,1
2024-10-20 22:30:00+00:00,69176.0,0.29232407,0,0
2024-10-20 22:45:00+00:00,69137.28,0.42318204,0,0
2024-10-20 23:00:00+00:00,69108.73,0.30764857,0,0
2024-10-20 23:15:00+00:00,69122.63,0.29995334,0,0
2024-10-20 23:30:00+00:00,69019.9,0.3218785,0,0
2024-10-20 23:45:00+00:00,69031.99,0.36247492,0,0
2024-10-21 00:00:00+00:00,69117.59,0.34845614,0,0
2024-10-21 00:15:00+00:00,69393.89,0.30541068,0,0
2024-10-21 00:30:00+00:00,69243.99,0.34177506,0,0
2024-10-21 00:45:00+00:00,69160.0,0.36431557,0,0
2024-10-21 01:00:00+00:00,69279.79,0.35375232,0,0
2024-10-21 01:15:00+00:00,69420.0,0.3418413,0,0
2024-10-21 01:30:00+00:00,69317.99,0.3616168,0,0
2024-10-21 01:45:00+00:00,69210.89,0.38814348,0,0
2024-10-21 02:00:00+00:00,69184.42,0.4449209,0,0
2024-10-21 02:15:00+00:00,69122.94,0.43442225,0,0
2024-10-21 02:30:00+00:00,68976.23,0.39697015,0,1
2024-10-21 02:45:00+00:00,68710.0,0.47665069,0,0
2024-10-21 03:00:00+00:00,68633.56,0.46486056,0,1
2024-10-21 03:15:00+00:00,68842.05,0.49945515,0,0
2024-10-21 03:30:00+00:00,68913.01,0.5041212,1,0
2024-10-21 03:45:00+00:00,68939.99,0.42231974,0,0
2024-10-21 04:00:00+00:00,68857.44,0.45755827,0,0
2024-10-21 04:15:00+00:00,68807.98,0.45582086,0,0
2024-10-21 04:30:00+00:00,68923.74,0.4693252,0,0
2024-10-21 04:45:00+00:00,69039.0,0.49216455,0,0
2024-10-21 05:00:00+00:00,68974.01,0.4724139,0,0
2024-10-21 05:15:00+00:00,69126.0,0.5037043,1,0
2024-10-21 05:30:00+00:00,69053.99,0.48599488,0,0
2024-10-21 05:45:00+00:00,68979.97,0.510246,1,0
2024-10-21 06:00:00+00:00,68944.01,0.48617256,0,0
2024-10-21 06:15:00+00:00,69058.56,0.5004284,1,0
2024-10-21 06:30:00+00:00,69104.22,0.48199323,0,0
2024-10-21 06:45:00+00:00,68699.36,0.43792915,0,0
2024-10-21 07:00:00+00:00,68738.33,0.45929974,0,0
2024-10-21 07:15:00+00:00,68675.96,0.44704452,0,0
2024-10-21 07:30:00+00:00,68609.41,0.4234356,0,0
2024-10-21 07:45:00+00:00,68514.0,0.4417072,0,0
2024-10-21 08:00:00+00:00,68616.62,0.4574918,0,0
2024-10-21 08:15:00+00:00,68524.01,0.47067958,0,0
2024-10-21 08:30:00+00:00,68512.0,0.5613811,1,0
2024-10-21 08:45:00+00:00,68301.46,0.51347065,1,0
2024-10-21 09:00:00+00:00,68416.01,0.5403568,1,0
2024-10-21 09:15:00+00:00,68323.43,0.54246104,1,0
2024-10-21 09:30:00+00:00,68280.67,0.5277322,1,0
2024-10-21 09:45:00+00:00,68378.0,0.5380462,1,0
2024-10-21 10:00:00+00:00,68461.86,0.5424651,1,0
2024-10-21 10:15:00+00:00,68394.0,0.5133357,1,0
2024-10-21 10:30:00+00:00,68323.99,0.584049,1,0
2024-10-21 10:45:00+00:00,68281.49,0.647235,1,0
2024-10-21 11:00:00+00:00,68432.0,0.51468426,1,0
2024-10-21 11:15:00+00:00,68364.01,0.49031603,0,0
2024-10-21 11:30:00+00:00,68281.38,0.5383918,1,0
2024-10-21 11:45:00+00:00,68238.01,0.5456523,1,0
2024-10-21 12:00:00+00:00,68276.01,0.637435,1,0
2024-10-21 12:15:00+00:00,68292.04,0.6467174,1,0
2024-10-21 12:30:00+00:00,68076.87,0.65361327,1,0
2024-10-21 12:45:00+00:00,68207.27,0.6308212,1,0
2024-10-21 13:00:00+00:00,68052.0,0.5985936,1,0
2024-10-21 13:15:00+00:00,67916.0,0.47229376,0,0
2024-10-21 13:30:00+00:00,67553.65,0.4562355,0,1
2024-10-21 13:45:00+00:00,67312.0,0.49366644,0,1
2024-10-21 14:00:00+00:00,67349.47,0.5432079,1,1
2024-10-21 14:15:00+00:00,67406.01,0.57574254,1,0
2024-10-21 14:30:00+00:00,67333.99,0.5833468,1,0
2024-10-21 14:45:00+00:00,67268.0,0.5763123,1,1
2024-10-21 15:00:00+00:00,67031.99,0.5962403,1,1
2024-10-21 15:15:00+00:00,66945.2,0.6455617,1,1
2024-10-21 15:30:00+00:00,66930.01,0.6089876,1,1
2024-10-21 15:45:00+00:00,67341.02,0.4577068,0,1
2024-10-21 16:00:00+00:00,67240.0,0.3515383,0,1
2024-10-21 16:15:00+00:00,66986.01,0.39411002,0,1
2024-10-21 16:30:00+00:00,67170.03,0.38992652,0,1
2024-10-21 16:45:00+00:00,67327.0,0.23836213,0,1
2024-10-21 17:00:00+00:00,67461.29,0.45843852,0,1
2024-10-21 17:15:00+00:00,67480.01,0.45979425,0,1
2024-10-21 17:30:00+00:00,67652.01,0.44019762,0,1
2024-10-21 17:45:00+00:00,67526.01,0.47337198,0,1
2024-10-21 18:00:00+00:00,67356.99,0.506055,1,1
2024-10-21 18:15:00+00:00,67176.0,0.58822966,1,1
2024-10-21 18:30:00+00:00,67200.01,0.547945,1,1
2024-10-21 18:45:00+00:00,67335.05,0.55485755,1,1
2024-10-21 19:00:00+00:00,67566.81,0.5277866,1,0
2024-10-21 19:15:00+00:00,67611.85,0.5828473,1,0
2024-10-21 19:30:00+00:00,67592.0,0.5808292,1,0
2024-10-21 19:45:00+00:00,67763.0,0.45642194,0,0
2024-10-21 20:00:00+00:00,67670.0,0.47654107,0,0
2024-10-21 20:15:00+00:00,67649.11,0.4785193,0,0
2024-10-21 20:30:00+00:00,67680.98,0.4581688,0,0
2024-10-21 20:45:00+00:00,67749.99,0.4806551,0,0
2024-10-21 21:00:00+00:00,67888.01,0.5253995,1,0
2024-10-21 21:15:00+00:00,67861.35,0.51883745,1,0
2024-10-21 21:30:00+00:00,67692.0,0.48647064,0,0
2024-10-21 21:45:00+00:00,67803.21,0.42912167,0,0
2024-10-21 22:00:00+00:00,67820.01,0.34092852,0,0
2024-10-21 22:15:00+00:00,67770.01,0.47041956,0,0
2024-10-21 22:30:00+00:00,67685.26,0.49308798,0,0
2024-10-21 22:45:00+00:00,67781.07,0.53830624,1,0
2024-10-21 23:00:00+00:00,67554.46,0.5204829,1,0
2024-10-21 23:15:00+00:00,67513.77,0.695043,1,0
2024-10-21 23:30:00+00:00,67523.99,0.7531541,1,0
2024-10-21 23:45:00+00:00,67377.5,0.70861685,1,1
2024-10-22 00:00:00+00:00,67288.62,0.6041965,1,1
2024-10-22 00:15:00+00:00,66948.01,0.60372186,1,1
2024-10-22 00:30:00+00:00,66968.3,0.6041491,1,1
2024-10-22 00:45:00+00:00,67149.73,0.53987175,1,1
2024-10-22 01:00:00+00:00,67293.16,0.5817973,1,1
2024-10-22 01:15:00+00:00,67469.96,0.5679657,1,1
2024-10-22 01:30:00+00:00,67415.75,0.5752388,1,1
2024-10-22 01:45:00+00:00,67508.29,0.6091946,1,1
2024-10-22 02:00:00+00:00,67630.58,0.62079674,1,1
2024-10-22 02:15:00+00:00,67560.04,0.6340944,1,1
2024-10-22 02:30:00+00:00,67511.3,0.6339734,1,1
2024-10-22 02:45:00+00:00,67317.23,0.6328764,1,1
2024-10-22 03:00:00+00:00,67495.24,0.6045819,1,1
2024-10-22 03:15:00+00:00,67395.99,0.61366916,1,1
2024-10-22 03:30:00+00:00,67351.25,0.6066456,1,1
2024-10-22 03:45:00+00:00,67390.02,0.5526344,1,1
2024-10-22 04:00:00+00:00,67320.94,0.47955027,0,0
2024-10-22 04:15:00+00:00,67462.68,0.45387408,0,0
2024-10-22 04:30:00+00:00,67433.43,0.51550865,1,0
2024-10-22 04:45:00+00:00,67493.34,0.5578328,1,0
2024-10-22 05:00:00+00:00,67609.99,0.5421301,1,0
2024-10-22 05:15:00+00:00,67560.02,0.5618096,1,0
2024-10-22 05:30:00+00:00,67608.0,0.74006075,1,0
2024-10-22 05:45:00+00:00,67579.99,0.72404337,1,0
2024-10-22 06:00:00+00:00,67712.3,0.64535403,1,0
2024-10-22 06:15:00+00:00,67774.0,0.614699,1,0
2024-10-22 06:30:00+00:00,67693.99,0.56765306,1,0
2024-10-22 06:45:00+00:00,67572.01,0.6079181,1,0
2024-10-22 07:00:00+00:00,67668.7,0.65275985,1,0
2024-10-22 07:15:00+00:00,67591.46,0.6146501,1,0
2024-10-22 07:30:00+00:00,67570.18,0.58961475,1,0
2024-10-22 07:45:00+00:00,67402.0,0.70908487,1,0
2024-10-22 08:00:00+00:00,67315.98,0.7531544,1,1
2024-10-22 08:15:00+00:00,67031.09,0.65071785,1,1
2024-10-22 08:30:00+00:00,67124.94,0.62888217,1,0
2024-10-22 08:45:00+00:00,66934.07,0.63947386,1,1
2024-10-22 09:00:00+00:00,67050.0,0.6381799,1,0
2024-10-22 09:15:00+00:00,66861.97,0.6710101,1,1
2024-10-22 09:30:00+00:00,66828.01,0.75114846,1,1
2024-10-22 09:45:00+00:00,66960.02,0.74921244,1,1
2024-10-22 10:00:00+00:00,66996.0,0.77244663,1,1
2024-10-22 10:15:00+00:00,67138.1,0.7157256,1,0
2024-10-22 10:30:00+00:00,67147.26,0.64856464,1,1
2024-10-22 10:45:00+00:00,67184.56,0.6529686,1,1
2024-10-22 11:00:00+00:00,67368.0,0.6361017,1,1
2024-10-22 11:15:00+00:00,67453.24,0.6044747,1,0
2024-10-22 11:30:00+00:00,67379.95,0.59730077,1,1
2024-10-22 11:45:00+00:00,67299.15,0.54001087,1,0
2024-10-22 12:00:00+00:00,67381.99,0.5583212,1,0
2024-10-22 12:15:00+00:00,67179.82,0.5589257,1,0
2024-10-22 12:30:00+00:00,66896.31,0.61724645,1,1
2024-10-22 12:45:00+00:00,66984.0,0.61499727,1,0
2024-10-22 13:00:00+00:00,67013.47,0.58851296,1,1
2024-10-22 13:15:00+00:00,67110.0,0.53405714,1,1
2024-10-22 13:30:00+00:00,66861.29,0.5869217,1,1
2024-10-22 13:45:00+00:00,66998.21,0.59088117,1,1
2024-10-22 14:00:00+00:00,67440.43,0.61254424,1,0
2024-10-22 14:15:00+00:00,67102.0,0.5591323,1,1
2024-10-22 14:30:00+00:00,67452.04,0.54236376,1,0
2024-10-22 14:45:00+00:00,67559.03,0.55607915,1,0
2024-10-22 15:00:00+00:00,67479.99,0.58340734,1,1
2024-10-22 15:15:00+00:00,67216.0,0.5769392,1,1
2024-10-22 15:30:00+00:00,67423.99,0.5974721,1,1
2024-10-22 15:45:00+00:00,67282.27,0.4808528,0,1
2024-10-22 16:00:00+00:00,67206.56,0.47159472,0,1
2024-10-22 16:15:00+00:00,67004.41,0.4770689,0,1
2024-10-22 16:30:00+00:00,66922.89,0.4725971,0,1
2024-10-22 16:45:00+00:00,66966.07,0.46879372,0,1
2024-10-22 17:00:00+00:00,67200.55,0.36894467,0,1
2024-10-22 17:15:00+00:00,67360.0,0.5085753,1,1
2024-10-22 17:30:00+00:00,67382.13,0.45944685,0,1
2024-10-22 17:45:00+00:00,67331.58,0.46158075,0,1
2024-10-22 18:00:00+00:00,67328.01,0.45388636,0,1
2024-10-22 18:15:00+00:00,67510.3,0.5416591,1,1
2024-10-22 18:30:00+00:00,67420.12,0.5689754,1,1
2024-10-22 18:45:00+00:00,67385.0,0.5305919,1,1
2024-10-22 19:00:00+00:00,67496.01,0.54699415,1,1
2024-10-22 19:15:00+00:00,67579.99,0.46968552,0,0
2024-10-22 19:30:00+00:00,67550.95,0.46602017,0,0
2024-10-22 19:45:00+00:00,67482.98,0.46604428,0,0
2024-10-22 20:00:00+00:00,67505.84,0.45950836,0,0
2024-10-22 20:15:00+00:00,67430.04,0.4336128,0,0
2024-10-22 20:30:00+00:00,67508.83,0.49525386,0,0
2024-10-22 20:45:00+00:00,67532.0,0.48118964,0,0
2024-10-22 21:00:00+00:00,67459.32,0.53157556,1,0
2024-10-22 21:15:00+00:00,67423.37,0.671479,1,0
2024-10-22 21:30:00+00:00,67429.76,0.774364,1,0
2024-10-22 21:45:00+00:00,67534.85,0.7198385,1,0
2024-10-22 22:00:00+00:00,67637.99,0.63637984,1,0
2024-10-22 22:15:00+00:00,67665.42,0.6404872,1,0
2024-10-22 22:30:00+00:00,67740.0,0.6320326,1,0
2024-10-22 22:45:00+00:00,67724.0,0.64816946,1,0
2024-10-22 23:00:00+00:00,67592.01,0.71114063,1,0
2024-10-22 23:15:00+00:00,67559.99,0.68427384,1,0
2024-10-22 23:30:00+00:00,67436.0,0.6704629,1,0
2024-10-22 23:45:00+00:00,67426.0,0.72509885,1,0
2024-10-23 00:00:00+00:00,67218.0,0.71887946,1,0
2024-10-23 00:15:00+00:00,67263.98,0.6951946,1,0
2024-10-23 00:30:00+00:00,67192.99,0.69147474,1,1
2024-10-23 00:45:00+00:00,67179.13,0.71552217,1,1
2024-10-23 01:00:00+00:00,67188.18,0.6930574,1,0
2024-10-23 01:15:00+00:00,67306.91,0.5712318,1,0
2024-10-23 01:30:00+00:00,67350.01,0.70770836,1,0
2024-10-23 01:45:00+00:00,67348.46,0.71794325,1,0
2024-10-23 02:00:00+00:00,67308.27,0.6985834,1,0
2024-10-23 02:15:00+00:00,67087.45,0.7441457,1,1
2024-10-23 02:30:00+00:00,67160.0,0.7617711,1,1
2024-10-23 02:45:00+00:00,67096.0,0.7546334,1,0
2024-10-23 03:00:00+00:00,67112.45,0.74795336,1,0
2024-10-23 03:15:00+00:00,66954.62,0.6494033,1,1
2024-10-23 03:30:00+00:00,67027.99,0.75863904,1,0
2024-10-23 03:45:00+00:00,67082.1,0.7172126,1,0
2024-10-23 04:00:00+00:00,67132.0,0.71160305,1,0
2024-10-23 04:15:00+00:00,67089.99,0.7210784,1,0
2024-10-23 04:30:00+00:00,67208.0,0.5939118,1,0
2024-10-23 04:45:00+00:00,67217.48,0.75024223,1,0
2024-10-23 05:00:00+00:00,67187.53,0.7313102,1,0
2024-10-23 05:15:00+00:00,67132.77,0.7344344,1,0
2024-10-23 05:30:00+00:00,67078.92,0.7588122,1,0
2024-10-23 05:45:00+00:00,67087.06,0.72544074,1,0
2024-10-23 06:00:00+00:00,67190.14,0.7243911,1,0
2024-10-23 06:15:00+00:00,67281.31,0.64888966,1,0
2024-10-23 06:30:00+00:00,67193.01,0.7288539,1,0
2024-10-23 06:45:00+00:00,66917.55,0.747544,1,0
2024-10-23 07:00:00+00:00,66894.47,0.74522036,1,0
2024-10-23 07:15:00+00:00,66957.46,0.73352665,1,0
2024-10-23 07:30:00+00:00,66829.6,0.7275267,1,0
2024-10-23 07:45:00+00:00,66852.34,0.7270048,1,0
2024-10-23 08:00:00+00:00,66989.63,0.7223509,1,0
2024-10-23 08:15:00+00:00,66820.0,0.55347306,1,0
2024-10-23 08:30:00+00:00,66703.58,0.5334175,1,0
2024-10-23 08:45:00+00:00,66530.0,0.5480917,1,0
2024-10-23 09:00:00+00:00,66214.59,0.44785735,0,1
2024-10-23 09:15:00+00:00,66352.01,0.5587137,1,1
2024-10-23 09:30:00+00:00,66492.52,0.53422827,1,1
2024-10-23 09:45:00+00:00,66516.0,0.5228554,1,1
2024-10-23 10:00:00+00:00,66515.99,0.52290505,1,1
2024-10-23 10:15:00+00:00,66621.04,0.49953184,0,1
2024-10-23 10:30:00+00:00,66516.0,0.5283973,1,1
2024-10-23 10:45:00+00:00,66398.19,0.5108341,1,1
2024-10-23 11:00:00+00:00,66495.99,0.4644999,0,0
2024-10-23 11:15:00+00:00,66546.31,0.4149128,0,0
2024-10-23 11:30:00+00:00,66423.0,0.45865673,0,0
2024-10-23 11:45:00+00:00,66414.0,0.46343064,0,0
2024-10-23 12:00:00+00:00,66349.8,0.46036738,0,0
2024-10-23 12:15:00+00:00,66239.99,0.43192536,0,0
2024-10-23 12:30:00+00:00,66424.0,0.38218424,0,0
2024-10-23 12:45:00+00:00,66416.72,0.398306,0,0
2024-10-23 13:00:00+00:00,66509.82,0.46535146,0,0
2024-10-23 13:15:00+00:00,66546.0,0.5241812,1,0
2024-10-23 13:30:00+00:00,66645.4,0.48769274,0,0
2024-10-23 13:45:00+00:00,66800.0,0.36278084,0,0
2024-10-23 14:00:00+00:00,66536.99,0.42962432,0,0
2024-10-23 14:15:00+00:00,66728.21,0.35963744,0,0
2024-10-23 14:30:00+00:00,66776.57,0.33436197,0,0
2024-10-23 14:45:00+00:00,66490.0,0.43781707,0,0
2024-10-23 15:00:00+00:00,66233.41,0.3915511,0,0
2024-10-23 15:15:00+00:00,66144.44,0.3844141,0,1
2024-10-23 15:30:00+00:00,65988.01,0.40486193,0,1
2024-10-23 15:45:00+00:00,66223.44,0.44165027,0,1
2024-10-23 16:00:00+00:00,66064.37,0.41972327,0,1
2024-10-23 16:15:00+00:00,65898.01,0.46566367,0,1
2024-10-23 16:30:00+00:00,65951.07,0.44455615,0,1
2024-10-23 16:45:00+00:00,65878.02,0.48408902,0,1
2024-10-23 17:00:00+00:00,65670.48,0.59088004,1,1
2024-10-23 17:15:00+00:00,65927.02,0.6551719,1,1
2024-10-23 17:30:00+00:00,65760.01,0.67152876,1,1
2024-10-23 17:45:00+00:00,65723.32,0.6744884,1,1
2024-10-23 18:00:00+00:00,65535.48,0.6930547,1,1
2024-10-23 18:15:00+00:00,65626.22,0.67835563,1,1
2024-10-23 18:30:00+00:00,65810.63,0.6208914,1,1
2024-10-23 18:45:00+00:00,66057.79,0.5748842,1,1
2024-10-23 19:00:00+00:00,65904.13,0.61082006,1,1
2024-10-23 19:15:00+00:00,66232.67,0.608499,1,1
2024-10-23 19:30:00+00:00,66475.62,0.5012246,1,1
2024-10-23 19:45:00+00:00,66472.0,0.45251662,0,1
2024-10-23 20:00:00+00:00,66361.42,0.44841698,0,1
2024-10-23 20:15:00+00:00,66425.44,0.4603329,0,1
2024-10-23 20:30:00+00:00,66630.0,0.42431116,0,1
2024-10-23 20:45:00+00:00,66669.0,0.401928,0,1
2024-10-23 21:00:00+00:00,66598.86,0.34626913,0,1
2024-10-23 21:15:00+00:00,66537.19,0.33538425,0,1
2024-10-23 21:30:00+00:00,66429.99,0.3440119,0,1
2024-10-23 21:45:00+00:00,66414.01,0.3564574,0,1
2024-10-23 22:00:00+00:00,66534.47,0.39488113,0,1
2024-10-23 22:15:00+00:00,66377.99,0.35770828,0,1
2024-10-23 22:30:00+00:00,66540.0,0.34415638,0,1
2024-10-23 22:45:00+00:00,66472.96,0.37154528,0,1
2024-10-23 23:00:00+00:00,66636.37,0.40077034,0,1
2024-10-23 23:15:00+00:00,66700.0,0.3728061,0,1
2024-10-23 23:30:00+00:00,66732.04,0.38098878,0,1
2024-10-23 23:45:00+00:00,66668.65,0.39675683,0,1
2024-10-24 00:00:00+00:00,66652.01,0.39932668,0,1
2024-10-24 00:15:00+00:00,66579.99,0.40914986,0,1
2024-10-24 00:30:00+00:00,66769.91,0.43548462,0,1
2024-10-24 00:45:00+00:00,67432.01,0.5136613,1,0
2024-10-24 01:00:00+00:00,67548.02,0.4722724,0,0
2024-10-24 01:15:00+00:00,67270.0,0.5261526,1,1
2024-10-24 01:30:00+00:00,67086.27,0.53481066,1,1
2024-10-24 01:45:00+00:00,67268.17,0.5077409,1,1
2024-10-24 02:00:00+00:00,67269.15,0.52331126,1,1
2024-10-24 02:15:00+00:00,67391.51,0.5370388,1,1
2024-10-24 02:30:00+00:00,67280.0,0.52787715,1,1
2024-10-24 02:45:00+00:00,67459.63,0.52912813,1,0
2024-10-24 03:00:00+00:00,67368.73,0.4961083,0,0
2024-10-24 03:15:00+00:00,67410.83,0.50220627,1,0
2024-10-24 03:30:00+00:00,67312.89,0.5080836,1,0
2024-10-24 03:45:00+00:00,67213.16,0.51018804,1,0
2024-10-24 04:00:00+00:00,67275.01,0.5013682,1,0
2024-10-24 04:15:00+00:00,67337.54,0.5207974,1,0
2024-10-24 04:30:00+00:00,67328.0,0.56629485,1,0
2024-10-24 04:45:00+00:00,67382.19,0.5338168,1,0
2024-10-24 05:00:00+00:00,67459.88,0.45516172,0,0
2024-10-24 05:15:00+00:00,67383.99,0.6636852,1,0
2024-10-24 05:30:00+00:00,67429.25,0.60577023,1,0
2024-10-24 05:45:00+00:00,67364.0,0.70767325,1,0
2024-10-24 06:00:00+00:00,67425.46,0.65632963,1,0
2024-10-24 06:15:00+00:00,67400.0,0.774669,1,0
2024-10-24 06:30:00+00:00,67374.0,0.7509942,1,0
2024-10-24 06:45:00+00:00,67119.99,0.75319684,1,0
2024-10-24 07:00:00+00:00,67232.8,0.74822927,1,0
2024-10-24 07:15:00+00:00,67270.68,0.69986945,1,0
2024-10-24 07:30:00+00:00,67207.8,0.72438294,1,1
2024-10-24 07:45:00+00:00,67123.08,0.7224442,1,1
2024-10-24 08:00:00+00:00,67224.0,0.69509655,1,1
2024-10-24 08:15:00+00:00,67146.03,0.6995668,1,1
2024-10-24 08:30:00+00:00,67051.65,0.7369456,1,1
2024-10-24 08:45:00+00:00,66852.87,0.72611964,1,1
2024-10-24 09:00:00+00:00,66926.01,0.5937944,1,1
2024-10-24 09:15:00+00:00,66974.0,0.59091175,1,1
2024-10-24 09:30:00+00:00,66854.04,0.61931753,1,1
2024-10-24 09:45:00+00:00,66876.0,0.6345669,1,1
2024-10-24 10:00:00+00:00,66907.99,0.6127345,1,1
2024-10-24 10:15:00+00:00,67014.01,0.5941449,1,1
2024-10-24 10:30:00+00:00,66987.86,0.5617507,1,1
2024-10-24 10:45:00+00:00,66999.99,0.5757126,1,1
2024-10-24 11:00:00+00:00,66998.54,0.5824064,1,1
2024-10-24 11:15:00+00:00,67158.58,0.5340551,1,1
2024-10-24 11:30:00+00:00,67252.15,0.54671943,1,1
2024-10-24 11:45:00+00:00,67285.99,0.56742215,1,1
2024-10-24 12:00:00+00:00,67343.02,0.48346484,0,1
2024-10-24 12:15:00+00:00,67332.0,0.43382138,0,1
2024-10-24 12:30:00+00:00,67388.01,0.5188536,1,1
2024-10-24 12:45:00+00:00,67517.75,0.40765116,0,1
2024-10-24 13:00:00+00:00,67636.39,0.37075529,0,0
2024-10-24 13:15:00+00:00,67591.98,0.42606822,0,1
2024-10-24 13:30:00+00:00,67843.19,0.5919534,1,0
2024-10-24 13:45:00+00:00,67905.99,0.58627385,1,0
2024-10-24 14:00:00+00:00,67720.66,0.48575646,0,1
2024-10-24 14:15:00+00:00,67571.99,0.49740076,0,1
2024-10-24 14:30:00+00:00,67863.16,0.47696757,0,0
2024-10-24 14:45:00+00:00,67786.27,0.48850712,0,1
2024-10-24 15:00:00+00:00,67929.97,0.41976276,0,0
2024-10-24 15:15:00+00:00,67721.82,0.3936354,0,1
2024-10-24 15:30:00+00:00,67884.32,0.3505615,0,1
2024-10-24 15:45:00+00:00,67701.22,0.37131095,0,1
2024-10-24 16:00:00+00:00,67394.0,0.47040725,0,1
2024-10-24 16:15:00+00:00,67658.01,0.496392,0,1
2024-10-24 16:30:00+00:00,67606.59,0.49681547,0,1
2024-10-24 16:45:00+00:00,67574.14,0.5038408,1,1
2024-10-24 17:00:00+00:00,67574.01,0.561241,1,1
2024-10-24 17:15:00+00:00,67596.01,0.5879297,1,1
2024-10-24 17:30:00+00:00,67787.87,0.47547835,0,1
2024-10-24 17:45:00+00:00,67653.44,0.49016595,0,1
2024-10-24 18:00:00+00:00,67885.04,0.4858169,0,1
2024-10-24 18:15:00+00:00,67846.0,0.45443538,0,1
2024-10-24 18:30:00+00:00,67744.48,0.5092869,1,1
2024-10-24 18:45:00+00:00,67832.0,0.48219836,0,1
2024-10-24 19:00:00+00:00,67798.1,0.4821579,0,1
2024-10-24 19:15:00+00:00,68094.0,0.30660325,0,1
2024-10-24 19:30:00+00:00,68236.9,0.33957034,0,0
2024-10-24 19:45:00+00:00,68309.79,0.31493977,0,0
2024-10-24 20:00:00+00:00,68214.44,0.3531396,0,0
2024-10-24 20:15:00+00:00,68130.0,0.37833676,0,1
2024-10-24 20:30:00+00:00,68166.64,0.35290328,0,0
2024-10-24 20:45:00+00:00,68196.0,0.36515823,0,0
2024-10-24 21:00:00+00:00,68525.99,0.31117478,0,0
2024-10-24 21:15:00+00:00,68612.0,0.3243983,0,0
2024-10-24 21:30:00+00:00,68445.67,0.3833232,0,0
2024-10-24 21:45:00+00:00,68348.01,0.3792826,0,0
2024-10-24 22:00:00+00:00,68497.53,0.42458937,0,0
2024-10-24 22:15:00+00:00,68376.37,0.48185545,0,0
2024-10-24 22:30:00+00:00,68219.97,0.5018901,1,0
2024-10-24 22:45:00+00:00,68183.78,0.46741265,0,0
2024-10-24 23:00:00+00:00,68163.2,0.5134749,1,0
2024-10-24 23:15:00+00:00,68132.09,0.48928875,0,1
2024-10-24 23:30:00+00:00,68152.91,0.45515344,0,0
2024-10-24 23:45:00+00:00,68198.28,0.37826502,0,0
2024-10-25 00:00:00+00:00,68191.0,0.33730653,0,0
2024-10-25 00:15:00+00:00,68150.37,0.370479,0,0
2024-10-25 00:30:00+00:00,68020.0,0.3755749,0,0
2024-10-25 00:45:00+00:00,67989.27,0.45930225,0,0
2024-10-25 01:00:00+00:00,67868.67,0.43857443,0,0
2024-10-25 01:15:00+00:00,68010.01,0.46373618,0,0
2024-10-25 01:30:00+00:00,67896.01,0.6123372,1,0
2024-10-25 01:45:00+00:00,67969.7,0.6399775,1,0
2024-10-25 02:00:00+00:00,67925.0,0.5645728,1,0
2024-10-25 02:15:00+00:00,67967.78,0.51953816,1,0
2024-10-25 02:30:00+00:00,68003.99,0.55809754,1,0
2024-10-25 02:45:00+00:00,68066.99,0.5843356,1,0
2024-10-25 03:00:00+00:00,68152.98,0.60303175,1,0
2024-10-25 03:15:00+00:00,68176.02,0.6232437,1,0
2024-10-25 03:30:00+00:00,68070.0,0.6508711,1,0
2024-10-25 03:45:00+00:00,68008.0,0.6858122,1,0
2024-10-25 04:00:00+00:00,67912.97,0.648335,1,0
2024-10-25 04:15:00+00:00,67713.19,0.67697716,1,0
2024-10-25 04:30:00+00:00,67809.64,0.656636,1,0
2024-10-25 04:45:00+00:00,67744.0,0.6528465,1,0
2024-10-25 05:00:00+00:00,67684.75,0.6496573,1,0
2024-10-25 05:15:00+00:00,67758.3,0.6562863,1,0
2024-10-25 05:30:00+00:00,67875.07,0.67396474,1,0
2024-10-25 05:45:00+00:00,67757.21,0.68459386,1,1
2024-10-25 06:00:00+00:00,67808.64,0.6831003,1,0
2024-10-25 06:15:00+00:00,67745.77,0.67921764,1,1
2024-10-25 06:30:00+00:00,67646.0,0.7117075,1,1
2024-10-25 06:45:00+00:00,67646.21,0.77428174,1,1
2024-10-25 07:00:00+00:00,67488.0,0.7342551,1,1
2024-10-25 07:15:00+00:00,67303.04,0.6322839,1,1
2024-10-25 07:30:00+00:00,67462.9,0.67645675,1,1
2024-10-25 07:45:00+00:00,67531.97,0.6203933,1,1
2024-10-25 08:00:00+00:00,67430.0,0.57723373,1,1
2024-10-25 08:15:00+00:00,67603.99,0.5906144,1,1
2024-10-25 08:30:00+00:00,67730.01,0.5160881,1,1
2024-10-25 08:45:00+00:00,67658.5,0.52891576,1,1
2024-10-25 09:00:00+00:00,67684.0,0.5843433,1,1
2024-10-25 09:15:00+00:00,67641.64,0.55918986,1,1
2024-10-25 09:30:00+00:00,67577.99,0.55132264,1,1
2024-10-25 09:45:00+00:00,67837.28,0.5202414,1,1
2024-10-25 10:00:00+00:00,67766.99,0.5418406,1,1
2024-10-25 10:15:00+00:00,67852.46,0.5126788,1,1
2024-10-25 10:30:00+00:00,67840.0,0.41812718,0,1
2024-10-25 10:45:00+00:00,67855.23,0.40113863,0,1
2024-10-25 11:00:00+00:00,67940.16,0.40439624,0,1
2024-10-25 11:15:00+00:00,67986.01,0.40968034,0,1
2024-10-25 11:30:00+00:00,68059.99,0.44884396,0,1
2024-10-25 11:45:00+00:00,68105.79,0.44187248,0,0
2024-10-25 12:00:00+00:00,68150.0,0.4718034,0,0
2024-10-25 12:15:00+00:00,68076.0,0.44212145,0,0
2024-10-25 12:30:00+00:00,68160.01,0.38271943,0,0
2024-10-25 12:45:00+00:00,68061.9,0.48467693,0,0
2024-10-25 13:00:00+00:00,68092.69,0.41832843,0,0
2024-10-25 13:15:00+00:00,68009.24,0.5690374,1,0
2024-10-25 13:30:00+00:00,67772.0,0.4462843,0,0
2024-10-25 13:45:00+00:00,68334.0,0.5107255,1,0
2024-10-25 14:00:00+00:00,68448.03,0.46109888,0,0
2024-10-25 14:15:00+00:00,68676.01,0.39359808,0,0
2024-10-25 14:30:00+00:00,68303.99,0.44898945,0,0
2024-10-25 14:45:00+00:00,68311.31,0.40566042,0,0
2024-10-25 15:00:00+00:00,68481.75,0.40288162,0,0
2024-10-25 15:15:00+00:00,68294.92,0.4442008,0,0
2024-10-25 15:30:00+00:00,68078.16,0.4333401,0,0
2024-10-25 15:45:00+00:00,67690.01,0.47089604,0,0
2024-10-25 16:00:00+00:00,67821.08,0.48248768,0,0
2024-10-25 16:15:00+00:00,67606.06,0.4926933,0,0
2024-10-25 16:30:00+00:00,67779.61,0.49469492,0,0
2024-10-25 16:45:00+00:00,67670.0,0.49913448,0,0
2024-10-25 17:00:00+00:00,67720.0,0.46464774,0,0
2024-10-25 17:15:00+00:00,67418.01,0.5101933,1,0
2024-10-25 17:30:00+00:00,67279.0,0.5919606,1,0
2024-10-25 17:45:00+00:00,66836.01,0.6064313,1,1
2024-10-25 18:00:00+00:00,66971.99,0.6328354,1,1
2024-10-25 18:15:00+00:00,67399.99,0.57644886,1,0
2024-10-25 18:30:00+00:00,67353.0,0.55440766,1,0
2024-10-25 18:45:00+00:00,67026.61,0.54650706,1,0
2024-10-25 19:00:00+00:00,66842.01,0.52835345,1,0
2024-10-25 19:15:00+00:00,66933.99,0.44303083,0,0
2024-10-25 19:30:00+00:00,67012.61,0.47786346,0,0
2024-10-25 19:45:00+00:00,66850.0,0.5428284,1,0
2024-10-25 20:00:00+00:00,66849.71,0.51983166,1,0
2024-10-25 20:15:00+00:00,66910.18,0.54299307,1,0
2024-10-25 20:30:00+00:00,66750.0,0.5339568,1,1
2024-10-25 20:45:00+00:00,66937.99,0.5821699,1,0
2024-10-25 21:00:00+00:00,67039.99,0.597423,1,0
2024-10-25 21:15:00+00:00,67163.52,0.5759837,1,0
2024-10-25 21:30:00+00:00,67258.96,0.56434757,1,0
2024-10-25 21:45:00+00:00,67297.9,0.5479558,1,0
2024-10-25 22:00:00+00:00,67364.34,0.5921716,1,0
2024-10-25 22:15:00+00:00,67207.68,0.56489027,1,0
2024-10-25 22:30:00+00:00,67218.67,0.49081865,0,0
2024-10-25 22:45:00+00:00,66626.42,0.5707801,1,1
2024-10-25 23:00:00+00:00,65800.21,0.506538,1,1
2024-10-25 23:15:00+00:00,65835.68,0.60151213,1,1
2024-10-25 23:30:00+00:00,66280.92,0.66565394,1,1
2024-10-25 23:45:00+00:00,66698.33,0.6413101,1,1
2024-10-26 00:00:00+00:00,66639.91,0.6543585,1,1
2024-10-26 00:15:00+00:00,66773.99,0.6373729,1,1
2024-10-26 00:30:00+00:00,66783.63,0.65432894,1,1
2024-10-26 00:45:00+00:00,66736.0,0.65608966,1,1
2024-10-26 01:00:00+00:00,66569.99,0.62757534,1,1
2024-10-26 01:15:00+00:00,66764.65,0.60032547,1,1
2024-10-26 01:30:00+00:00,66619.99,0.57918483,1,1
2024-10-26 01:45:00+00:00,66711.99,0.5951156,1,1
2024-10-26 02:00:00+00:00,66541.99,0.57582015,1,1
2024-10-26 02:15:00+00:00,66740.15,0.5900724,1,1
2024-10-26 02:30:00+00:00,66870.01,0.3981683,0,1
2024-10-26 02:45:00+00:00,66847.18,0.44344556,0,1
2024-10-26 03:00:00+00:00,66795.99,0.41937673,0,1
2024-10-26 03:15:00+00:00,66950.96,0.46920964,0,1
2024-10-26 03:30:00+00:00,66982.24,0.37606472,0,1
2024-10-26 03:45:00+00:00,66914.0,0.44047552,0,1
2024-10-26 04:00:00+00:00,66973.98,0.4737217,0,1
2024-10-26 04:15:00+00:00,66956.57,0.39918563,0,1
2024-10-26 04:30:00+00:00,66956.01,0.3405916,0,1
2024-10-26 04:45:00+00:00,66948.07,0.38418847,0,1
2024-10-26 05:00:00+00:00,67061.12,0.37411278,0,1
2024-10-26 05:15:00+00:00,67147.98,0.40712386,0,1
2024-10-26 05:30:00+00:00,67202.02,0.38022453,0,0
2024-10-26 05:45:00+00:00,67132.0,0.49226356,0,0
2024-10-26 06:00:00+00:00,67096.94,0.51380914,1,0
2024-10-26 06:15:00+00:00,67123.98,0.5969933,1,1
2024-10-26 06:30:00+00:00,67191.61,0.51241213,1,0
2024-10-26 06:45:00+00:00,67170.03,0.64414287,1,0
2024-10-26 07:00:00+00:00,67133.79,0.5541761,1,0
2024-10-26 07:15:00+00:00,67038.0,0.5963809,1,1
2024-10-26 07:30:00+00:00,67018.39,0.5873251,1,1
2024-10-26 07:45:00+00:00,67007.99,0.5869862,1,1
2024-10-26 08:00:00+00:00,67117.96,0.38907263,0,0
2024-10-26 08:15:00+00:00,67138.0,0.43447667,0,0
2024-10-26 08:30:00+00:00,67104.0,0.6009064,1,0
2024-10-26 08:45:00+00:00,67134.65,0.67732936,1,0
2024-10-26 09:00:00+00:00,67109.99,0.6569841,1,0
2024-10-26 09:15:00+00:00,67218.69,0.6099838,1,0
2024-10-26 09:30:00+00:00,67134.0,0.679122,1,0
2024-10-26 09:45:00+00:00,67054.75,0.6458832,1,0
2024-10-26 10:00:00+00:00,67094.01,0.67978865,1,0
2024-10-26 10:15:00+00:00,67169.99,0.6255224,1,0
2024-10-26 10:30:00+00:00,67030.0,0.65037066,1,0
2024-10-26 10:45:00+00:00,67053.96,0.60720706,1,0
2024-10-26 11:00:00+00:00,67033.99,0.635214,1,0
2024-10-26 11:15:00+00:00,67052.99,0.64544433,1,0
2024-10-26 11:30:00+00:00,67139.99,0.6289147,1,0
2024-10-26 11:45:00+00:00,67138.0,0.65841544,1,0
2024-10-26 12:00:00+00:00,67082.37,0.6466593,1,0
2024-10-26 12:15:00+00:00,67030.01,0.655867,1,0
2024-10-26 12:30:00+00:00,67058.11,0.63277584,1,0
2024-10-26 12:45:00+00:00,67034.11,0.70564026,1,0
2024-10-26 13:00:00+00:00,67005.41,0.742453,1,1
2024-10-26 13:15:00+00:00,67067.99,0.7202427,1,0
2024-10-26 13:30:00+00:00,67016.01,0.74484897,1,1
2024-10-26 13:45:00+00:00,66894.0,0.7574286,1,1
2024-10-26 14:00:00+00:00,66880.0,0.75735366,1,1
2024-10-26 14:15:00+00:00,66825.78,0.75397325,1,1
2024-10-26 14:30:00+00:00,66807.99,0.7401412,1,1
2024-10-26 14:45:00+00:00,66797.99,0.768184,1,1
2024-10-26 15:00:00+00:00,66825.52,0.77295804,1,1
2024-10-26 15:15:00+00:00,66937.36,0.76793385,1,1
2024-10-26 15:30:00+00:00,66988.7,0.71597254,1,1
2024-10-26 15:45:00+00:00,66886.49,0.6767521,1,1
2024-10-26 16:00:00+00:00,66829.33,0.7528838,1,1
2024-10-26 16:15:00+00:00,66960.48,0.69474614,1,1
2024-10-26 16:30:00+00:00,66949.04,0.6050047,1,1
2024-10-26 16:45:00+00:00,66979.99,0.70420086,1,1
2024-10-26 17:00:00+00:00,67006.0,0.713893,1,1
2024-10-26 17:15:00+00:00,67047.5,0.6271889,1,1
2024-10-26 17:30:00+00:00,67114.85,0.5968472,1,1
2024-10-26 17:45:00+00:00,67062.0,0.6478631,1,1
2024-10-26 18:00:00+00:00,67125.99,0.5676565,1,1
2024-10-26 18:15:00+00:00,67106.76,0.58678323,1,1
2024-10-26 18:30:00+00:00,67102.15,0.6291807,1,1
2024-10-26 18:45:00+00:00,67042.0,0.5971587,1,1
2024-10-26 19:00:00+00:00,67142.01,0.576108,1,0
2024-10-26 19:15:00+00:00,67121.77,0.5735643,1,0
2024-10-26 19:30:00+00:00,67088.01,0.6021349,1,1
2024-10-26 19:45:00+00:00,67177.99,0.5213756,1,0
2024-10-26 20:00:00+00:00,67219.99,0.3837384,0,0
2024-10-26 20:15:00+00:00,67363.43,0.43163285,0,0
2024-10-26 20:30:00+00:00,67265.99,0.47898477,0,0
2024-10-26 20:45:00+00:00,67265.46,0.5279881,1,0
2024-10-26 21:00:00+00:00,67216.36,0.60571873,1,0
2024-10-26 21:15:00+00:00,67199.99,0.56695867,1,0
2024-10-26 21:30:00+00:00,67134.0,0.61117774,1,0
2024-10-26 21:45:00+00:00,67176.82,0.54941255,1,0
2024-10-26 22:00:00+00:00,67172.64,0.5876033,1,0
2024-10-26 22:15:00+00:00,67139.09,0.59559673,1,0
2024-10-26 22:30:00+00:00,67192.22,0.5638489,1,0
2024-10-26 22:45:00+00:00,67132.0,0.5952388,1,0
2024-10-26 23:00:00+00:00,67102.12,0.57574457,1,0
2024-10-26 23:15:00+00:00,67118.76,0.61444,1,1
2024-10-26 23:30:00+00:00,67126.0,0.6651888,1,1
2024-10-26 23:45:00+00:00,67092.76,0.6689822,1,1
2024-10-27 00:00:00+00:00,67033.01,0.76032996,1,1
2024-10-27 00:15:00+00:00,67074.0,0.7966536,1,1
2024-10-27 00:30:00+00:00,67062.0,0.78312355,1,1
2024-10-27 00:45:00+00:00,67014.85,0.81217194,1,1
2024-10-27 01:00:00+00:00,66951.94,0.7948179,1,1
2024-10-27 01:15:00+00:00,66981.73,0.8145236,1,1
2024-10-27 01:30:00+00:00,66993.11,0.77255225,1,1
2024-10-27 01:45:00+00:00,67074.94,0.6863655,1,1
2024-10-27 02:00:00+00:00,67098.01,0.6873133,1,1
2024-10-27 02:15:00+00:00,67031.07,0.67720264,1,1
2024-10-27 02:30:00+00:00,67057.48,0.7012786,1,1
2024-10-27 02:45:00+00:00,67054.0,0.7164388,1,1
2024-10-27 03:00:00+00:00,67063.44,0.7423013,1,1
2024-10-27 03:15:00+00:00,67190.0,0.58421975,1,0
2024-10-27 03:30:00+00:00,67185.94,0.55026937,1,1
2024-10-27 03:45:00+00:00,67289.57,0.35675687,0,0
2024-10-27 04:00:00+00:00,67239.9,0.3617738,0,1
2024-10-27 04:15:00+00:00,67241.47,0.45885298,0,0
2024-10-27 04:30:00+00:00,67150.01,0.3701784,0,1
2024-10-27 04:45:00+00:00,67160.0,0.39748862,0,1
2024-10-27 05:00:00+00:00,67199.26,0.42607504,0,0
2024-10-27 05:15:00+00:00,67187.61,0.470449,0,0
2024-10-27 05:30:00+00:00,67213.99,0.4561228,0,0
2024-10-27 05:45:00+00:00,67181.82,0.44535008,0,0
2024-10-27 06:00:00+00:00,67147.65,0.48572332,0,1
2024-10-27 06:15:00+00:00,67147.99,0.5135838,1,0
2024-10-27 06:30:00+00:00,67136.01,0.63974285,1,0
2024-10-27 06:45:00+00:00,67186.0,0.6659353,1,0
2024-10-27 07:00:00+00:00,67221.2,0.6479492,1,0
2024-10-27 07:15:00+00:00,67189.99,0.69630915,1,0
2024-10-27 07:30:00+00:00,67196.0,0.7418101,1,0
2024-10-27 07:45:00+00:00,67204.01,0.72519386,1,0
2024-10-27 08:00:00+00:00,67250.01,0.52501464,1,0
2024-10-27 08:15:00+00:00,67215.49,0.5673264,1,1
2024-10-27 08:30:00+00:00,67174.01,0.6890844,1,1
2024-10-27 08:45:00+00:00,67226.0,0.59734243,1,1
2024-10-27 09:00:00+00:00,67145.0,0.66879076,1,1
2024-10-27 09:15:00+00:00,67152.0,0.630939,1,1
2024-10-27 09:30:00+00:00,67126.0,0.65984356,1,1
2024-10-27 09:45:00+00:00,67149.45,0.72352576,1,1
2024-10-27 10:00:00+00:00,67176.18,0.6369481,1,1
2024-10-27 10:15:00+00:00,67121.21,0.6343296,1,1
2024-10-27 10:30:00+00:00,67084.01,0.7334193,1,1
2024-10-27 10:45:00+00:00,67088.0,0.7264825,1,1
2024-10-27 11:00:00+00:00,67062.0,0.7718429,1,1
2024-10-27 11:15:00+00:00,67138.0,0.7568967,1,1
2024-10-27 11:30:00+00:00,67149.18,0.71815366,1,1
2024-10-27 11:45:00+00:00,67128.04,0.7469348,1,1
2024-10-27 12:00:00+00:00,67189.05,0.7030905,1,1
2024-10-27 12:15:00+00:00,67369.65,0.5766987,1,1
2024-10-27 12:30:00+00:00,67408.0,0.48677257,0,1
2024-10-27 12:45:00+00:00,67400.0,0.5194017,1,1
2024-10-27 13:00:00+00:00,67606.07,0.37992924,0,1
2024-10-27 13:15:00+00:00,67664.25,0.39386946,0,1
2024-10-27 13:30:00+00:00,67672.0,0.42911908,0,1
2024-10-27 13:45:00+00:00,67616.0,0.427792,0,1
2024-10-27 14:00:00+00:00,67632.58,0.4795912,0,1
2024-10-27 14:15:00+00:00,67682.78,0.5330317,1,1
2024-10-27 14:30:00+00:00,67717.51,0.56297576,1,0
2024-10-27 14:45:00+00:00,67695.99,0.58357155,1,0
2024-10-27 15:00:00+00:00,67742.0,0.5590219,1,0
2024-10-27 15:15:00+00:00,67720.0,0.57190084,1,1
2024-10-27 15:30:00+00:00,67798.04,0.58386904,1,1
2024-10-27 15:45:00+00:00,67791.99,0.64428383,1,1
2024-10-27 16:00:00+00:00,67841.48,0.62881947,1,0
2024-10-27 16:15:00+00:00,67689.99,0.60187924,1,1
2024-10-27 16:30:00+00:00,67739.82,0.72221977,1,1
2024-10-27 16:45:00+00:00,67828.0,0.71027535,1,0
2024-10-27 17:00:00+00:00,67803.0,0.69625086,1,0
2024-10-27 17:15:00+00:00,67759.37,0.66989046,1,1
2024-10-27 17:30:00+00:00,67850.01,0.63276315,1,1
2024-10-27 17:45:00+00:00,67759.7,0.68456626,1,1
2024-10-27 18:00:00+00:00,67668.32,0.6925817,1,1
2024-10-27 18:15:00+00:00,67686.45,0.6918057,1,1
2024-10-27 18:30:00+00:00,67695.17,0.7385612,1,1
2024-10-27 18:45:00+00:00,67560.0,0.70512843,1,1
2024-10-27 19:00:00+00:00,67597.99,0.71778446,1,1
2024-10-27 19:15:00+00:00,67801.24,0.6159689,1,1
2024-10-27 19:30:00+00:00,67805.8,0.6299761,1,1
2024-10-27 19:45:00+00:00,67850.0,0.5246226,1,1
2024-10-27 20:00:00+00:00,67818.18,0.55400825,1,1
2024-10-27 20:15:00+00:00,67887.98,0.595843,1,1
2024-10-27 20:30:00+00:00,67839.41,0.6106689,1,1
2024-10-27 20:45:00+00:00,67762.01,0.6230597,1,1
2024-10-27 21:00:00+00:00,67777.53,0.6984675,1,1
2024-10-27 21:15:00+00:00,67953.98,0.58757573,1,0
2024-10-27 21:30:00+00:00,68000.0,0.46425444,0,0
2024-10-27 21:45:00+00:00,67930.01,0.5004085,1,0
2024-10-27 22:00:00+00:00,68242.0,0.35603666,0,0
2024-10-27 22:15:00+00:00,68300.4,0.3050659,0,0
2024-10-27 22:30:00+00:00,68232.37,0.3324002,0,0
2024-10-27 22:45:00+00:00,68124.0,0.3919875,0,0
2024-10-27 23:00:00+00:00,68242.45,0.32043788,0,0
2024-10-27 23:15:00+00:00,68075.8,0.36290172,0,0
2024-10-27 23:30:00+00:00,68046.49,0.3696048,0,0
2024-10-27 23:45:00+00:00,68021.7,0.41260564,0,0
2024-10-28 00:00:00+00:00,68057.98,0.36653855,0,0
2024-10-28 00:15:00+00:00,68045.21,0.37914655,0,0
2024-10-28 00:30:00+00:00,67886.0,0.40304926,0,0
2024-10-28 00:45:00+00:00,67859.91,0.42639804,0,0
2024-10-28 01:00:00+00:00,67890.96,0.42830095,0,0
2024-10-28 01:15:00+00:00,67797.99,0.47096795,0,0
2024-10-28 01:30:00+00:00,67793.33,0.72619724,1,0
2024-10-28 01:45:00+00:00,67751.89,0.71298325,1,1
2024-10-28 02:00:00+00:00,67739.17,0.7974775,1,1
2024-10-28 02:15:00+00:00,67856.69,0.6579059,1,0
2024-10-28 02:30:00+00:00,67772.87,0.73587924,1,1
2024-10-28 02:45:00+00:00,67803.99,0.69208986,1,1
2024-10-28 03:00:00+00:00,67924.31,0.6284993,1,1
2024-10-28 03:15:00+00:00,67930.14,0.6017329,1,1
2024-10-28 03:30:00+00:00,67815.8,0.6368119,1,1
2024-10-28 03:45:00+00:00,67727.59,0.6799724,1,1
2024-10-28 04:00:00+00:00,67799.99,0.69578,1,1
2024-10-28 04:15:00+00:00,67671.93,0.6816502,1,1
2024-10-28 04:30:00+00:00,67674.03,0.7024223,1,1
2024-10-28 04:45:00+00:00,67744.29,0.6940536,1,1
2024-10-28 05:00:00+00:00,67701.63,0.73425037,1,1
2024-10-28 05:15:00+00:00,67705.0,0.71840346,1,1
2024-10-28 05:30:00+00:00,67761.63,0.73405045,1,1
2024-10-28 05:45:00+00:00,67909.85,0.7003388,1,1
2024-10-28 06:00:00+00:00,67854.0,0.7128754,1,1
2024-10-28 06:15:00+00:00,67828.9,0.7192021,1,1
2024-10-28 06:30:00+00:00,67898.0,0.7273116,1,1
2024-10-28 06:45:00+00:00,67959.15,0.72846675,1,1
2024-10-28 07:00:00+00:00,68450.0,0.45899045,0,1
2024-10-28 07:15:00+00:00,68608.35,0.3522483,0,1
2024-10-28 07:30:00+00:00,68479.99,0.3101725,0,1
2024-10-28 07:45:00+00:00,68415.52,0.31030828,0,1
2024-10-28 08:00:00+00:00,68531.97,0.32068303,0,1
2024-10-28 08:15:00+00:00,68454.54,0.3167222,0,1
2024-10-28 08:30:00+00:00,68360.0,0.4742405,0,1
2024-10-28 08:45:00+00:00,68328.0,0.5247472,1,1
2024-10-28 09:00:00+00:00,68399.99,0.55603707,1,1
2024-10-28 09:15:00+00:00,68297.51,0.55513036,1,1
2024-10-28 09:30:00+00:00,68337.18,0.55372036,1,1
2024-10-28 09:45:00+00:00,68574.0,0.58832383,1,1
2024-10-28 10:00:00+00:00,68589.12,0.5824036,1,1
2024-10-28 10:15:00+00:00,68739.99,0.566446,1,1
2024-10-28 10:30:00+00:00,68734.88,0.5746585,1,1
2024-10-28 10:45:00+00:00,68625.87,0.5975519,1,1
2024-10-28 11:00:00+00:00,68661.62,0.5652048,1,1
2024-10-28 11:15:00+00:00,68737.87,0.5919162,1,0
2024-10-28 11:30:00+00:00,68692.88,0.5989617,1,0
2024-10-28 11:45:00+00:00,68753.78,0.63020027,1,0
2024-10-28 12:00:00+00:00,68689.75,0.5280817,1,1
2024-10-28 12:15:00+00:00,68923.08,0.41542307,0,0
2024-10-28 12:30:00+00:00,68959.98,0.55371207,1,0
2024-10-28 12:45:00+00:00,68908.01,0.46682125,0,0
2024-10-28 13:00:00+00:00,69032.0,0.4817077,0,0
2024-10-28 13:15:00+00:00,68963.99,0.5118966,1,0
2024-10-28 13:30:00+00:00,69062.0,0.4638518,0,1
2024-10-28 13:45:00+00:00,68819.99,0.5200427,1,1
2024-10-28 14:00:00+00:00,69039.22,0.47245815,0,1
2024-10-28 14:15:00+00:00,68810.74,0.4782635,0,1
2024-10-28 14:30:00+00:00,68939.39,0.41287237,0,0
2024-10-28 14:45:00+00:00,68840.0,0.49176314,0,1
2024-10-28 15:00:00+00:00,68699.9,0.5120437,1,1
2024-10-28 15:15:00+00:00,68521.03,0.47733665,0,1
2024-10-28 15:30:00+00:00,68599.99,0.49245566,0,1
2024-10-28 15:45:00+00:00,68494.2,0.560222,1,1
2024-10-28 16:00:00+00:00,68777.92,0.53374904,1,1
2024-10-28 16:15:00+00:00,68794.52,0.4958874,0,1
2024-10-28 16:30:00+00:00,68909.09,0.5358553,1,1
2024-10-28 16:45:00+00:00,68709.27,0.5105775,1,1
2024-10-28 17:00:00+00:00,68904.0,0.49049252,0,1
2024-10-28 17:15:00+00:00,68952.41,0.57318306,1,1
2024-10-28 17:30:00+00:00,69189.3,0.53125936,1,1
2024-10-28 17:45:00+00:00,68984.0,0.54205793,1,1
2024-10-28 18:00:00+00:00,69169.52,0.5287422,1,1
2024-10-28 18:15:00+00:00,68924.33,0.54117084,1,1
2024-10-28 18:30:00+00:00,68938.93,0.5365101,1,1
2024-10-28 18:45:00+00:00,69212.12,0.51908237,1,1
2024-10-28 19:00:00+00:00,69593.92,0.4730714,0,1
2024-10-28 19:15:00+00:00,69817.06,0.4632368,0,0
2024-10-28 19:30:00+00:00,69765.75,0.50615484,1,1
2024-10-28 19:45:00+00:00,69629.98,0.43563128,0,1
2024-10-28 20:00:00+00:00,69557.4,0.4570366,0,1
2024-10-28 20:15:00+00:00,69442.0,0.4070578,0,1
2024-10-28 20:30:00+00:00,69536.09,0.467311,0,1
2024-10-28 20:45:00+00:00,69644.56,0.38870502,0,1
2024-10-28 21:00:00+00:00,69679.99,0.43863848,0,1
2024-10-28 21:15:00+00:00,69589.99,0.41959712,0,1
2024-10-28 21:30:00+00:00,69686.02,0.43008727,0,1
2024-10-28 21:45:00+00:00,69791.0,0.37536278,0,1
2024-10-28 22:00:00+00:00,70028.58,0.4133239,0,1
2024-10-28 22:15:00+00:00,69911.32,0.40722016,0,1
2024-10-28 22:30:00+00:00,69814.01,0.38107765,0,1
2024-10-28 22:45:00+00:00,69961.65,0.37358356,0,1
2024-10-28 23:00:00+00:00,69924.0,0.3886991,0,1
2024-10-28 23:15:00+00:00,69809.01,0.33713582,0,1
2024-10-28 23:30:00+00:00,69870.01,0.20563713,0,1
2024-10-28 23:45:00+00:00,69962.21,0.17925069,0,1
2024-10-29 00:00:00+00:00,69855.46,0.178383,0,1
2024-10-29 00:15:00+00:00,69848.41,0.19753666,0,1
2024-10-29 00:30:00+00:00,69790.01,0.22018215,0,1
2024-10-29 00:45:00+00:00,69960.88,0.19577156,0,1
2024-10-29 01:00:00+00:00,69884.5,0.23778759,0,1
2024-10-29 01:15:00+00:00,69915.92,0.2654966,0,1
2024-10-29 01:30:00+00:00,69968.92,0.32537153,0,1
2024-10-29 01:45:00+00:00,70310.58,0.24477237,0,1
2024-10-29 02:00:00+00:00,71003.99,0.31092596,0,1
2024-10-29 02:15:00+00:00,71372.0,0.41429117,0,0
2024-10-29 02:30:00+00:00,71377.53,0.29562023,0,0
2024-10-29 02:45:00+00:00,71190.05,0.20832548,0,1
2024-10-29 03:00:00+00:00,71343.03,0.21311766,0,0
2024-10-29 03:15:00+00:00,71207.99,0.21572243,0,0
2024-10-29 03:30:00+00:00,71046.46,0.18011212,0,0
2024-10-29 03:45:00+00:00,70938.14,0.25902092,0,1
2024-10-29 04:00:00+00:00,71084.68,0.21332598,0,0
2024-10-29 04:15:00+00:00,71109.44,0.3159071,0,1
2024-10-29 04:30:00+00:00,71019.12,0.31353787,0,1
2024-10-29 04:45:00+00:00,71088.01,0.31079862,0,1
2024-10-29 05:00:00+00:00,71022.0,0.36892447,0,1
2024-10-29 05:15:00+00:00,70916.27,0.30820855,0,1
2024-10-29 05:30:00+00:00,70954.46,0.40503725,0,1
2024-10-29 05:45:00+00:00,71039.99,0.5293255,1,1
2024-10-29 06:00:00+00:00,71199.91,0.41590032,0,0
2024-10-29 06:15:00+00:00,71102.85,0.47015443,0,1
2024-10-29 06:30:00+00:00,71206.65,0.55003875,1,1
2024-10-29 06:45:00+00:00,71248.45,0.4742177,0,0
2024-10-29 07:00:00+00:00,70954.86,0.4674087,0,1
2024-10-29 07:15:00+00:00,71037.45,0.4138635,0,1
2024-10-29 07:30:00+00:00,70934.01,0.37058765,0,1
2024-10-29 07:45:00+00:00,71017.97,0.42720684,0,1
2024-10-29 08:00:00+00:00,71030.89,0.4636328,0,1
2024-10-29 08:15:00+00:00,71111.11,0.30469474,0,1
2024-10-29 08:30:00+00:00,71219.71,0.25711527,0,1
2024-10-29 08:45:00+00:00,71134.01,0.20331,0,0
2024-10-29 09:00:00+00:00,71257.95,0.18112992,0,0
2024-10-29 09:15:00+00:00,71330.13,0.23111439,0,0
2024-10-29 09:30:00+00:00,71226.0,0.28733015,0,1
2024-10-29 09:45:00+00:00,71301.42,0.2869252,0,1
2024-10-29 10:00:00+00:00,71176.91,0.16442473,0,1
2024-10-29 10:15:00+00:00,71146.0,0.4700404,0,1
2024-10-29 10:30:00+00:00,71286.0,0.34587637,0,1
2024-10-29 10:45:00+00:00,71171.32,0.482934,0,1
2024-10-29 11:00:00+00:00,71257.99,0.42487556,0,1
2024-10-29 11:15:00+00:00,71299.99,0.34764493,0,1
2024-10-29 11:30:00+00:00,71539.91,0.27084696,0,1
2024-10-29 11:45:00+00:00,71452.01,0.30660966,0,1
2024-10-29 12:00:00+00:00,71216.0,0.27156746,0,1
2024-10-29 12:15:00+00:00,71234.3,0.3295182,0,1
2024-10-29 12:30:00+00:00,71276.15,0.43783653,0,1
2024-10-29 12:45:00+00:00,71108.01,0.42124835,0,1
2024-10-29 13:00:00+00:00,71176.05,0.38678077,0,1
2024-10-29 13:15:00+00:00,71228.55,0.54871374,1,1
2024-10-29 13:30:00+00:00,71516.61,0.19433232,0,1
2024-10-29 13:45:00+00:00,71804.0,0.1365386,0,1
2024-10-29 14:00:00+00:00,71603.72,0.14214085,0,1
2024-10-29 14:15:00+00:00,71592.0,0.1682919,0,1
2024-10-29 14:30:00+00:00,71817.14,0.18849654,0,1
2024-10-29 14:45:00+00:00,71867.09,0.18552485,0,1
2024-10-29 15:00:00+00:00,71866.0,0.15602548,0,1
2024-10-29 15:15:00+00:00,71921.57,0.15583247,0,1
2024-10-29 15:30:00+00:00,72189.23,0.18678813,0,1
2024-10-29 15:45:00+00:00,72402.01,0.13934018,0,1
2024-10-29 16:00:00+00:00,72459.72,0.15655951,0,0
2024-10-29 16:15:00+00:00,72706.0,0.17080493,0,0
2024-10-29 16:30:00+00:00,72699.94,0.17623973,0,0
2024-10-29 16:45:00+00:00,72739.44,0.17965598,0,0
2024-10-29 17:00:00+00:00,72745.51,0.20755622,0,0
2024-10-29 17:15:00+00:00,72922.01,0.16354993,0,0
2024-10-29 17:30:00+00:00,72720.09,0.18991502,0,0
2024-10-29 17:45:00+00:00,72721.5,0.1891498,0,0
2024-10-29 18:00:00+00:00,72796.0,0.2465093,0,0
2024-10-29 18:15:00+00:00,72848.93,0.25457186,0,0
2024-10-29 18:30:00+00:00,72934.09,0.307867,0,0
2024-10-29 18:45:00+00:00,73170.01,0.2938747,0,0
2024-10-29 19:00:00+00:00,73554.3,0.3215734,0,0
2024-10-29 19:15:00+00:00,72859.91,0.14688963,0,0
2024-10-29 19:30:00+00:00,72674.13,0.15918031,0,1
2024-10-29 19:45:00+00:00,72536.16,0.18332191,0,1
2024-10-29 20:00:00+00:00,72438.0,0.2871535,0,1
2024-10-29 20:15:00+00:00,71995.53,0.30786112,0,1
2024-10-29 20:30:00+00:00,72176.0,0.3414411,0,1
2024-10-29 20:45:00+00:00,72336.22,0.29069507,0,0
2024-10-29 21:00:00+00:00,72487.99,0.25587866,0,0
2024-10-29 21:15:00+00:00,72420.2,0.2764164,0,0
2024-10-29 21:30:00+00:00,72333.38,0.26549608,0,0
2024-10-29 21:45:00+00:00,72289.98,0.20974398,0,1
2024-10-29 22:00:00+00:00,72389.15,0.2427427,0,1
2024-10-29 22:15:00+00:00,72373.42,0.2677475,0,1
2024-10-29 22:30:00+00:00,72742.0,0.32644525,0,0
2024-10-29 22:45:00+00:00,72660.0,0.22980745,0,0
2024-10-29 23:00:00+00:00,72580.01,0.23790057,0,0
2024-10-29 23:15:00+00:00,72633.99,0.20273331,0,0
2024-10-29 23:30:00+00:00,72740.05,0.17441417,0,0
2024-10-29 23:45:00+00:00,72736.42,0.20846997,0,0
2024-10-30 00:00:00+00:00,72541.58,0.15078318,0,0
2024-10-30 00:15:00+00:00,72453.47,0.13118882,0,0
2024-10-30 00:30:00+00:00,72313.12,0.14243403,0,1
2024-10-30 00:45:00+00:00,72289.99,0.14171799,0,0
2024-10-30 01:00:00+00:00,72122.01,0.25771204,0,1
2024-10-30 01:15:00+00:00,72136.0,0.27865213,0,1
2024-10-30 01:30:00+00:00,72310.89,0.23999438,0,1
2024-10-30 01:45:00+00:00,72415.36,0.256535,0,1
2024-10-30 02:00:00+00:00,72554.88,0.22642505,0,1
2024-10-30 02:15:00+00:00,72420.0,0.278395,0,1
2024-10-30 02:30:00+00:00,72418.0,0.21610785,0,0
2024-10-30 02:45:00+00:00,72342.99,0.3499073,0,0
2024-10-30 03:00:00+00:00,72406.0,0.32964298,0,1
2024-10-30 03:15:00+00:00,72259.6,0.29966635,0,1
2024-10-30 03:30:00+00:00,72321.27,0.3520557,0,0
2024-10-30 03:45:00+00:00,72234.0,0.35308027,0,0
2024-10-30 04:00:00+00:00,72235.0,0.3728264,0,1
2024-10-30 04:15:00+00:00,72319.72,0.5724304,1,1
2024-10-30 04:30:00+00:00,72335.6,0.6484695,1,1
2024-10-30 04:45:00+00:00,72282.0,0.6901327,1,0
2024-10-30 05:00:00+00:00,72419.48,0.74961627,1,1
2024-10-30 05:15:00+00:00,72485.04,0.7515633,1,1
2024-10-30 05:30:00+00:00,72479.97,0.8182927,1,0
2024-10-30 05:45:00+00:00,72498.0,0.80739975,1,1
2024-10-30 06:00:00+00:00,72565.53,0.7556868,1,0
2024-10-30 06:15:00+00:00,72424.11,0.7933723,1,1
2024-10-30 06:30:00+00:00,72345.49,0.84045625,1,1
2024-10-30 06:45:00+00:00,72306.31,0.8702022,1,1
2024-10-30 07:00:00+00:00,72412.0,0.84594685,1,0
2024-10-30 07:15:00+00:00,72323.76,0.83594644,1,0
2024-10-30 07:30:00+00:00,72226.2,0.84086347,1,0
2024-10-30 07:45:00+00:00,72227.99,0.81981325,1,0
2024-10-30 08:00:00+00:00,72498.89,0.7347775,1,0
2024-10-30 08:15:00+00:00,72490.07,0.6986896,1,0
2024-10-30 08:30:00+00:00,72399.91,0.8153863,1,0
2024-10-30 08:45:00+00:00,72241.35,0.77938855,1,0
2024-10-30 09:00:00+00:00,72424.16,0.7967764,1,0
2024-10-30 09:15:00+00:00,72506.43,0.8226131,1,0
2024-10-30 09:30:00+00:00,72414.84,0.7906437,1,0
2024-10-30 09:45:00+00:00,72576.01,0.8147135,1,0
2024-10-30 10:00:00+00:00,72560.75,0.7597334,1,0
2024-10-30 10:15:00+00:00,72503.99,0.7595003,1,0
2024-10-30 10:30:00+00:00,72449.17,0.79831064,1,0
2024-10-30 10:45:00+00:00,72378.02,0.78766125,1,1
2024-10-30 11:00:00+00:00,72226.0,0.7480069,1,0
2024-10-30 11:15:00+00:00,72149.99,0.70144844,1,0
2024-10-30 11:30:00+00:00,72223.99,0.81200147,1,0
2024-10-30 11:45:00+00:00,71983.99,0.7490771,1,1
2024-10-30 12:00:00+00:00,72062.01,0.6183144,1,0
2024-10-30 12:15:00+00:00,72059.99,0.5390044,1,0
2024-10-30 12:30:00+00:00,71939.99,0.5154636,1,1
2024-10-30 12:45:00+00:00,71862.17,0.63066024,1,1
2024-10-30 13:00:00+00:00,71875.48,0.6028877,1,0
2024-10-30 13:15:00+00:00,71772.03,0.6148486,1,1
2024-10-30 13:30:00+00:00,71481.24,0.6335849,1,1
2024-10-30 13:45:00+00:00,71966.0,0.5245515,1,0
2024-10-30 14:00:00+00:00,72309.01,0.5079667,1,0
2024-10-30 14:15:00+00:00,72166.31,0.49908412,0,0
2024-10-30 14:30:00+00:00,72326.02,0.51402885,1,0
2024-10-30 14:45:00+00:00,72411.79,0.5347747,1,0
2024-10-30 15:00:00+00:00,71868.03,0.59278387,1,1
2024-10-30 15:15:00+00:00,71958.0,0.60572904,1,0
2024-10-30 15:30:00+00:00,71921.8,0.538464,1,1
2024-10-30 15:45:00+00:00,72061.34,0.5499538,1,0
2024-10-30 16:00:00+00:00,71863.95,0.56090844,1,1
2024-10-30 16:15:00+00:00,72027.5,0.52430856,1,1
2024-10-30 16:30:00+00:00,72070.97,0.35829446,0,1
2024-10-30 16:45:00+00:00,72110.86,0.36078638,0,1
2024-10-30 17:00:00+00:00,71864.01,0.38327986,0,1
2024-10-30 17:15:00+00:00,71854.1,0.4889329,0,1
2024-10-30 17:30:00+00:00,71783.99,0.5408887,1,1
2024-10-30 17:45:00+00:00,71894.72,0.5357626,1,1
2024-10-30 18:00:00+00:00,72006.01,0.44270164,0,1
2024-10-30 18:15:00+00:00,72020.0,0.38668168,0,1
2024-10-30 18:30:00+00:00,72141.99,0.3507754,0,1
2024-10-30 18:45:00+00:00,71974.75,0.3331073,0,1
2024-10-30 19:00:00+00:00,72027.15,0.5902413,1,1
2024-10-30 19:15:00+00:00,71859.38,0.6114114,1,1
2024-10-30 19:30:00+00:00,71942.11,0.744615,1,1
2024-10-30 19:45:00+00:00,71822.01,0.67926764,1,1
2024-10-30 20:00:00+00:00,71910.5,0.39893,0,1
2024-10-30 20:15:00+00:00,72303.17,0.4100278,0,1
2024-10-30 20:30:00+00:00,72450.0,0.23836723,0,0
2024-10-30 20:45:00+00:00,72857.14,0.2885365,0,0
2024-10-30 21:00:00+00:00,72470.0,0.32571554,0,0
2024-10-30 21:15:00+00:00,72305.49,0.28809687,0,0
2024-10-30 21:30:00+00:00,72197.46,0.30867884,0,1
2024-10-30 21:45:00+00:00,72388.1,0.29235289,0,0
2024-10-30 22:00:00+00:00,72502.5,0.2894968,0,0
2024-10-30 22:15:00+00:00,72527.52,0.2953869,0,0
2024-10-30 22:30:00+00:00,72402.0,0.33238545,0,1
2024-10-30 22:45:00+00:00,72397.4,0.37200302,0,1
2024-10-30 23:00:00+00:00,72564.0,0.35084417,0,0
2024-10-30 23:15:00+00:00,72622.87,0.37258548,0,0
2024-10-30 23:30:00+00:00,72474.0,0.39289078,0,0
2024-10-30 23:45:00+00:00,72344.74,0.39258534,0,1
2024-10-31 00:00:00+00:00,72349.06,0.4823919,0,0
2024-10-31 00:15:00+00:00,72315.2,0.51824206,1,0
2024-10-31 00:30:00+00:00,72062.01,0.56163776,1,1
2024-10-31 00:45:00+00:00,72165.99,0.4538141,0,1
2024-10-31 01:00:00+00:00,72304.99,0.50132495,1,0
2024-10-31 01:15:00+00:00,72299.99,0.5571471,1,0
2024-10-31 01:30:00+00:00,72223.99,0.477628,0,1
2024-10-31 01:45:00+00:00,72370.0,0.7171537,1,0
2024-10-31 02:00:00+00:00,72255.35,0.70407337,1,1
2024-10-31 02:15:00+00:00,72315.99,0.7094947,1,0
2024-10-31 02:30:00+00:00,72424.0,0.7173001,1,0
2024-10-31 02:45:00+00:00,72553.01,0.6987343,1,0
2024-10-31 03:00:00+00:00,72545.08,0.693977,1,0
2024-10-31 03:15:00+00:00,72380.09,0.68523383,1,0
2024-10-31 03:30:00+00:00,72434.0,0.7016423,1,1
2024-10-31 03:45:00+00:00,72353.74,0.7118701,1,1
2024-10-31 04:00:00+00:00,72336.53,0.60816103,1,0
2024-10-31 04:15:00+00:00,72312.0,0.7893949,1,0
2024-10-31 04:30:00+00:00,72317.97,0.7910297,1,0
2024-10-31 04:45:00+00:00,72273.99,0.81442624,1,1
2024-10-31 05:00:00+00:00,72240.0,0.85427946,1,1
2024-10-31 05:15:00+00:00,72283.48,0.845926,1,1
2024-10-31 05:30:00+00:00,72324.82,0.84443986,1,1
2024-10-31 05:45:00+00:00,72282.0,0.8370438,1,1
2024-10-31 06:00:00+00:00,72284.57,0.85276055,1,1
2024-10-31 06:15:00+00:00,72279.9,0.8152215,1,0
2024-10-31 06:30:00+00:00,72233.99,0.81512344,1,1
2024-10-31 06:45:00+00:00,72212.12,0.7757073,1,1
2024-10-31 07:00:00+00:00,72249.99,0.766652,1,1
2024-10-31 07:15:00+00:00,72370.0,0.74964815,1,0
2024-10-31 07:30:00+00:00,72443.96,0.5946433,1,0
2024-10-31 07:45:00+00:00,72417.19,0.6528843,1,0
2024-10-31 08:00:00+00:00,72316.0,0.8094008,1,0
2024-10-31 08:15:00+00:00,72224.01,0.8355225,1,0
2024-10-31 08:30:00+00:00,72189.99,0.8443767,1,0
2024-10-31 08:45:00+00:00,72276.05,0.87822014,1,0
2024-10-31 09:00:00+00:00,72320.01,0.839786,1,0
2024-10-31 09:15:00+00:00,72370.01,0.84793216,1,0
2024-10-31 09:30:00+00:00,72354.01,0.84708196,1,0
2024-10-31 09:45:00+00:00,72304.7,0.85631317,1,0
2024-10-31 10:00:00+00:00,72322.77,0.8178555,1,0
2024-10-31 10:15:00+00:00,72267.2,0.8253881,1,0
2024-10-31 10:30:00+00:00,72524.0,0.6493279,1,0
2024-10-31 10:45:00+00:00,72639.27,0.5906211,1,0
2024-10-31 11:00:00+00:00,72404.01,0.7739151,1,0
2024-10-31 11:15:00+00:00,72335.02,0.7743907,1,0
2024-10-31 11:30:00+00:00,72265.04,0.7631044,1,0
2024-10-31 11:45:00+00:00,72226.0,0.76273936,1,0
2024-10-31 12:00:00+00:00,72200.25,0.77812684,1,0
2024-10-31 12:15:00+00:00,72118.0,0.7919531,1,0
2024-10-31 12:30:00+00:00,72180.02,0.73852223,1,0
2024-10-31 12:45:00+00:00,72114.0,0.68501467,1,0
2024-10-31 13:00:00+00:00,72065.99,0.70958924,1,0
2024-10-31 13:15:00+00:00,71959.99,0.69984204,1,0
2024-10-31 13:30:00+00:00,71792.58,0.4395946,0,0
2024-10-31 13:45:00+00:00,71308.0,0.24067535,0,0
2024-10-31 14:00:00+00:00,71160.02,0.3002938,0,0
2024-10-31 14:15:00+00:00,70982.0,0.30798316,0,0
2024-10-31 14:30:00+00:00,70870.01,0.35215476,0,0
2024-10-31 14:45:00+00:00,70752.02,0.2841172,0,0
2024-10-31 15:00:00+00:00,70774.4,0.5358496,1,0
2024-10-31 15:15:00+00:00,70869.76,0.57944304,1,0
2024-10-31 15:30:00+00:00,70761.98,0.5654185,1,0
2024-10-31 15:45:00+00:00,70620.0,0.5986449,1,0
2024-10-31 16:00:00+00:00,70670.35,0.56543577,1,0
2024-10-31 16:15:00+00:00,70539.9,0.61548555,1,0
2024-10-31 16:30:00+00:00,70450.0,0.6302765,1,0
2024-10-31 16:45:00+00:00,70403.58,0.594187,1,0
2024-10-31 17:00:00+00:00,70800.0,0.5911748,1,0
2024-10-31 17:15:00+00:00,70650.0,0.62416065,1,0
2024-10-31 17:30:00+00:00,70676.0,0.5725338,1,0
2024-10-31 17:45:00+00:00,70785.28,0.559088,1,0
2024-10-31 18:00:00+00:00,70469.86,0.54990333,1,0
2024-10-31 18:15:00+00:00,70372.72,0.6130338,1,0
2024-10-31 18:30:00+00:00,70442.01,0.6713016,1,1
2024-10-31 18:45:00+00:00,70633.67,0.54978323,1,0
2024-10-31 19:00:00+00:00,70743.38,0.4959063,0,0
2024-10-31 19:15:00+00:00,70406.27,0.60701925,1,1
2024-10-31 19:30:00+00:00,70458.0,0.5852399,1,1
2024-10-31 19:45:00+00:00,70092.07,0.3752844,0,1
2024-10-31 20:00:00+00:00,70066.01,0.5083302,1,1
2024-10-31 20:15:00+00:00,70193.75,0.48395932,0,1
2024-10-31 20:30:00+00:00,70078.01,0.6533015,1,1
2024-10-31 20:45:00+00:00,70026.73,0.6005427,1,1
2024-10-31 21:00:00+00:00,70236.32,0.68098694,1,1
2024-10-31 21:15:00+00:00,70310.92,0.6301207,1,0
2024-10-31 21:30:00+00:00,70328.17,0.73144656,1,0
2024-10-31 21:45:00+00:00,70442.39,0.6019023,1,0
2024-10-31 22:00:00+00:00,70312.01,0.6064084,1,0
2024-10-31 22:15:00+00:00,70292.0,0.65729636,1,0
2024-10-31 22:30:00+00:00,70492.09,0.5758441,1,0
2024-10-31 22:45:00+00:00,70480.0,0.50691485,1,0
2024-10-31 23:00:00+00:00,70496.46,0.3879491,0,0
2024-10-31 23:15:00+00:00,70620.56,0.38471523,0,0
2024-10-31 23:30:00+00:00,70476.0,0.31579208,0,0
2024-10-31 23:45:00+00:00,70292.01,0.3929013,0,0
2024-11-01 00:00:00+00:00,70461.99,0.3449152,0,0
2024-11-01 00:15:00+00:00,70428.0,0.43749315,0,0
2024-11-01 00:30:00+00:00,70256.0,0.4204421,0,0
2024-11-01 00:45:00+00:00,70173.73,0.6054255,1,0
2024-11-01 01:00:00+00:00,70340.0,0.6226859,1,0
2024-11-01 01:15:00+00:00,70043.35,0.58380127,1,0
2024-11-01 01:30:00+00:00,69929.78,0.45020536,0,0
2024-11-01 01:45:00+00:00,69402.01,0.59132385,1,1
2024-11-01 02:00:00+00:00,69042.01,0.465428,0,1
2024-11-01 02:15:00+00:00,69390.01,0.6075678,1,0
2024-11-01 02:30:00+00:00,69326.02,0.5754052,1,1
2024-11-01 02:45:00+00:00,69579.89,0.6588662,1,0
2024-11-01 03:00:00+00:00,69561.16,0.69445765,1,0
2024-11-01 03:15:00+00:00,69646.0,0.8426154,1,0
2024-11-01 03:30:00+00:00,69466.55,0.8504126,1,0
2024-11-01 03:45:00+00:00,69369.99,0.8101444,1,0
2024-11-01 04:00:00+00:00,69429.99,0.8122123,1,1
2024-11-01 04:15:00+00:00,69499.99,0.82930285,1,0
2024-11-01 04:30:00+00:00,69570.01,0.8146107,1,0
2024-11-01 04:45:00+00:00,69592.0,0.6782552,1,0
2024-11-01 05:00:00+00:00,69553.96,0.8196006,1,0
2024-11-01 05:15:00+00:00,69617.18,0.8057463,1,0
2024-11-01 05:30:00+00:00,69632.0,0.724529,1,0
2024-11-01 05:45:00+00:00,69609.29,0.6830293,1,0
2024-11-01 06:00:00+00:00,69400.01,0.70132995,1,1
2024-11-01 06:15:00+00:00,69308.0,0.6222466,1,1
2024-11-01 06:30:00+00:00,69438.94,0.7076621,1,1
2024-11-01 06:45:00+00:00,69212.13,0.68726784,1,1
2024-11-01 07:00:00+00:00,69100.86,0.6779121,1,1
2024-11-01 07:15:00+00:00,69254.01,0.610156,1,1
2024-11-01 07:30:00+00:00,69294.61,0.5466648,1,1
2024-11-01 07:45:00+00:00,69273.7,0.57555884,1,1
2024-11-01 08:00:00+00:00,69442.0,0.5803292,1,1
2024-11-01 08:15:00+00:00,69462.0,0.6383963,1,1
2024-11-01 08:30:00+00:00,69430.0,0.73363304,1,1
2024-11-01 08:45:00+00:00,69376.1,0.74171,1,1
2024-11-01 09:00:00+00:00,69483.99,0.73154056,1,1
2024-11-01 09:15:00+00:00,69428.0,0.7828826,1,1
2024-11-01 09:30:00+00:00,69533.99,0.68508816,1,1
2024-11-01 09:45:00+00:00,69534.9,0.6302855,1,1
2024-11-01 10:00:00+00:00,69647.5,0.65911514,1,1
2024-11-01 10:15:00+00:00,69994.0,0.3016789,0,1
2024-11-01 10:30:00+00:00,69832.51,0.43749207,0,1
2024-11-01 10:45:00+00:00,69989.65,0.36302632,0,1
2024-11-01 11:00:00+00:00,70176.0,0.36152247,0,1
2024-11-01 11:15:00+00:00,70187.99,0.47670883,0,1
2024-11-01 11:30:00+00:00,70173.99,0.57016116,1,0
2024-11-01 11:45:00+00:00,70002.01,0.55164963,1,0
2024-11-01 12:00:00+00:00,70167.95,0.46267742,0,0
2024-11-01 12:15:00+00:00,70094.0,0.5089527,1,1
2024-11-01 12:30:00+00:00,70279.17,0.48632824,0,0
2024-11-01 12:45:00+00:00,70354.87,0.47468367,0,0
2024-11-01 13:00:00+00:00,70202.83,0.4780627,0,0
2024-11-01 13:15:00+00:00,70222.0,0.5302533,1,0
2024-11-01 13:30:00+00:00,70636.0,0.4586265,0,0
2024-11-01 13:45:00+00:00,71200.44,0.43847853,0,0
2024-11-01 14:00:00+00:00,71352.01,0.49601537,0,0
2024-11-01 14:15:00+00:00,71505.94,0.3916051,0,0
2024-11-01 14:30:00+00:00,71220.0,0.37129557,0,0
2024-11-01 14:45:00+00:00,71271.17,0.394143,0,0
2024-11-01 15:00:00+00:00,71090.9,0.37450308,0,0
2024-11-01 15:15:00+00:00,70873.98,0.37090603,0,0
2024-11-01 15:30:00+00:00,69945.71,0.5425543,1,0
2024-11-01 15:45:00+00:00,69387.77,0.621807,1,0
2024-11-01 16:00:00+00:00,70032.61,0.5977062,1,0
2024-11-01 16:15:00+00:00,70224.01,0.5963629,1,0
2024-11-01 16:30:00+00:00,69965.94,0.64194554,1,0
2024-11-01 16:45:00+00:00,69920.73,0.60882187,1,0
2024-11-01 17:00:00+00:00,69894.0,0.6303029,1,0
2024-11-01 17:15:00+00:00,70045.53,0.6348618,1,0
2024-11-01 17:30:00+00:00,69670.0,0.634208,1,0
2024-11-01 17:45:00+00:00,69586.01,0.60703665,1,0
2024-11-01 18:00:00+00:00,69434.0,0.6175824,1,0
2024-11-01 18:15:00+00:00,69459.91,0.5456193,1,0
2024-11-01 18:30:00+00:00,69351.99,0.53774375,1,1
2024-11-01 18:45:00+00:00,69151.66,0.5431514,1,1
2024-11-01 19:00:00+00:00,68880.0,0.6165613,1,1
2024-11-01 19:15:00+00:00,69053.99,0.6536054,1,1
2024-11-01 19:30:00+00:00,69198.0,0.65276706,1,1
2024-11-01 19:45:00+00:00,69268.0,0.6733391,1,1
2024-11-01 20:00:00+00:00,69343.19,0.7538006,1,1
2024-11-01 20:15:00+00:00,69408.95,0.7593919,1,1
2024-11-01 20:30:00+00:00,69438.16,0.6887657,1,1
2024-11-01 20:45:00+00:00,69248.95,0.7679954,1,1
2024-11-01 21:00:00+00:00,69240.0,0.70792705,1,1
2024-11-01 21:15:00+00:00,68960.51,0.7018253,1,1
2024-11-01 21:30:00+00:00,68972.41,0.6366962,1,1
2024-11-01 21:45:00+00:00,69263.99,0.6290377,1,1
2024-11-01 22:00:00+00:00,69410.0,0.6216478,1,1
2024-11-01 22:15:00+00:00,69274.01,0.61238325,1,1
2024-11-01 22:30:00+00:00,69440.0,0.501918,1,1
2024-11-01 22:45:00+00:00,69440.01,0.39233488,0,1
2024-11-01 23:00:00+00:00,69571.57,0.43107912,0,1
2024-11-01 23:15:00+00:00,69559.99,0.38262782,0,1
2024-11-01 23:30:00+00:00,69489.83,0.42201108,0,1
2024-11-01 23:45:00+00:00,69496.01,0.4807682,0,1
2024-11-02 00:00:00+00:00,69632.01,0.39315867,0,0
2024-11-02 00:15:00+00:00,69628.01,0.3713168,0,0
2024-11-02 00:30:00+00:00,69606.81,0.37190768,0,0
2024-11-02 00:45:00+00:00,69665.99,0.40896618,0,0
2024-11-02 01:00:00+00:00,69600.0,0.44239485,0,0
2024-11-02 01:15:00+00:00,69576.56,0.5579425,1,1
2024-11-02 01:30:00+00:00,69670.99,0.55667347,1,1
2024-11-02 01:45:00+00:00,69668.1,0.57965755,1,1
2024-11-02 02:00:00+00:00,69746.0,0.5039098,1,0
2024-11-02 02:15:00+00:00,69896.01,0.38723338,0,0
2024-11-02 02:30:00+00:00,69806.0,0.49276683,0,0
2024-11-02 02:45:00+00:00,69661.96,0.40242434,0,1
2024-11-02 03:00:00+00:00,69759.21,0.4217267,0,0
2024-11-02 03:15:00+00:00,69676.11,0.39011255,0,1
2024-11-02 03:30:00+00:00,69683.66,0.44046804,0,1
2024-11-02 03:45:00+00:00,69599.99,0.50307226,1,1
2024-11-02 04:00:00+00:00,69577.99,0.49167398,0,1
2024-11-02 04:15:00+00:00,69536.0,0.53548527,1,1
2024-11-02 04:30:00+00:00,69487.98,0.54223377,1,1
2024-11-02 04:45:00+00:00,69568.0,0.49464065,0,1
2024-11-02 05:00:00+00:00,69575.07,0.46197376,0,1
2024-11-02 05:15:00+00:00,69578.11,0.50177264,1,1
2024-11-02 05:30:00+00:00,69680.0,0.55299836,1,0
2024-11-02 05:45:00+00:00,69710.0,0.5456242,1,0
2024-11-02 06:00:00+00:00,69645.21,0.52491057,1,0
2024-11-02 06:15:00+00:00,69640.01,0.48942047,0,0
2024-11-02 06:30:00+00:00,69660.0,0.4767505,0,0
2024-11-02 06:45:00+00:00,69744.86,0.3601032,0,0
2024-11-02 07:00:00+00:00,69732.99,0.28586072,0,0
2024-11-02 07:15:00+00:00,69691.99,0.23871276,0,0
2024-11-02 07:30:00+00:00,69734.91,0.22448948,0,0
2024-11-02 07:45:00+00:00,69813.91,0.17470472,0,0
2024-11-02 08:00:00+00:00,69730.01,0.19123073,0,0
2024-11-02 08:15:00+00:00,69642.85,0.24536525,0,0
2024-11-02 08:30:00+00:00,69610.0,0.23231663,0,0
2024-11-02 08:45:00+00:00,69630.95,0.2871566,0,0
2024-11-02 09:00:00+00:00,69621.99,0.33412686,0,0
2024-11-02 09:15:00+00:00,69647.12,0.33852497,0,1
2024-11-02 09:30:00+00:00,69666.66,0.40749064,0,0
2024-11-02 09:45:00+00:00,69558.86,0.41685358,0,0
2024-11-02 10:00:00+00:00,69481.99,0.49765995,0,0
2024-11-02 10:15:00+00:00,69432.95,0.48710388,0,0
2024-11-02 10:30:00+00:00,69567.14,0.5620855,1,0
2024-11-02 10:45:00+00:00,69623.63,0.5242782,1,0
2024-11-02 11:00:00+00:00,69589.96,0.47286794,0,0
2024-11-02 11:15:00+00:00,69630.0,0.4526745,0,0
2024-11-02 11:30:00+00:00,69646.48,0.46945265,0,0
2024-11-02 11:45:00+00:00,69608.0,0.3922218,0,0
2024-11-02 12:00:00+00:00,69636.37,0.40351155,0,0
2024-11-02 12:15:00+00:00,69529.32,0.48482046,0,0
2024-11-02 12:30:00+00:00,69573.37,0.50796247,1,1
2024-11-02 12:45:00+00:00,69459.05,0.5685976,1,1
2024-11-02 13:00:00+00:00,69529.99,0.515205,1,1
2024-11-02 13:15:00+00:00,69679.99,0.51493686,1,0
2024-11-02 13:30:00+00:00,69581.93,0.52081746,1,0
2024-11-02 13:45:00+00:00,69365.99,0.54112214,1,1
2024-11-02 14:00:00+00:00,69309.3,0.5268754,1,0
2024-11-02 14:15:00+00:00,69151.19,0.58397305,1,1
2024-11-02 14:30:00+00:00,69143.57,0.57495046,1,1
2024-11-02 14:45:00+00:00,69263.48,0.52672124,1,1
2024-11-02 15:00:00+00:00,69206.01,0.5524792,1,1
2024-11-02 15:15:00+00:00,69348.0,0.5006542,1,1
2024-11-02 15:30:00+00:00,69283.98,0.5275209,1,1
2024-11-02 15:45:00+00:00,69393.17,0.5130226,1,1
2024-11-02 16:00:00+00:00,69380.72,0.51122755,1,1
2024-11-02 16:15:00+00:00,69472.01,0.5062587,1,1
2024-11-02 16:30:00+00:00,69580.01,0.43336347,0,0
2024-11-02 16:45:00+00:00,69587.98,0.5242364,1,0
2024-11-02 17:00:00+00:00,69552.0,0.49343556,0,0
2024-11-02 17:15:00+00:00,69450.49,0.5487013,1,1
2024-11-02 17:30:00+00:00,69340.01,0.51324886,1,1
2024-11-02 17:45:00+00:00,69401.99,0.52021176,1,1
2024-11-02 18:00:00+00:00,69275.0,0.4928041,0,1
2024-11-02 18:15:00+00:00,69286.0,0.5918205,1,1
2024-11-02 18:30:00+00:00,69464.0,0.5702391,1,1
2024-11-02 18:45:00+00:00,69422.93,0.6280514,1,1
2024-11-02 19:00:00+00:00,69465.99,0.61261827,1,0
2024-11-02 19:15:00+00:00,69455.94,0.64653796,1,0
2024-11-02 19:30:00+00:00,69531.99,0.6200694,1,0
2024-11-02 19:45:00+00:00,69510.0,0.6506787,1,0
2024-11-02 20:00:00+00:00,69545.45,0.66779274,1,0
2024-11-02 20:15:00+00:00,69519.98,0.68987113,1,0
2024-11-02 20:30:00+00:00,69556.0,0.6803564,1,0
2024-11-02 20:45:00+00:00,69540.0,0.62793195,1,0
2024-11-02 21:00:00+00:00,69450.01,0.49598417,0,0
2024-11-02 21:15:00+00:00,69466.0,0.5196567,1,0
2024-11-02 21:30:00+00:00,69464.0,0.385176,0,0
2024-11-02 21:45:00+00:00,69442.0,0.3408443,0,0
2024-11-02 22:00:00+00:00,69515.15,0.44354117,0,0
2024-11-02 22:15:00+00:00,69472.0,0.43363443,0,0
2024-11-02 22:30:00+00:00,69498.58,0.4634698,0,0
2024-11-02 22:45:00+00:00,69434.0,0.4725216,0,0
2024-11-02 23:00:00+00:00,69278.0,0.58302677,1,0
2024-11-02 23:15:00+00:00,69174.01,0.49288055,0,0
2024-11-02 23:30:00+00:00,69248.99,0.49232793,0,0
2024-11-02 23:45:00+00:00,69374.74,0.5107427,1,0
2024-11-03 00:00:00+00:00,69368.01,0.5160719,1,0
2024-11-03 00:15:00+00:00,69303.4,0.4984669,0,0
2024-11-03 00:30:00+00:00,69222.99,0.56958,1,0
2024-11-03 00:45:00+00:00,69159.76,0.5301893,1,0
2024-11-03 01:00:00+00:00,69110.9,0.54135793,1,0
2024-11-03 01:15:00+00:00,69118.68,0.5349742,1,0
2024-11-03 01:30:00+00:00,69146.79,0.5744106,1,0
2024-11-03 01:45:00+00:00,69010.13,0.5926332,1,0
2024-11-03 02:00:00+00:00,68686.0,0.4000554,0,0
2024-11-03 02:15:00+00:00,68232.01,0.35429123,0,1
2024-11-03 02:30:00+00:00,68113.39,0.3701045,0,1
2024-11-03 02:45:00+00:00,68214.91,0.4096562,0,1
2024-11-03 03:00:00+00:00,68379.5,0.44347593,0,1
2024-11-03 03:15:00+00:00,68272.0,0.48396635,0,1
2024-11-03 03:30:00+00:00,68373.74,0.470735,0,1
2024-11-03 03:45:00+00:00,68379.89,0.4420103,0,1
2024-11-03 04:00:00+00:00,68435.12,0.44676396,0,0
2024-11-03 04:15:00+00:00,68548.87,0.43249813,0,0
2024-11-03 04:30:00+00:00,68551.43,0.4514019,0,0
2024-11-03 04:45:00+00:00,68592.01,0.41001105,0,0
2024-11-03 05:00:00+00:00,68666.67,0.438802,0,0
2024-11-03 05:15:00+00:00,68484.84,0.34773314,0,0
2024-11-03 05:30:00+00:00,68564.0,0.38226667,0,0
2024-11-03 05:45:00+00:00,68432.0,0.28539374,0,0
2024-11-03 06:00:00+00:00,68418.65,0.3366477,0,0
2024-11-03 06:15:00+00:00,68478.96,0.37674782,0,1
2024-11-03 06:30:00+00:00,68622.01,0.51042086,1,0
2024-11-03 06:45:00+00:00,68569.99,0.45900357,0,0
2024-11-03 07:00:00+00:00,68693.01,0.47307152,0,0
2024-11-03 07:15:00+00:00,68454.0,0.51058185,1,1
2024-11-03 07:30:00+00:00,68428.7,0.56638265,1,0
2024-11-03 07:45:00+00:00,68397.42,0.53534335,1,0
2024-11-03 08:00:00+00:00,68349.99,0.5220118,1,1
2024-11-03 08:15:00+00:00,68406.83,0.52723646,1,1
2024-11-03 08:30:00+00:00,68502.3,0.55866396,1,1
2024-11-03 08:45:00+00:00,68480.01,0.6942934,1,1
2024-11-03 09:00:00+00:00,68521.31,0.756395,1,0
2024-11-03 09:15:00+00:00,68402.01,0.75101733,1,0
2024-11-03 09:30:00+00:00,68248.0,0.7572539,1,0
2024-11-03 09:45:00+00:00,68242.43,0.712726,1,0
2024-11-03 10:00:00+00:00,68390.74,0.71603155,1,0
2024-11-03 10:15:00+00:00,68563.99,0.7317338,1,0
2024-11-03 10:30:00+00:00,68548.01,0.7407316,1,0
2024-11-03 10:45:00+00:00,68441.99,0.65340245,1,0
2024-11-03 11:00:00+00:00,68556.02,0.57302654,1,0
2024-11-03 11:15:00+00:00,68496.0,0.58908576,1,0
2024-11-03 11:30:00+00:00,68402.03,0.5888487,1,0
2024-11-03 11:45:00+00:00,68358.86,0.5599408,1,0
2024-11-03 12:00:00+00:00,68350.0,0.6010373,1,1
2024-11-03 12:15:00+00:00,68491.26,0.40553287,0,0
2024-11-03 12:30:00+00:00,68539.63,0.41909656,0,0
2024-11-03 12:45:00+00:00,68486.05,0.4403668,0,0
2024-11-03 13:00:00+00:00,68337.28,0.38892564,0,1
2024-11-03 13:15:00+00:00,68375.63,0.406257,0,0
2024-11-03 13:30:00+00:00,68224.0,0.33547962,0,1
2024-11-03 13:45:00+00:00,68048.13,0.31035495,0,1
2024-11-03 14:00:00+00:00,68060.0,0.43268618,0,1
2024-11-03 14:15:00+00:00,67709.99,0.45109588,0,1
2024-11-03 14:30:00+00:00,67711.99,0.4274248,0,1
2024-11-03 14:45:00+00:00,67777.0,0.4527746,0,1
2024-11-03 15:00:00+00:00,67734.0,0.45506573,0,1
2024-11-03 15:15:00+00:00,67624.59,0.43087804,0,1
2024-11-03 15:30:00+00:00,67692.05,0.4229942,0,1
2024-11-03 15:45:00+00:00,68090.9,0.46844053,0,1
2024-11-03 16:00:00+00:00,68454.55,0.46352857,0,1
2024-11-03 16:15:00+00:00,68414.82,0.46544203,0,1
2024-11-03 16:30:00+00:00,68232.09,0.42689273,0,1
2024-11-03 16:45:00+00:00,68152.01,0.45581412,0,1
2024-11-03 17:00:00+00:00,68417.53,0.47669446,0,1
2024-11-03 17:15:00+00:00,68367.5,0.38899663,0,1
2024-11-03 17:30:00+00:00,68416.09,0.41116765,0,1
2024-11-03 17:45:00+00:00,68359.98,0.3885489,0,1
2024-11-03 18:00:00+00:00,68360.99,0.35629103,0,1
2024-11-03 18:15:00+00:00,68304.01,0.34929287,0,1
2024-11-03 18:30:00+00:00,67913.54,0.4765046,0,1
2024-11-03 18:45:00+00:00,68018.0,0.54836667,1,1
2024-11-03 19:00:00+00:00,68351.76,0.5553636,1,1
2024-11-03 19:15:00+00:00,68456.25,0.5217397,1,1
2024-11-03 19:30:00+00:00,68640.0,0.52874905,1,1
2024-11-03 19:45:00+00:00,68679.0,0.5405993,1,1
2024-11-03 20:00:00+00:00,68560.0,0.502336,1,1
2024-11-03 20:15:00+00:00,68624.25,0.45826825,0,0
2024-11-03 20:30:00+00:00,68789.6,0.48740485,0,0
2024-11-03 20:45:00+00:00,68970.07,0.48703387,0,0
2024-11-03 21:00:00+00:00,69044.51,0.51184446,1,0
2024-11-03 21:15:00+00:00,69321.98,0.37493217,0,0
2024-11-03 21:30:00+00:00,69225.99,0.38063502,0,0
2024-11-03 21:45:00+00:00,69145.35,0.41158807,0,0
2024-11-03 22:00:00+00:00,69202.34,0.34219894,0,0
2024-11-03 22:15:00+00:00,69082.44,0.5481517,1,1
2024-11-03 22:30:00+00:00,68883.52,0.43425077,0,1
2024-11-03 22:45:00+00:00,68880.01,0.44725823,0,1
2024-11-03 23:00:00+00:00,68749.99,0.44027075,0,1
2024-11-03 23:15:00+00:00,68800.0,0.44664663,0,1
2024-11-03 23:30:00+00:00,68796.97,0.4139489,0,1
2024-11-03 23:45:00+00:00,68775.99,0.45337328,0,1
2024-11-04 00:00:00+00:00,68641.37,0.49140617,0,1
2024-11-04 00:15:00+00:00,68529.15,0.49121222,0,1
2024-11-04 00:30:00+00:00,68416.01,0.48075554,0,1
2024-11-04 00:45:00+00:00,68712.0,0.4803388,0,1
2024-11-04 01:00:00+00:00,68708.01,0.49030268,0,1
2024-11-04 01:15:00+00:00,68830.01,0.5158299,1,1
2024-11-04 01:30:00+00:00,68821.57,0.49911538,0,1
2024-11-04 01:45:00+00:00,68970.01,0.5168023,1,0
2024-11-04 02:00:00+00:00,68891.99,0.49642032,0,1
2024-11-04 02:15:00+00:00,69173.21,0.39692244,0,0
2024-11-04 02:30:00+00:00,69164.0,0.38426718,0,0
2024-11-04 02:45:00+00:00,69305.56,0.38156128,0,0
2024-11-04 03:00:00+00:00,69200.01,0.41029912,0,0
2024-11-04 03:15:00+00:00,69166.67,0.40778893,0,0
2024-11-04 03:30:00+00:00,69151.0,0.39358205,0,0
2024-11-04 03:45:00+00:00,69047.86,0.39632472,0,0
2024-11-04 04:00:00+00:00,69170.0,0.4737814,0,0
2024-11-04 04:15:00+00:00,69346.28,0.43783927,0,0
2024-11-04 04:30:00+00:00,69165.68,0.47402477,0,0
2024-11-04 04:45:00+00:00,69150.31,0.39655215,0,0
2024-11-04 05:00:00+00:00,69131.01,0.38681054,0,0
2024-11-04 05:15:00+00:00,68974.0,0.4562233,0,0
2024-11-04 05:30:00+00:00,68854.0,0.4140351,0,0
2024-11-04 05:45:00+00:00,68820.01,0.47648847,0,0
2024-11-04 06:00:00+00:00,68991.99,0.43577012,0,0
2024-11-04 06:15:00+00:00,69096.38,0.45789436,0,0
2024-11-04 06:30:00+00:00,68992.0,0.484872,0,0
2024-11-04 06:45:00+00:00,69126.18,0.46393228,0,0
2024-11-04 07:00:00+00:00,69030.01,0.43290222,0,0
2024-11-04 07:15:00+00:00,68926.01,0.452748,0,0
2024-11-04 07:30:00+00:00,68756.01,0.44332162,0,1
2024-11-04 07:45:00+00:00,68618.0,0.46557546,0,1
2024-11-04 08:00:00+00:00,68683.99,0.48107067,0,1
2024-11-04 08:15:00+00:00,68640.01,0.5018912,1,1
2024-11-04 08:30:00+00:00,68527.99,0.504186,1,1
2024-11-04 08:45:00+00:00,68699.99,0.52222985,1,1
2024-11-04 09:00:00+00:00,68850.0,0.50071067,1,1
2024-11-04 09:15:00+00:00,68750.01,0.43935892,0,1
2024-11-04 09:30:00+00:00,68648.0,0.50253904,1,1
2024-11-04 09:45:00+00:00,68640.83,0.4720547,0,1
2024-11-04 10:00:00+00:00,68810.44,0.4825754,0,0
2024-11-04 10:15:00+00:00,68761.31,0.47374776,0,0
2024-11-04 10:30:00+00:00,68900.01,0.5050796,1,0
2024-11-04 10:45:00+00:00,68834.05,0.49038854,0,0
2024-11-04 11:00:00+00:00,68839.43,0.44727,0,0
2024-11-04 11:15:00+00:00,68777.99,0.3945588,0,0
2024-11-04 11:30:00+00:00,68799.99,0.44171622,0,0
2024-11-04 11:45:00+00:00,68792.71,0.43347928,0,0
2024-11-04 12:00:00+00:00,68915.64,0.36017337,0,0
2024-11-04 12:15:00+00:00,68934.01,0.36233816,0,0
2024-11-04 12:30:00+00:00,68878.65,0.44299245,0,0
2024-11-04 12:45:00+00:00,68978.2,0.38252035,0,0
2024-11-04 13:00:00+00:00,69154.23,0.37303936,0,0
2024-11-04 13:15:00+00:00,69087.99,0.37752566,0,0
2024-11-04 13:30:00+00:00,68890.0,0.4184134,0,0
2024-11-04 13:45:00+00:00,68662.39,0.42921442,0,0
2024-11-04 14:00:00+00:00,68587.99,0.4452555,0,0
2024-11-04 14:15:00+00:00,68646.33,0.46930957,0,0
2024-11-04 14:30:00+00:00,68382.57,0.42826474,0,0
2024-11-04 14:45:00+00:00,68394.01,0.4821606,0,0
2024-11-04 15:00:00+00:00,68257.57,0.48996183,0,0
2024-11-04 15:15:00+00:00,68470.0,0.485756,0,0
2024-11-04 15:30:00+00:00,68426.0,0.49317297,0,0
2024-11-04 15:45:00+00:00,68646.01,0.5141217,1,0
2024-11-04 16:00:00+00:00,68651.88,0.5331102,1,0
2024-11-04 16:15:00+00:00,68282.01,0.50661063,1,0
2024-11-04 16:30:00+00:00,67966.0,0.49322262,0,0
2024-11-04 16:45:00+00:00,67756.0,0.5105363,1,0
2024-11-04 17:00:00+00:00,67448.0,0.5349814,1,1
2024-11-04 17:15:00+00:00,67798.0,0.5617515,1,0
2024-11-04 17:30:00+00:00,67810.0,0.5335922,1,0
2024-11-04 17:45:00+00:00,67830.0,0.4508363,0,0
2024-11-04 18:00:00+00:00,67688.0,0.5572567,1,0
2024-11-04 18:15:00+00:00,67784.02,0.51000315,1,0
2024-11-04 18:30:00+00:00,67678.0,0.49750093,0,1
2024-11-04 18:45:00+00:00,67651.81,0.43250182,0,1
2024-11-04 19:00:00+00:00,68020.01,0.53010917,1,0
2024-11-04 19:15:00+00:00,67977.87,0.523523,1,0
2024-11-04 19:30:00+00:00,67838.0,0.5335812,1,0
2024-11-04 19:45:00+00:00,67856.0,0.5250572,1,0
2024-11-04 20:00:00+00:00,67684.0,0.53865486,1,1
2024-11-04 20:15:00+00:00,67666.0,0.5531291,1,1
2024-11-04 20:30:00+00:00,67568.36,0.48935404,0,1
2024-11-04 20:45:00+00:00,67348.0,0.502649,1,1
2024-11-04 21:00:00+00:00,67505.73,0.51652396,1,1
2024-11-04 21:15:00+00:00,67492.0,0.50362283,1,1
2024-11-04 21:30:00+00:00,67012.0,0.51183456,1,1
2024-11-04 21:45:00+00:00,67120.57,0.5913012,1,1
2024-11-04 22:00:00+00:00,67687.93,0.5599657,1,1
2024-11-04 22:15:00+00:00,67703.98,0.54067415,1,1
2024-11-04 22:30:00+00:00,67766.29,0.58829206,1,1
2024-11-04 22:45:00+00:00,67920.01,0.5771357,1,0
2024-11-04 23:00:00+00:00,67833.99,0.573408,1,1
2024-11-04 23:15:00+00:00,67746.03,0.58346266,1,1
2024-11-04 23:30:00+00:00,67735.29,0.51925784,1,1
2024-11-04 23:45:00+00:00,67850.01,0.4987563,0,1
2024-11-05 00:00:00+00:00,67930.0,0.43352553,0,1
2024-11-05 00:15:00+00:00,68000.0,0.47057217,0,1
2024-11-05 00:30:00+00:00,68022.01,0.4330014,0,1
2024-11-05 00:45:00+00:00,68030.0,0.44024128,0,1
2024-11-05 01:00:00+00:00,67978.01,0.34387362,0,1
2024-11-05 01:15:00+00:00,67636.0,0.42252848,0,1
2024-11-05 01:30:00+00:00,67864.03,0.46360683,0,1
2024-11-05 01:45:00+00:00,67997.31,0.40794423,0,1
2024-11-05 02:00:00+00:00,68021.99,0.43355998,0,1
2024-11-05 02:15:00+00:00,68008.0,0.44660264,0,1
2024-11-05 02:30:00+00:00,67888.89,0.4635298,0,1
2024-11-05 02:45:00+00:00,67880.77,0.42987388,0,1
2024-11-05 03:00:00+00:00,68056.82,0.38928813,0,1
2024-11-05 03:15:00+00:00,68127.49,0.32216704,0,1
2024-11-05 03:30:00+00:00,68099.99,0.3929564,0,1
2024-11-05 03:45:00+00:00,68243.0,0.33869702,0,1
2024-11-05 04:00:00+00:00,68357.99,0.32130516,0,1
2024-11-05 04:15:00+00:00,68389.99,0.38224077,0,1
2024-11-05 04:30:00+00:00,68443.8,0.3848462,0,1
2024-11-05 04:45:00+00:00,68323.01,0.29285073,0,1
2024-11-05 05:00:00+00:00,68393.39,0.32654104,0,1
2024-11-05 05:15:00+00:00,68397.1,0.3126188,0,1
2024-11-05 05:30:00+00:00,68485.79,0.2749546,0,1
2024-11-05 05:45:00+00:00,68741.5,0.35564592,0,1
2024-11-05 06:00:00+00:00,68610.0,0.36654767,0,1
2024-11-05 06:15:00+00:00,68607.73,0.36999843,0,1
2024-11-05 06:30:00+00:00,68682.0,0.38136673,0,1
2024-11-05 06:45:00+00:00,68779.9,0.38578373,0,0
2024-11-05 07:00:00+00:00,68734.87,0.41901243,0,1
2024-11-05 07:15:00+00:00,68584.0,0.33860677,0,1
2024-11-05 07:30:00+00:00,68918.0,0.30826575,0,0
2024-11-05 07:45:00+00:00,68893.99,0.31508246,0,0
2024-11-05 08:00:00+00:00,68887.59,0.309451,0,0
2024-11-05 08:15:00+00:00,68827.53,0.3102686,0,0
2024-11-05 08:30:00+00:00,68790.79,0.31584007,0,1
2024-11-05 08:45:00+00:00,69038.01,0.28715706,0,0
2024-11-05 09:00:00+00:00,68997.49,0.32032862,0,0
2024-11-05 09:15:00+00:00,68826.0,0.42343608,0,0
2024-11-05 09:30:00+00:00,68851.99,0.3836836,0,0
2024-11-05 09:45:00+00:00,68776.49,0.41728038,0,1
2024-11-05 10:00:00+00:00,68682.58,0.38973016,0,1
2024-11-05 10:15:00+00:00,68816.9,0.43661204,0,1
2024-11-05 10:30:00+00:00,68743.14,0.41616037,0,1
2024-11-05 10:45:00+00:00,68764.29,0.45769548,0,1
2024-11-05 11:00:00+00:00,68900.01,0.4350782,0,1
2024-11-05 11:15:00+00:00,68829.96,0.5237013,1,1
2024-11-05 11:30:00+00:00,68775.99,0.46948177,0,1
2024-11-05 11:45:00+00:00,68810.03,0.53548163,1,1
2024-11-05 12:00:00+00:00,68796.96,0.47517154,0,1
2024-11-05 12:15:00+00:00,68708.2,0.5136487,1,1
2024-11-05 12:30:00+00:00,68873.99,0.504769,1,1
2024-11-05 12:45:00+00:00,68865.09,0.5751855,1,1
2024-11-05 13:00:00+00:00,68753.99,0.5325194,1,1
2024-11-05 13:15:00+00:00,68733.99,0.5779308,1,1
2024-11-05 13:30:00+00:00,68786.01,0.654789,1,1
2024-11-05 13:45:00+00:00,68820.0,0.7014499,1,1
2024-11-05 14:00:00+00:00,68905.87,0.67142403,1,1
2024-11-05 14:15:00+00:00,69333.34,0.37818012,0,1
2024-11-05 14:30:00+00:00,69980.27,0.4146181,0,1
2024-11-05 14:45:00+00:00,69964.0,0.41223928,0,1
2024-11-05 15:00:00+00:00,69946.0,0.41890576,0,1
2024-11-05 15:15:00+00:00,69408.0,0.40930432,0,1
2024-11-05 15:30:00+00:00,69715.36,0.4144339,0,1
2024-11-05 15:45:00+00:00,69639.99,0.4298757,0,0
2024-11-05 16:00:00+00:00,69818.02,0.43168646,0,0
2024-11-05 16:15:00+00:00,69979.99,0.43888658,0,0
2024-11-05 16:30:00+00:00,70144.0,0.38908735,0,0
2024-11-05 16:45:00+00:00,70191.98,0.37033415,0,0
2024-11-05 17:00:00+00:00,70434.0,0.29485446,0,0
2024-11-05 17:15:00+00:00,70133.94,0.3943187,0,0
2024-11-05 17:30:00+00:00,70106.0,0.36451036,0,0
2024-11-05 17:45:00+00:00,69949.66,0.34328818,0,0
2024-11-05 18:00:00+00:00,69779.92,0.41832986,0,0
2024-11-05 18:15:00+00:00,70004.51,0.39525712,0,0
2024-11-05 18:30:00+00:00,70150.9,0.415302,0,0
2024-11-05 18:45:00+00:00,70229.99,0.39015853,0,0
2024-11-05 19:00:00+00:00,70000.29,0.39451727,0,0
2024-11-05 19:15:00+00:00,70026.26,0.42191777,0,0
2024-11-05 19:30:00+00:00,69965.5,0.4090356,0,0
2024-11-05 19:45:00+00:00,68995.99,0.53447825,1,1
2024-11-05 20:00:00+00:00,69498.0,0.48565713,0,1
2024-11-05 20:15:00+00:00,69469.5,0.4365088,0,1
2024-11-05 20:30:00+00:00,69512.01,0.45202386,0,1
2024-11-05 20:45:00+00:00,69445.99,0.46009254,0,1
2024-11-05 21:00:00+00:00,69524.01,0.46051705,0,1
2024-11-05 21:15:00+00:00,69511.02,0.50579286,1,1
2024-11-05 21:30:00+00:00,69484.0,0.50060844,1,1
2024-11-05 21:45:00+00:00,69160.0,0.4806716,0,1
2024-11-05 22:00:00+00:00,69198.9,0.55754083,1,1
2024-11-05 22:15:00+00:00,69228.0,0.5266639,1,1
2024-11-05 22:30:00+00:00,69393.39,0.50518656,1,1
2024-11-05 22:45:00+00:00,69594.0,0.52654535,1,1
2024-11-05 23:00:00+00:00,69620.0,0.58961356,1,1
2024-11-05 23:15:00+00:00,69809.41,0.39373237,0,1
2024-11-05 23:30:00+00:00,69459.43,0.46661073,0,1
2024-11-05 23:45:00+00:00,69372.01,0.4994343,0,1
2024-11-06 00:00:00+00:00,69725.99,0.5023271,1,1
2024-11-06 00:15:00+00:00,70319.98,0.36763245,0,1
2024-11-06 00:30:00+00:00,71203.45,0.47057852,0,1
2024-11-06 00:45:00+00:00,71096.04,0.52536947,1,1
2024-11-06 01:00:00+00:00,71318.0,0.402619,0,1
2024-11-06 01:15:00+00:00,71047.99,0.24643509,0,1
2024-11-06 01:30:00+00:00,71026.03,0.22939439,0,1
2024-11-06 01:45:00+00:00,71128.81,0.24255453,0,1
2024-11-06 02:00:00+00:00,71299.91,0.23786807,0,1
2024-11-06 02:15:00+00:00,72396.7,0.37484092,0,1
2024-11-06 02:30:00+00:00,72843.97,0.3783792,0,1
2024-11-06 02:45:00+00:00,73077.05,0.34899005,0,1
2024-11-06 03:00:00+00:00,74057.39,0.39297664,0,1
2024-11-06 03:15:00+00:00,73953.07,0.4994695,0,1
2024-11-06 03:30:00+00:00,74379.5,0.3991464,0,0
2024-11-06 03:45:00+00:00,74348.53,0.40301487,0,0
2024-11-06 04:00:00+00:00,74385.11,0.22659332,0,0
2024-11-06 04:15:00+00:00,74696.02,0.3435558,0,0
2024-11-06 04:30:00+00:00,74637.99,0.3560048,0,0
2024-11-06 04:45:00+00:00,74261.07,0.33985004,0,0
2024-11-06 05:00:00+00:00,73971.97,0.15460181,0,0
2024-11-06 05:15:00+00:00,74370.6,0.16633971,0,0
2024-11-06 05:30:00+00:00,74575.76,0.19692647,0,0
2024-11-06 05:45:00+00:00,74768.38,0.15354364,0,0
2024-11-06 06:00:00+00:00,74891.99,0.10115073,0,0
2024-11-06 06:15:00+00:00,74736.76,0.16781235,0,0
2024-11-06 06:30:00+00:00,74705.16,0.22354299,0,0
2024-11-06 06:45:00+00:00,74252.57,0.24702437,0,0
2024-11-06 07:00:00+00:00,74491.68,0.3777907,0,0
2024-11-06 07:15:00+00:00,74157.99,0.30060866,0,1
2024-11-06 07:30:00+00:00,73627.98,0.38146764,0,1
2024-11-06 07:45:00+00:00,73370.89,0.42280984,0,1
2024-11-06 08:00:00+00:00,73339.9,0.46198025,0,1
2024-11-06 08:15:00+00:00,73017.99,0.39099994,0,1
2024-11-06 08:30:00+00:00,73343.99,0.40553704,0,1
2024-11-06 08:45:00+00:00,73456.04,0.3561435,0,1
2024-11-06 09:00:00+00:00,73763.92,0.34542033,0,1
2024-11-06 09:15:00+00:00,73745.41,0.38154975,0,1
2024-11-06 09:30:00+00:00,73864.0,0.32732004,0,0
2024-11-06 09:45:00+00:00,73756.34,0.26959884,0,1
2024-11-06 10:00:00+00:00,73458.33,0.32295382,0,1
2024-11-06 10:15:00+00:00,73528.01,0.28922087,0,1
2024-11-06 10:30:00+00:00,73867.38,0.3244346,0,1
2024-11-06 10:45:00+00:00,73830.01,0.2839791,0,0
2024-11-06 11:00:00+00:00,73829.99,0.41457638,0,1
2024-11-06 11:15:00+00:00,74289.81,0.3585624,0,1
2024-11-06 11:30:00+00:00,74220.01,0.2998955,0,0
2024-11-06 11:45:00+00:00,74272.01,0.32353702,0,1
2024-11-06 12:00:00+00:00,74564.05,0.32070953,0,0
2024-11-06 12:15:00+00:00,74435.26,0.31294075,0,0
2024-11-06 12:30:00+00:00,74367.12,0.30994803,0,0
2024-11-06 12:45:00+00:00,74171.47,0.30174294,0,1
2024-11-06 13:00:00+00:00,74093.88,0.29769912,0,1
2024-11-06 13:15:00+00:00,73900.0,0.38602304,0,1
2024-11-06 13:30:00+00:00,73778.9,0.40201873,0,1
2024-11-06 13:45:00+00:00,73987.05,0.40999457,0,1
2024-11-06 14:00:00+00:00,73848.0,0.3670199,0,1
2024-11-06 14:15:00+00:00,74168.0,0.4562908,0,1
2024-11-06 14:30:00+00:00,74375.55,0.33154884,0,1
2024-11-06 14:45:00+00:00,73640.0,0.4713993,0,1
2024-11-06 15:00:00+00:00,74344.0,0.4795393,0,1
2024-11-06 15:15:00+00:00,74309.93,0.4473345,0,1
2024-11-06 15:30:00+00:00,74158.34,0.5160264,1,1
2024-11-06 15:45:00+00:00,74298.0,0.47431478,0,1
2024-11-06 16:00:00+00:00,74540.0,0.48918313,0,1
2024-11-06 16:15:00+00:00,74302.01,0.49969864,0,1
2024-11-06 16:30:00+00:00,74192.59,0.4984771,0,1
2024-11-06 16:45:00+00:00,74333.99,0.48902503,0,1
2024-11-06 17:00:00+00:00,74540.58,0.36795768,0,1
2024-11-06 17:15:00+00:00,74522.86,0.38796037,0,1
2024-11-06 17:30:00+00:00,74587.99,0.3986467,0,1
2024-11-06 17:45:00+00:00,74452.01,0.41314954,0,1
2024-11-06 18:00:00+00:00,74839.26,0.4039051,0,1
2024-11-06 18:15:00+00:00,74948.59,0.2954731,0,1
2024-11-06 18:30:00+00:00,74990.0,0.25135234,0,1
2024-11-06 18:45:00+00:00,75229.99,0.16517456,0,1
2024-11-06 19:00:00+00:00,75370.0,0.24055293,0,1
2024-11-06 19:15:00+00:00,75306.01,0.22735468,0,1
2024-11-06 19:30:00+00:00,75472.0,0.18061365,0,1
2024-11-06 19:45:00+00:00,75823.55,0.20024295,0,0
2024-11-06 20:00:00+00:00,75943.99,0.20960201,0,0
2024-11-06 20:15:00+00:00,75646.0,0.24920562,0,0
2024-11-06 20:30:00+00:00,75747.0,0.17094395,0,0
2024-11-06 20:45:00+00:00,76101.99,0.23547933,0,0
2024-11-06 21:00:00+00:00,76070.64,0.21985191,0,0
2024-11-06 21:15:00+00:00,75774.14,0.24921735,0,0
2024-11-06 21:30:00+00:00,75824.12,0.19507821,0,0
2024-11-06 21:45:00+00:00,75890.0,0.25563887,0,0
2024-11-06 22:00:00+00:00,75729.83,0.29187796,0,0
2024-11-06 22:15:00+00:00,75701.97,0.2572365,0,0
2024-11-06 22:30:00+00:00,75621.15,0.23071614,0,0
2024-11-06 22:45:00+00:00,75638.49,0.3378393,0,0
2024-11-06 23:00:00+00:00,75637.09,0.35386604,0,0
2024-11-06 23:15:00+00:00,75816.14,0.32131436,0,0
2024-11-06 23:30:00+00:00,75560.46,0.3165992,0,0
2024-11-06 23:45:00+00:00,75571.99,0.32152998,0,0
2024-11-07 00:00:00+00:00,75411.58,0.27781525,0,0
2024-11-07 00:15:00+00:00,75206.54,0.2918335,0,0
2024-11-07 00:30:00+00:00,75225.76,0.33177623,0,0
2024-11-07 00:45:00+00:00,75349.08,0.4119554,0,0
2024-11-07 01:00:00+00:00,75458.14,0.34943476,0,0
2024-11-07 01:15:00+00:00,75536.0,0.29570436,0,0
2024-11-07 01:30:00+00:00,75396.01,0.24043159,0,0
2024-11-07 01:45:00+00:00,75386.0,0.24561086,0,0
2024-11-07 02:00:00+00:00,75280.25,0.19068219,0,0
2024-11-07 02:15:00+00:00,75218.74,0.20162256,0,0
2024-11-07 02:30:00+00:00,75165.35,0.20483826,0,0
2024-11-07 02:45:00+00:00,75276.01,0.23580399,0,0
2024-11-07 03:00:00+00:00,75154.02,0.22015165,0,0
2024-11-07 03:15:00+00:00,75358.48,0.25998512,0,0
2024-11-07 03:30:00+00:00,75176.49,0.20480716,0,0
2024-11-07 03:45:00+00:00,75048.01,0.2095178,0,0
2024-11-07 04:00:00+00:00,74860.0,0.13498054,0,1
2024-11-07 04:15:00+00:00,74842.0,0.16029187,0,1
2024-11-07 04:30:00+00:00,74640.0,0.22131264,0,1
2024-11-07 04:45:00+00:00,74707.34,0.20306334,0,1
2024-11-07 05:00:00+00:00,74756.0,0.4766553,0,1
2024-11-07 05:15:00+00:00,74872.0,0.44807732,0,1
2024-11-07 05:30:00+00:00,74769.66,0.59029067,1,1
2024-11-07 05:45:00+00:00,74755.49,0.56327856,1,1
2024-11-07 06:00:00+00:00,74423.38,0.43671986,0,1
2024-11-07 06:15:00+00:00,74717.71,0.46156856,0,1
2024-11-07 06:30:00+00:00,74519.98,0.36536524,0,1
2024-11-07 06:45:00+00:00,74768.27,0.37887126,0,1
2024-11-07 07:00:00+00:00,74844.0,0.42624366,0,1
2024-11-07 07:15:00+00:00,74776.28,0.4581268,0,1
2024-11-07 07:30:00+00:00,74912.0,0.42215833,0,0
2024-11-07 07:45:00+00:00,74757.58,0.37655064,0,0
2024-11-07 08:00:00+00:00,75026.01,0.33089027,0,0
2024-11-07 08:15:00+00:00,75016.27,0.2729275,0,0
2024-11-07 08:30:00+00:00,75064.27,0.44009212,0,1
2024-11-07 08:45:00+00:00,75150.0,0.4592403,0,0
2024-11-07 09:00:00+00:00,75091.99,0.30380294,0,0
2024-11-07 09:15:00+00:00,75090.01,0.30840656,0,0
2024-11-07 09:30:00+00:00,74935.25,0.3310838,0,0
2024-11-07 09:45:00+00:00,74916.76,0.37696907,0,0
2024-11-07 10:00:00+00:00,74999.99,0.32107943,0,0
2024-11-07 10:15:00+00:00,74861.63,0.371455,0,1
2024-11-07 10:30:00+00:00,74851.97,0.37570643,0,0
2024-11-07 10:45:00+00:00,75031.2,0.3606321,0,0
2024-11-07 11:00:00+00:00,74971.2,0.6417658,1,1
2024-11-07 11:15:00+00:00,74840.55,0.63984406,1,1
2024-11-07 11:30:00+00:00,74826.01,0.67867655,1,1
2024-11-07 11:45:00+00:00,74746.0,0.6368367,1,1
2024-11-07 12:00:00+00:00,74981.98,0.67516786,1,1
2024-11-07 12:15:00+00:00,74958.96,0.70417106,1,1
2024-11-07 12:30:00+00:00,75065.02,0.64393264,1,1
2024-11-07 12:45:00+00:00,74991.88,0.606742,1,1
2024-11-07 13:00:00+00:00,74928.02,0.6387633,1,1
2024-11-07 13:15:00+00:00,74812.01,0.59983265,1,1
2024-11-07 13:30:00+00:00,74718.0,0.6144782,1,1
2024-11-07 13:45:00+00:00,74672.53,0.6222248,1,1
2024-11-07 14:00:00+00:00,74757.58,0.5722859,1,1
2024-11-07 14:15:00+00:00,74863.49,0.6087027,1,1
2024-11-07 14:30:00+00:00,74668.23,0.49988595,0,1
2024-11-07 14:45:00+00:00,74822.0,0.496583,0,1
2024-11-07 15:00:00+00:00,75225.01,0.27922386,0,1
2024-11-07 15:15:00+00:00,75399.99,0.17182276,0,1
2024-11-07 15:30:00+00:00,75663.97,0.25788608,0,1
2024-11-07 15:45:00+00:00,76059.69,0.26776868,0,1
2024-11-07 16:00:00+00:00,75768.0,0.19317478,0,1
2024-11-07 16:15:00+00:00,75628.87,0.16778968,0,1
2024-11-07 16:30:00+00:00,75729.98,0.1696468,0,1
2024-11-07 16:45:00+00:00,75893.99,0.19200434,0,1
2024-11-07 17:00:00+00:00,76093.99,0.2982844,0,1
2024-11-07 17:15:00+00:00,76236.01,0.33096826,0,1
2024-11-07 17:30:00+00:00,76242.46,0.36705697,0,0
2024-11-07 17:45:00+00:00,76257.89,0.34222922,0,0
2024-11-07 18:00:00+00:00,76044.0,0.2652029,0,0
2024-11-07 18:15:00+00:00,76387.99,0.24154837,0,0
2024-11-07 18:30:00+00:00,76494.01,0.21149527,0,0
2024-11-07 18:45:00+00:00,76604.01,0.20569476,0,0
2024-11-07 19:00:00+00:00,76477.36,0.2398601,0,0
2024-11-07 19:15:00+00:00,76272.72,0.36918116,0,0
2024-11-07 19:30:00+00:00,76131.99,0.34097052,0,0
2024-11-07 19:45:00+00:00,76530.39,0.369998,0,0
2024-11-07 20:00:00+00:00,76607.93,0.40746605,0,0
2024-11-07 20:15:00+00:00,76426.35,0.41650173,0,0
2024-11-07 20:30:00+00:00,76370.0,0.42159817,0,0
2024-11-07 20:45:00+00:00,76431.48,0.43781933,0,0
2024-11-07 21:00:00+00:00,76384.2,0.4712447,0,0
2024-11-07 21:15:00+00:00,76328.01,0.49753168,0,0
2024-11-07 21:30:00+00:00,76055.71,0.36983868,0,0
2024-11-07 21:45:00+00:00,75876.49,0.34784245,0,1
2024-11-07 22:00:00+00:00,75674.0,0.52284485,1,1
2024-11-07 22:15:00+00:00,75631.28,0.4425035,0,1
2024-11-07 22:30:00+00:00,75800.91,0.4250768,0,0
2024-11-07 22:45:00+00:00,75872.0,0.38044018,0,0
2024-11-07 23:00:00+00:00,75817.99,0.35081622,0,1
2024-11-07 23:15:00+00:00,75851.16,0.41670188,0,0
2024-11-07 23:30:00+00:00,76019.99,0.3338906,0,0
2024-11-07 23:45:00+00:00,75857.89,0.3525267,0,1
2024-11-08 00:00:00+00:00,75983.99,0.33727425,0,0
2024-11-08 00:15:00+00:00,76228.0,0.3240889,0,0
2024-11-08 00:30:00+00:00,76157.52,0.31651175,0,0
2024-11-08 00:45:00+00:00,76005.25,0.32378426,0,0
2024-11-08 01:00:00+00:00,76121.21,0.29422197,0,0
2024-11-08 01:15:00+00:00,76223.99,0.30831242,0,0
2024-11-08 01:30:00+00:00,75955.99,0.29117867,0,1
2024-11-08 01:45:00+00:00,75983.91,0.25108564,0,0
2024-11-08 02:00:00+00:00,75803.75,0.25009057,0,1
2024-11-08 02:15:00+00:00,75711.92,0.39617747,0,1
2024-11-08 02:30:00+00:00,75672.01,0.2975965,0,1
2024-11-08 02:45:00+00:00,75711.14,0.3309954,0,1
2024-11-08 03:00:00+00:00,75850.0,0.3538045,0,0
2024-11-08 03:15:00+00:00,75750.01,0.5209246,1,1
2024-11-08 03:30:00+00:00,75785.99,0.53551877,1,1
2024-11-08 03:45:00+00:00,75890.79,0.5375558,1,1
2024-11-08 04:00:00+00:00,75915.99,0.642888,1,0
2024-11-08 04:15:00+00:00,75954.0,0.55284977,1,0
2024-11-08 04:30:00+00:00,75878.79,0.5781848,1,0
2024-11-08 04:45:00+00:00,75832.14,0.65822,1,0
2024-11-08 05:00:00+00:00,75948.79,0.60758334,1,0
2024-11-08 05:15:00+00:00,75989.99,0.69680536,1,1
2024-11-08 05:30:00+00:00,76037.55,0.63192296,1,0
2024-11-08 05:45:00+00:00,75975.32,0.71354246,1,0
2024-11-08 06:00:00+00:00,75953.99,0.61303204,1,0
2024-11-08 06:15:00+00:00,75913.99,0.6712532,1,1
2024-11-08 06:30:00+00:00,75908.27,0.7645166,1,1
2024-11-08 06:45:00+00:00,75876.0,0.6939292,1,1
2024-11-08 07:00:00+00:00,75752.0,0.73974884,1,1
2024-11-08 07:15:00+00:00,75997.6,0.751043,1,1
2024-11-08 07:30:00+00:00,76100.01,0.5981961,1,1
2024-11-08 07:45:00+00:00,76148.49,0.6494588,1,0
2024-11-08 08:00:00+00:00,75844.42,0.69184077,1,1
2024-11-08 08:15:00+00:00,75894.06,0.63167816,1,1
2024-11-08 08:30:00+00:00,75803.0,0.7169429,1,1
2024-11-08 08:45:00+00:00,75802.0,0.70892435,1,1
2024-11-08 09:00:00+00:00,75899.99,0.72478414,1,1
2024-11-08 09:15:00+00:00,76000.01,0.7241519,1,0
2024-11-08 09:30:00+00:00,76036.52,0.6414674,1,0
2024-11-08 09:45:00+00:00,75947.69,0.67918444,1,1
2024-11-08 10:00:00+00:00,75856.04,0.61767244,1,1
2024-11-08 10:15:00+00:00,76012.99,0.65352196,1,1
2024-11-08 10:30:00+00:00,76094.83,0.57290834,1,0
2024-11-08 10:45:00+00:00,76229.98,0.4570546,0,0
2024-11-08 11:00:00+00:00,76150.0,0.5575551,1,0
2024-11-08 11:15:00+00:00,76140.0,0.62708324,1,1
2024-11-08 11:30:00+00:00,76106.83,0.7650504,1,1
2024-11-08 11:45:00+00:00,75934.46,0.7563735,1,1
2024-11-08 12:00:00+00:00,75971.41,0.7145253,1,1
2024-11-08 12:15:00+00:00,75993.99,0.7310984,1,1
2024-11-08 12:30:00+00:00,76066.41,0.61987036,1,0
2024-11-08 12:45:00+00:00,76067.55,0.7665034,1,0
2024-11-08 13:00:00+00:00,75902.28,0.66397274,1,0
2024-11-08 13:15:00+00:00,75917.46,0.6933719,1,1
2024-11-08 13:30:00+00:00,75988.01,0.6819196,1,1
2024-11-08 13:45:00+00:00,76268.13,0.4591099,0,1
2024-11-08 14:00:00+00:00,76035.31,0.53267604,1,1
2024-11-08 14:15:00+00:00,76139.6,0.64301986,1,1
2024-11-08 14:30:00+00:00,75704.4,0.6041597,1,1
2024-11-08 14:45:00+00:00,75752.0,0.5353721,1,1
2024-11-08 15:00:00+00:00,75893.08,0.49613336,0,1
2024-11-08 15:15:00+00:00,76399.21,0.23867269,0,1
2024-11-08 15:30:00+00:00,76288.79,0.2523862,0,1
2024-11-08 15:45:00+00:00,76427.72,0.21977077,0,1
2024-11-08 16:00:00+00:00,76329.81,0.21595292,0,1
2024-11-08 16:15:00+00:00,76183.58,0.31567994,0,1
2024-11-08 16:30:00+00:00,75900.0,0.28390118,0,1
2024-11-08 16:45:00+00:00,75919.3,0.31582308,0,1
2024-11-08 17:00:00+00:00,75869.16,0.348568,0,1
2024-11-08 17:15:00+00:00,75942.0,0.37891904,0,1
2024-11-08 17:30:00+00:00,76261.99,0.3261121,0,1
2024-11-08 17:45:00+00:00,76385.99,0.37612185,0,1
2024-11-08 18:00:00+00:00,76402.36,0.32118824,0,1
2024-11-08 18:15:00+00:00,76570.0,0.2374239,0,1
2024-11-08 18:30:00+00:00,76819.21,0.2552647,0,0
2024-11-08 18:45:00+00:00,76812.0,0.2735025,0,0
2024-11-08 19:00:00+00:00,76956.63,0.2736766,0,0
2024-11-08 19:15:00+00:00,77000.0,0.18682994,0,0
2024-11-08 19:30:00+00:00,77087.98,0.19618647,0,0
2024-11-08 19:45:00+00:00,76912.58,0.17768942,0,0
2024-11-08 20:00:00+00:00,76742.26,0.2437493,0,0
2024-11-08 20:15:00+00:00,76480.0,0.18212591,0,1
2024-11-08 20:30:00+00:00,76610.0,0.17716011,0,1
2024-11-08 20:45:00+00:00,76591.33,0.1941144,0,0
2024-11-08 21:00:00+00:00,76560.01,0.22649172,0,0
2024-11-08 21:15:00+00:00,76428.01,0.22186859,0,0
2024-11-08 21:30:00+00:00,76500.0,0.28251714,0,0
2024-11-08 21:45:00+00:00,76483.09,0.31350836,0,0
2024-11-08 22:00:00+00:00,76512.64,0.36925307,0,0
2024-11-08 22:15:00+00:00,76612.01,0.3756197,0,0
2024-11-08 22:30:00+00:00,76509.23,0.28935477,0,0
2024-11-08 22:45:00+00:00,76369.12,0.30056855,0,1
2024-11-08 23:00:00+00:00,76446.01,0.36901858,0,0
2024-11-08 23:15:00+00:00,76398.01,0.4717584,0,0
2024-11-08 23:30:00+00:00,76446.23,0.44705063,0,0
2024-11-08 23:45:00+00:00,76509.78,0.50906914,1,0
2024-11-09 00:00:00+00:00,76593.86,0.44259733,0,0
2024-11-09 00:15:00+00:00,76530.0,0.77236295,1,0
2024-11-09 00:30:00+00:00,76620.75,0.77631474,1,0
2024-11-09 00:45:00+00:00,76430.0,0.6907955,1,0
2024-11-09 01:00:00+00:00,76506.35,0.8352481,1,0
2024-11-09 01:15:00+00:00,76332.23,0.6912907,1,1
2024-11-09 01:30:00+00:00,76413.99,0.71962,1,1
2024-11-09 01:45:00+00:00,76310.0,0.7474316,1,1
2024-11-09 02:00:00+00:00,76223.38,0.7734723,1,1
2024-11-09 02:15:00+00:00,76252.24,0.78767335,1,1
2024-11-09 02:30:00+00:00,76259.72,0.76461035,1,1
2024-11-09 02:45:00+00:00,76422.98,0.7412568,1,1
2024-11-09 03:00:00+00:00,76337.94,0.7383219,1,1
2024-11-09 03:15:00+00:00,76299.74,0.7199951,1,1
2024-11-09 03:30:00+00:00,76329.5,0.7866674,1,1
2024-11-09 03:45:00+00:00,76341.47,0.77589643,1,1
2024-11-09 04:00:00+00:00,76344.64,0.7817415,1,1
2024-11-09 04:15:00+00:00,76362.69,0.84122616,1,1
2024-11-09 04:30:00+00:00,76400.0,0.81173897,1,1
2024-11-09 04:45:00+00:00,76377.99,0.83895123,1,1
2024-11-09 05:00:00+00:00,76405.88,0.86154634,1,1
2024-11-09 05:15:00+00:00,76390.02,0.7192544,1,1
2024-11-09 05:30:00+00:00,76590.0,0.5722486,1,0
2024-11-09 05:45:00+00:00,76552.0,0.62319845,1,1
2024-11-09 06:00:00+00:00,76700.8,0.54731065,1,0
2024-11-09 06:15:00+00:00,76630.69,0.72004265,1,0
2024-11-09 06:30:00+00:00,76480.01,0.648157,1,0
2024-11-09 06:45:00+00:00,76510.0,0.6857641,1,0
2024-11-09 07:00:00+00:00,76484.0,0.6990712,1,0
2024-11-09 07:15:00+00:00,76392.0,0.75543094,1,0
2024-11-09 07:30:00+00:00,76396.03,0.8089845,1,1
2024-11-09 07:45:00+00:00,76529.08,0.7212877,1,0
2024-11-09 08:00:00+00:00,76521.99,0.82141036,1,0
2024-11-09 08:15:00+00:00,76579.99,0.7223696,1,0
2024-11-09 08:30:00+00:00,76632.09,0.7367354,1,0
2024-11-09 08:45:00+00:00,76539.99,0.70060873,1,0
2024-11-09 09:00:00+00:00,76597.14,0.8248222,1,0
2024-11-09 09:15:00+00:00,76541.99,0.7974859,1,0
2024-11-09 09:30:00+00:00,76540.69,0.7874657,1,0
2024-11-09 09:45:00+00:00,76554.0,0.8397467,1,0
2024-11-09 10:00:00+00:00,76582.0,0.73988587,1,0
2024-11-09 10:15:00+00:00,76523.98,0.80161643,1,0
2024-11-09 10:30:00+00:00,76457.1,0.75942826,1,0
2024-11-09 10:45:00+00:00,76468.01,0.7864475,1,0
2024-11-09 11:00:00+00:00,76437.31,0.76974887,1,0
2024-11-09 11:15:00+00:00,76370.55,0.76285934,1,0
2024-11-09 11:30:00+00:00,76420.0,0.8112827,1,0
2024-11-09 11:45:00+00:00,76487.11,0.76971954,1,0
2024-11-09 12:00:00+00:00,76393.01,0.731802,1,0
2024-11-09 12:15:00+00:00,76406.02,0.7740223,1,0
2024-11-09 12:30:00+00:00,76342.03,0.73125184,1,0
2024-11-09 12:45:00+00:00,76280.27,0.70787066,1,0
2024-11-09 13:00:00+00:00,76347.99,0.6801964,1,0
2024-11-09 13:15:00+00:00,76333.34,0.69462466,1,0
2024-11-09 13:30:00+00:00,76390.0,0.6649418,1,0
2024-11-09 13:45:00+00:00,76426.39,0.63404506,1,0
2024-11-09 14:00:00+00:00,76334.4,0.73407614,1,0
2024-11-09 14:15:00+00:00,76341.64,0.7159765,1,0
2024-11-09 14:30:00+00:00,76284.8,0.7383844,1,1
2024-11-09 14:45:00+00:00,76355.61,0.7743393,1,1
2024-11-09 15:00:00+00:00,76316.01,0.79792213,1,1
2024-11-09 15:15:00+00:00,76339.74,0.87426776,1,1
2024-11-09 15:30:00+00:00,76368.53,0.85656804,1,0
2024-11-09 15:45:00+00:00,76319.9,0.88840955,1,0
2024-11-09 16:00:00+00:00,76251.01,0.85358834,1,1
2024-11-09 16:15:00+00:00,76104.99,0.6779355,1,1
2024-11-09 16:30:00+00:00,76079.2,0.7154861,1,1
2024-11-09 16:45:00+00:00,76087.18,0.7827375,1,1
2024-11-09 17:00:00+00:00,75861.32,0.7248173,1,1
2024-11-09 17:15:00+00:00,75977.08,0.72848153,1,1
2024-11-09 17:30:00+00:00,76025.77,0.75640774,1,1
2024-11-09 17:45:00+00:00,76238.77,0.77428013,1,1
2024-11-09 18:00:00+00:00,76198.99,0.79056835,1,1
2024-11-09 18:15:00+00:00,76308.0,0.7878592,1,1
2024-11-09 18:30:00+00:00,76337.27,0.8231083,1,1
2024-11-09 18:45:00+00:00,76356.53,0.82503825,1,1
2024-11-09 19:00:00+00:00,76498.0,0.65459114,1,1
2024-11-09 19:15:00+00:00,76362.21,0.60583085,1,1
2024-11-09 19:30:00+00:00,76126.24,0.62931305,1,1
2024-11-09 19:45:00+00:00,76204.92,0.71330255,1,1
2024-11-09 20:00:00+00:00,76285.86,0.69386417,1,1
2024-11-09 20:15:00+00:00,76331.89,0.65086347,1,1
2024-11-09 20:30:00+00:00,76333.61,0.59613883,1,1
2024-11-09 20:45:00+00:00,76294.0,0.7032809,1,1
2024-11-09 21:00:00+00:00,76241.61,0.7122978,1,1
2024-11-09 21:15:00+00:00,76448.0,0.64718026,1,1
2024-11-09 21:30:00+00:00,76415.37,0.65477836,1,1
2024-11-09 21:45:00+00:00,76451.6,0.7609283,1,1
2024-11-09 22:00:00+00:00,76387.27,0.7447664,1,1
2024-11-09 22:15:00+00:00,76462.86,0.7556682,1,1
2024-11-09 22:30:00+00:00,76518.61,0.7939451,1,1
2024-11-09 22:45:00+00:00,76519.9,0.6401254,1,1
2024-11-09 23:00:00+00:00,76618.86,0.54785115,1,1
2024-11-09 23:15:00+00:00,76817.24,0.62016517,1,1
2024-11-09 23:30:00+00:00,76894.76,0.63976747,1,1
2024-11-09 23:45:00+00:00,76677.46,0.522438,1,1
2024-11-10 00:00:00+00:00,76689.47,0.47007602,0,1
2024-11-10 00:15:00+00:00,76796.01,0.4238823,0,1
2024-11-10 00:30:00+00:00,76894.99,0.4690367,0,1
2024-11-10 00:45:00+00:00,76884.01,0.42996585,0,1
2024-11-10 01:00:00+00:00,76707.07,0.4014554,0,1
2024-11-10 01:15:00+00:00,76788.43,0.46900126,0,1
2024-11-10 01:30:00+00:00,76711.06,0.48090833,0,1
2024-11-10 01:45:00+00:00,76702.31,0.4153514,0,1
2024-11-10 02:00:00+00:00,76875.3,0.40636677,0,1
2024-11-10 02:15:00+00:00,77284.0,0.28629458,0,1
2024-11-10 02:30:00+00:00,77392.53,0.3367087,0,1
2024-11-10 02:45:00+00:00,77033.99,0.32691413,0,1
2024-11-10 03:00:00+00:00,77216.0,0.27662152,0,1
2024-11-10 03:15:00+00:00,77397.99,0.28263015,0,1
2024-11-10 03:30:00+00:00,77347.6,0.41149303,0,1
2024-11-10 03:45:00+00:00,77205.96,0.40057516,0,1
2024-11-10 04:00:00+00:00,77312.84,0.35047948,0,1
2024-11-10 04:15:00+00:00,77288.23,0.38900232,0,1
2024-11-10 04:30:00+00:00,77867.39,0.34570414,0,1
2024-11-10 04:45:00+00:00,79122.02,0.3318942,0,1
2024-11-10 05:00:00+00:00,79042.03,0.26566157,0,1
2024-11-10 05:15:00+00:00,79653.01,0.4658617,0,0
2024-11-10 05:30:00+00:00,79568.17,0.45195407,0,0
2024-11-10 05:45:00+00:00,79064.16,0.24872096,0,1
2024-11-10 06:00:00+00:00,79145.27,0.24455163,0,1
2024-11-10 06:15:00+00:00,78925.2,0.24831505,0,1
2024-11-10 06:30:00+00:00,78739.69,0.27200094,0,1
2024-11-10 06:45:00+00:00,78903.42,0.27467185,0,1
2024-11-10 07:00:00+00:00,79017.49,0.29615378,0,1
2024-11-10 07:15:00+00:00,78940.29,0.32183066,0,1
2024-11-10 07:30:00+00:00,78859.91,0.32366753,0,1
2024-11-10 07:45:00+00:00,78832.37,0.3725282,0,1
2024-11-10 08:00:00+00:00,78972.0,0.27519888,0,1
2024-11-10 08:15:00+00:00,79056.02,0.2609641,0,1
2024-11-10 08:30:00+00:00,78920.01,0.23975202,0,1
2024-11-10 08:45:00+00:00,79130.1,0.27880386,0,1
2024-11-10 09:00:00+00:00,79228.88,0.2755131,0,1
2024-11-10 09:15:00+00:00,79336.56,0.4853937,0,1
2024-11-10 09:30:00+00:00,79441.96,0.48730984,0,1
2024-11-10 09:45:00+00:00,79368.0,0.48883933,0,1
2024-11-10 10:00:00+00:00,79316.39,0.45551145,0,1
2024-11-10 10:15:00+00:00,79293.95,0.4973412,0,1
2024-11-10 10:30:00+00:00,79451.3,0.35980856,0,0
2024-11-10 10:45:00+00:00,79540.74,0.46814966,0,0
2024-11-10 11:00:00+00:00,79756.03,0.6262006,1,0
2024-11-10 11:15:00+00:00,79736.0,0.58676386,1,0
2024-11-10 11:30:00+00:00,79880.0,0.5352332,1,0
2024-11-10 11:45:00+00:00,79844.01,0.57953316,1,0
2024-11-10 12:00:00+00:00,79425.33,0.36277747,0,1
2024-11-10 12:15:00+00:00,79300.0,0.3186607,0,1
2024-11-10 12:30:00+00:00,79434.02,0.32838213,0,1
2024-11-10 12:45:00+00:00,79654.0,0.3331904,0,1
2024-11-10 13:00:00+00:00,79594.0,0.36289856,0,1
2024-11-10 13:15:00+00:00,79879.97,0.33551562,0,0
2024-11-10 13:30:00+00:00,79806.0,0.3368952,0,1
2024-11-10 13:45:00+00:00,79728.01,0.26793143,0,1
2024-11-10 14:00:00+00:00,79808.52,0.2808325,0,1
2024-11-10 14:15:00+00:00,79720.65,0.21521771,0,1
2024-11-10 14:30:00+00:00,79382.0,0.28107023,0,1
2024-11-10 14:45:00+00:00,79508.01,0.27438417,0,1
2024-11-10 15:00:00+00:00,79693.99,0.34970847,0,1
2024-11-10 15:15:00+00:00,79594.0,0.46325567,0,1
2024-11-10 15:30:00+00:00,79696.01,0.39385003,0,1
2024-11-10 15:45:00+00:00,79694.03,0.4435335,0,1
2024-11-10 16:00:00+00:00,79662.0,0.44082594,0,0
2024-11-10 16:15:00+00:00,79711.33,0.5761765,1,0
2024-11-10 16:30:00+00:00,79772.01,0.5737007,1,0
2024-11-10 16:45:00+00:00,79775.99,0.5882519,1,0
2024-11-10 17:00:00+00:00,79678.04,0.6277621,1,0
2024-11-10 17:15:00+00:00,79782.01,0.6287435,1,0
2024-11-10 17:30:00+00:00,80200.01,0.27656457,0,0
2024-11-10 17:45:00+00:00,80333.01,0.18302453,0,0
2024-11-10 18:00:00+00:00,80712.01,0.31833366,0,0
2024-11-10 18:15:00+00:00,80840.0,0.33253738,0,1
2024-11-10 18:30:00+00:00,80721.9,0.23304346,0,0
2024-11-10 18:45:00+00:00,80538.04,0.21430843,0,1
2024-11-10 19:00:00+00:00,80670.98,0.23385395,0,0
2024-11-10 19:15:00+00:00,80284.01,0.19405305,0,1
2024-11-10 19:30:00+00:00,79798.0,0.2029895,0,1
2024-11-10 19:45:00+00:00,79748.99,0.22715315,0,1
2024-11-10 20:00:00+00:00,79429.34,0.2865544,0,1
2024-11-10 20:15:00+00:00,79461.02,0.3062352,0,1
2024-11-10 20:30:00+00:00,79216.0,0.3095514,0,1
2024-11-10 20:45:00+00:00,78950.01,0.32005602,0,1
2024-11-10 21:00:00+00:00,78897.81,0.38231114,0,1
2024-11-10 21:15:00+00:00,79560.01,0.36995474,0,1
2024-11-10 21:30:00+00:00,79520.95,0.3749427,0,1
2024-11-10 21:45:00+00:00,79873.97,0.36446908,0,1
2024-11-10 22:00:00+00:00,80310.0,0.38754728,0,1
2024-11-10 22:15:00+00:00,80849.73,0.34425107,0,1
2024-11-10 22:30:00+00:00,80412.37,0.3889531,0,1
2024-11-10 22:45:00+00:00,80614.01,0.42295036,0,1
2024-11-10 23:00:00+00:00,80352.32,0.32886896,0,1
2024-11-10 23:15:00+00:00,80347.99,0.31726676,0,1
2024-11-10 23:30:00+00:00,80218.0,0.30740196,0,1
2024-11-10 23:45:00+00:00,80370.01,0.31839424,0,1
2024-11-11 00:00:00+00:00,80368.0,0.294835,0,1
2024-11-11 00:15:00+00:00,80722.0,0.2925038,0,1
2024-11-11 00:30:00+00:00,80602.71,0.30145907,0,1
2024-11-11 00:45:00+00:00,80579.99,0.27853665,0,1
2024-11-11 01:00:00+00:00,80530.0,0.27942348,0,1
2024-11-11 01:15:00+00:00,80783.98,0.29607403,0,1
2024-11-11 01:30:00+00:00,81294.37,0.25890684,0,0
2024-11-11 01:45:00+00:00,81214.0,0.29788738,0,0
2024-11-11 02:00:00+00:00,81316.78,0.30630073,0,0
2024-11-11 02:15:00+00:00,81424.0,0.24403144,0,0
2024-11-11 02:30:00+00:00,81287.13,0.25654176,0,0
2024-11-11 02:45:00+00:00,81431.17,0.2885553,0,0
2024-11-11 03:00:00+00:00,81335.99,0.26429918,0,0
2024-11-11 03:15:00+00:00,80948.0,0.21667878,0,0
2024-11-11 03:30:00+00:00,81380.0,0.23381145,0,0
2024-11-11 03:45:00+00:00,81612.23,0.21719465,0,0
2024-11-11 04:00:00+00:00,81574.02,0.20418131,0,0
2024-11-11 04:15:00+00:00,81206.0,0.284587,0,0
2024-11-11 04:30:00+00:00,81331.99,0.27429557,0,0
2024-11-11 04:45:00+00:00,81440.01,0.36518598,0,0
2024-11-11 05:00:00+00:00,81341.72,0.31347576,0,1
2024-11-11 05:15:00+00:00,80992.0,0.41733757,0,1
2024-11-11 05:30:00+00:00,80763.05,0.4088408,0,1
2024-11-11 05:45:00+00:00,80731.99,0.46563065,0,1
2024-11-11 06:00:00+00:00,80872.0,0.45074132,0,1
2024-11-11 06:15:00+00:00,81100.98,0.42996788,0,1
2024-11-11 06:30:00+00:00,80792.08,0.4086506,0,1
2024-11-11 06:45:00+00:00,80900.68,0.38802764,0,1
2024-11-11 07:00:00+00:00,80987.12,0.35530493,0,1
2024-11-11 07:15:00+00:00,80783.02,0.40728632,0,1
2024-11-11 07:30:00+00:00,80999.0,0.40315682,0,1
2024-11-11 07:45:00+00:00,81109.1,0.35368353,0,1
2024-11-11 08:00:00+00:00,81224.0,0.30838576,0,1
2024-11-11 08:15:00+00:00,81075.99,0.33276305,0,1
2024-11-11 08:30:00+00:00,81223.9,0.38942114,0,1
2024-11-11 08:45:00+00:00,81239.53,0.24817891,0,1
2024-11-11 09:00:00+00:00,81440.63,0.19031689,0,1
2024-11-11 09:15:00+00:00,81394.65,0.25110996,0,1
2024-11-11 09:30:00+00:00,81470.01,0.31798625,0,1
2024-11-11 09:45:00+00:00,81695.33,0.33788446,0,1
2024-11-11 10:00:00+00:00,82129.98,0.440746,0,0
2024-11-11 10:15:00+00:00,81935.23,0.42888176,0,0
2024-11-11 10:30:00+00:00,82058.72,0.33040118,0,0
2024-11-11 10:45:00+00:00,81984.19,0.33951828,0,1
2024-11-11 11:00:00+00:00,81933.59,0.34707692,0,1
2024-11-11 11:15:00+00:00,82148.87,0.39431143,0,1
2024-11-11 11:30:00+00:00,82034.0,0.36194792,0,1
2024-11-11 11:45:00+00:00,82134.0,0.36765257,0,1
2024-11-11 12:00:00+00:00,82182.01,0.3472508,0,1
2024-11-11 12:15:00+00:00,82117.99,0.26254666,0,1
2024-11-11 12:30:00+00:00,82290.0,0.26541185,0,1
2024-11-11 12:45:00+00:00,82168.91,0.3786274,0,1
2024-11-11 13:00:00+00:00,81680.01,0.30105406,0,1
2024-11-11 13:15:00+00:00,81874.0,0.3828674,0,1
2024-11-11 13:30:00+00:00,81709.27,0.445713,0,1
2024-11-11 13:45:00+00:00,81835.74,0.4567435,0,1
2024-11-11 14:00:00+00:00,81748.07,0.43724918,0,1
2024-11-11 14:15:00+00:00,81734.0,0.3783684,0,1
2024-11-11 14:30:00+00:00,81941.98,0.40589604,0,1
2024-11-11 14:45:00+00:00,82484.9,0.31100675,0,1
2024-11-11 15:00:00+00:00,82943.63,0.3078535,0,1
2024-11-11 15:15:00+00:00,83745.0,0.23465589,0,1
2024-11-11 15:30:00+00:00,83823.74,0.20348847,0,1
2024-11-11 15:45:00+00:00,84059.54,0.2235407,0,1
2024-11-11 16:00:00+00:00,84768.0,0.26196504,0,1
2024-11-11 16:15:00+00:00,84349.71,0.2688627,0,1
2024-11-11 16:30:00+00:00,84213.79,0.20957898,0,1
2024-11-11 16:45:00+00:00,84200.0,0.25553972,0,1
2024-11-11 17:00:00+00:00,84655.27,0.21516953,0,1
2024-11-11 17:15:00+00:00,84353.99,0.24484743,0,1
2024-11-11 17:30:00+00:00,84848.25,0.25276744,0,1
2024-11-11 17:45:00+00:00,84603.99,0.33309895,0,1
2024-11-11 18:00:00+00:00,84475.01,0.21252973,0,1
2024-11-11 18:15:00+00:00,84731.01,0.3056916,0,1
2024-11-11 18:30:00+00:00,85190.0,0.22556575,0,1
2024-11-11 18:45:00+00:00,85831.99,0.17788053,0,1
2024-11-11 19:00:00+00:00,85742.88,0.19654718,0,1
2024-11-11 19:15:00+00:00,86038.26,0.16364974,0,1
2024-11-11 19:30:00+00:00,86282.21,0.18818122,0,1
2024-11-11 19:45:00+00:00,86102.21,0.2181841,0,1
2024-11-11 20:00:00+00:00,87146.04,0.31156477,0,1
2024-11-11 20:15:00+00:00,86834.74,0.37599564,0,1
2024-11-11 20:30:00+00:00,86974.5,0.27445784,0,1
2024-11-11 20:45:00+00:00,86922.65,0.3582534,0,1
2024-11-11 21:00:00+00:00,87223.37,0.28839555,0,1
2024-11-11 21:15:00+00:00,88242.62,0.3689359,0,1
2024-11-11 21:30:00+00:00,87940.0,0.36864057,0,1
2024-11-11 21:45:00+00:00,87900.01,0.42432675,0,1
2024-11-11 22:00:00+00:00,87347.57,0.18442878,0,1
2024-11-11 22:15:00+00:00,86823.7,0.17776228,0,1
2024-11-11 22:30:00+00:00,87045.68,0.20653851,0,1
2024-11-11 22:45:00+00:00,87979.28,0.19326904,0,0
2024-11-11 23:00:00+00:00,89348.01,0.22549677,0,0
2024-11-11 23:15:00+00:00,88906.99,0.22588651,0,0
2024-11-11 23:30:00+00:00,88467.99,0.22044033,0,0
2024-11-11 23:45:00+00:00,88647.99,0.26155666,0,0
2024-11-12 00:00:00+00:00,87645.42,0.34932745,0,1
2024-11-12 00:15:00+00:00,87952.01,0.46774834,0,1
2024-11-12 00:30:00+00:00,87969.98,0.41478574,0,1
2024-11-12 00:45:00+00:00,88978.57,0.4095658,0,0
2024-11-12 01:00:00+00:00,89225.85,0.36799076,0,0
2024-11-12 01:15:00+00:00,88685.43,0.35603684,0,0
2024-11-12 01:30:00+00:00,88752.85,0.40864813,0,0
2024-11-12 01:45:00+00:00,88542.51,0.3251134,0,0
2024-11-12 02:00:00+00:00,88585.01,0.35850608,0,0
2024-11-12 02:15:00+00:00,88236.0,0.3652689,0,1
2024-11-12 02:30:00+00:00,87476.0,0.4204605,0,1
2024-11-12 02:45:00+00:00,87694.53,0.41088402,0,1
2024-11-12 03:00:00+00:00,87770.0,0.45917794,0,1
2024-11-12 03:15:00+00:00,87650.01,0.44376346,0,1
2024-11-12 03:30:00+00:00,87740.01,0.48498723,0,1
2024-11-12 03:45:00+00:00,88047.46,0.38698003,0,1
2024-11-12 04:00:00+00:00,87936.02,0.40548456,0,1
2024-11-12 04:15:00+00:00,88652.31,0.4278359,0,1
2024-11-12 04:30:00+00:00,88652.0,0.40737265,0,1
2024-11-12 04:45:00+00:00,88430.57,0.37699386,0,1
2024-11-12 05:00:00+00:00,88413.15,0.42266575,0,0
2024-11-12 05:15:00+00:00,88474.81,0.35185188,0,1
2024-11-12 05:30:00+00:00,88446.9,0.3945781,0,0
2024-11-12 05:45:00+00:00,88378.46,0.39459836,0,0
2024-11-12 06:00:00+00:00,88356.01,0.3492934,0,0
2024-11-12 06:15:00+00:00,88532.06,0.30908296,0,0
2024-11-12 06:30:00+00:00,89419.99,0.28767937,0,0
2024-11-12 06:45:00+00:00,89545.46,0.2971333,0,0
2024-11-12 07:00:00+00:00,89836.0,0.24024968,0,0
2024-11-12 07:15:00+00:00,89347.98,0.2637613,0,0
2024-11-12 07:30:00+00:00,89388.0,0.21512854,0,0
2024-11-12 07:45:00+00:00,88983.35,0.25066254,0,0
2024-11-12 08:00:00+00:00,88853.99,0.27699763,0,0
2024-11-12 08:15:00+00:00,88776.01,0.252642,0,0
2024-11-12 08:30:00+00:00,89122.0,0.24880604,0,0
2024-11-12 08:45:00+00:00,89280.01,0.23135765,0,0
2024-11-12 09:00:00+00:00,88388.01,0.33831105,0,0
2024-11-12 09:15:00+00:00,88532.0,0.33707824,0,0
2024-11-12 09:30:00+00:00,88133.33,0.33704227,0,0
2024-11-12 09:45:00+00:00,87630.89,0.31011707,0,0
2024-11-12 10:00:00+00:00,87817.38,0.4263794,0,0
2024-11-12 10:15:00+00:00,87448.39,0.43430007,0,0
2024-11-12 10:30:00+00:00,86261.3,0.40345573,0,1
2024-11-12 10:45:00+00:00,86787.51,0.36050275,0,1
2024-11-12 11:00:00+00:00,86765.1,0.32020319,0,1
2024-11-12 11:15:00+00:00,87407.28,0.39022908,0,0
2024-11-12 11:30:00+00:00,87411.99,0.38237518,0,0
2024-11-12 11:45:00+00:00,87155.55,0.4227719,0,0
2024-11-12 12:00:00+00:00,87708.01,0.41878262,0,0
2024-11-12 12:15:00+00:00,87077.4,0.43419197,0,0
2024-11-12 12:30:00+00:00,86678.71,0.45318127,0,1
2024-11-12 12:45:00+00:00,86348.01,0.45262867,0,1
2024-11-12 13:00:00+00:00,86496.0,0.39053237,0,1
2024-11-12 13:15:00+00:00,86050.0,0.33297938,0,1
2024-11-12 13:30:00+00:00,85692.03,0.3604866,0,1
2024-11-12 13:45:00+00:00,86330.52,0.47041196,0,1
2024-11-12 14:00:00+00:00,85972.01,0.498285,0,1
2024-11-12 14:15:00+00:00,86012.02,0.5494279,1,1
2024-11-12 14:30:00+00:00,86344.7,0.56898344,1,1
2024-11-12 14:45:00+00:00,87001.51,0.5641499,1,1
2024-11-12 15:00:00+00:00,87407.97,0.59694207,1,1
2024-11-12 15:15:00+00:00,86835.99,0.5530292,1,1
2024-11-12 15:30:00+00:00,86346.01,0.5562605,1,1
2024-11-12 15:45:00+00:00,86632.0,0.5535775,1,1
2024-11-12 16:00:00+00:00,85756.01,0.5730665,1,1
2024-11-12 16:15:00+00:00,86490.01,0.573856,1,1
2024-11-12 16:30:00+00:00,87057.9,0.484544,0,1
2024-11-12 16:45:00+00:00,87030.31,0.43365723,0,1
2024-11-12 17:00:00+00:00,87432.51,0.41438517,0,1
2024-11-12 17:15:00+00:00,87469.99,0.40331692,0,1
2024-11-12 17:30:00+00:00,87575.75,0.33897153,0,1
2024-11-12 17:45:00+00:00,86966.07,0.34425035,0,1
2024-11-12 18:00:00+00:00,87612.0,0.31462437,0,1
2024-11-12 18:15:00+00:00,88360.01,0.27850047,0,0
2024-11-12 18:30:00+00:00,88585.01,0.25156674,0,0
2024-11-12 18:45:00+00:00,88796.41,0.23786749,0,0
2024-11-12 19:00:00+00:00,89311.11,0.18619935,0,0
2024-11-12 19:15:00+00:00,89448.01,0.16843854,0,0
2024-11-12 19:30:00+00:00,89020.0,0.2176709,0,0
2024-11-12 19:45:00+00:00,88704.28,0.22486976,0,0
2024-11-12 20:00:00+00:00,89098.99,0.15846524,0,0
2024-11-12 20:15:00+00:00,89462.86,0.16014838,0,0
2024-11-12 20:30:00+00:00,89624.0,0.1778965,0,0
2024-11-12 20:45:00+00:00,89473.1,0.18198295,0,0
2024-11-12 21:00:00+00:00,88832.0,0.241371,0,0
2024-11-12 21:15:00+00:00,88885.99,0.2157774,0,0
2024-11-12 21:30:00+00:00,88440.0,0.33209747,0,0
2024-11-12 21:45:00+00:00,88240.32,0.31433275,0,1
2024-11-12 22:00:00+00:00,88003.98,0.40481246,0,1
2024-11-12 22:15:00+00:00,88043.99,0.40736204,0,0
2024-11-12 22:30:00+00:00,88505.06,0.4396469,0,0
2024-11-12 22:45:00+00:00,88592.0,0.3965822,0,0
2024-11-12 23:00:00+00:00,88363.17,0.42432335,0,0
2024-11-12 23:15:00+00:00,87970.33,0.40089026,0,0
2024-11-12 23:30:00+00:00,87881.29,0.46564677,0,0
2024-11-12 23:45:00+00:00,87952.01,0.38737744,0,0
2024-11-13 00:00:00+00:00,87708.01,0.41567647,0,0
2024-11-13 00:15:00+00:00,88206.0,0.420828,0,0
2024-11-13 00:30:00+00:00,88285.61,0.4141222,0,0
2024-11-13 00:45:00+00:00,88040.0,0.3896219,0,0
2024-11-13 01:00:00+00:00,88512.18,0.373904,0,0
2024-11-13 01:15:00+00:00,87959.98,0.3918434,0,0
2024-11-13 01:30:00+00:00,88086.52,0.44814187,0,0
2024-11-13 01:45:00+00:00,88253.53,0.45240483,0,0
2024-11-13 02:00:00+00:00,88014.09,0.5229314,1,0
2024-11-13 02:15:00+00:00,87516.01,0.5351386,1,0
2024-11-13 02:30:00+00:00,87699.29,0.5274512,1,0
2024-11-13 02:45:00+00:00,87868.0,0.5000695,1,0
2024-11-13 03:00:00+00:00,87979.79,0.44555995,0,0
2024-11-13 03:15:00+00:00,87323.99,0.47708932,0,0
2024-11-13 03:30:00+00:00,87127.99,0.47145638,0,1
2024-11-13 03:45:00+00:00,87136.0,0.4927527,0,1
2024-11-13 04:00:00+00:00,87496.93,0.54226464,1,0
2024-11-13 04:15:00+00:00,87139.25,0.487285,0,1
2024-11-13 04:30:00+00:00,86667.97,0.391486,0,1
2024-11-13 04:45:00+00:00,87172.01,0.44059953,0,1
2024-11-13 05:00:00+00:00,87182.01,0.39635387,0,1
2024-11-13 05:15:00+00:00,87319.31,0.41769928,0,1
2024-11-13 05:30:00+00:00,86932.82,0.46320882,0,1
2024-11-13 05:45:00+00:00,86545.99,0.4186922,0,1
2024-11-13 06:00:00+00:00,86691.19,0.4328056,0,1
2024-11-13 06:15:00+00:00,86465.34,0.45148152,0,1
2024-11-13 06:30:00+00:00,86613.14,0.4934905,0,1
2024-11-13 06:45:00+00:00,86500.0,0.4744073,0,1
2024-11-13 07:00:00+00:00,86993.04,0.4324689,0,1
2024-11-13 07:15:00+00:00,87132.8,0.42319274,0,1
2024-11-13 07:30:00+00:00,87392.0,0.45241922,0,1
2024-11-13 07:45:00+00:00,87356.0,0.4917514,0,1
2024-11-13 08:00:00+00:00,87306.01,0.51032376,1,1
2024-11-13 08:15:00+00:00,87543.99,0.37477633,0,1
2024-11-13 08:30:00+00:00,87188.01,0.3787059,0,1
2024-11-13 08:45:00+00:00,87228.68,0.3995445,0,1
2024-11-13 09:00:00+00:00,87499.99,0.3055215,0,1
2024-11-13 09:15:00+00:00,87521.99,0.27323955,0,1
2024-11-13 09:30:00+00:00,87418.0,0.28368354,0,1
2024-11-13 09:45:00+00:00,87400.02,0.25511858,0,1
2024-11-13 10:00:00+00:00,87261.97,0.27374795,0,1
2024-11-13 10:15:00+00:00,87328.0,0.2780643,0,1
2024-11-13 10:30:00+00:00,87156.01,0.27472797,0,1
2024-11-13 10:45:00+00:00,87535.55,0.24944204,0,1
2024-11-13 11:00:00+00:00,87857.99,0.26406562,0,1
2024-11-13 11:15:00+00:00,87630.01,0.2621597,0,1
2024-11-13 11:30:00+00:00,87686.01,0.26476896,0,1
2024-11-13 11:45:00+00:00,87669.39,0.23608893,0,1
2024-11-13 12:00:00+00:00,87656.0,0.27970207,0,1
2024-11-13 12:15:00+00:00,87732.0,0.34259933,0,1
2024-11-13 12:30:00+00:00,87947.99,0.20479213,0,1
2024-11-13 12:45:00+00:00,87626.96,0.20923428,0,1
2024-11-13 13:00:00+00:00,87652.47,0.18753512,0,1
2024-11-13 13:15:00+00:00,88259.17,0.26622772,0,1
2024-11-13 13:30:00+00:00,89090.91,0.40211415,0,1
2024-11-13 13:45:00+00:00,89152.01,0.41007856,0,1
2024-11-13 14:00:00+00:00,89393.59,0.26860282,0,1
2024-11-13 14:15:00+00:00,89790.03,0.30833238,0,1
2024-11-13 14:30:00+00:00,90784.01,0.42371663,0,1
2024-11-13 14:45:00+00:00,91508.0,0.46344796,0,1
2024-11-13 15:00:00+00:00,91168.91,0.37241042,0,0
2024-11-13 15:15:00+00:00,91776.6,0.4671064,0,0
2024-11-13 15:30:00+00:00,91999.99,0.40362152,0,0
2024-11-13 15:45:00+00:00,92540.01,0.510336,1,0
2024-11-13 16:00:00+00:00,93192.03,0.51329273,1,0
2024-11-13 16:15:00+00:00,92883.97,0.4497931,0,0
2024-11-13 16:30:00+00:00,91836.0,0.24867502,0,0
2024-11-13 16:45:00+00:00,92256.0,0.17719066,0,0
2024-11-13 17:00:00+00:00,92692.01,0.19382297,0,0
2024-11-13 17:15:00+00:00,92210.2,0.22769047,0,0
2024-11-13 17:30:00+00:00,91850.01,0.19375305,0,0
2024-11-13 17:45:00+00:00,92218.87,0.20112032,0,0
2024-11-13 18:00:00+00:00,92330.35,0.22228663,0,0
2024-11-13 18:15:00+00:00,92636.36,0.22923502,0,0
2024-11-13 18:30:00+00:00,92703.76,0.2419686,0,0
2024-11-13 18:45:00+00:00,92824.0,0.2684051,0,0
2024-11-13 19:00:00+00:00,90890.02,0.43745676,0,0
2024-11-13 19:15:00+00:00,91162.47,0.5358735,1,0
2024-11-13 19:30:00+00:00,90619.99,0.5420135,1,0
2024-11-13 19:45:00+00:00,90193.51,0.5160311,1,1
2024-11-13 20:00:00+00:00,90741.4,0.56587815,1,0
2024-11-13 20:15:00+00:00,90556.0,0.5021287,1,0
2024-11-13 20:30:00+00:00,90751.91,0.41921785,0,0
2024-11-13 20:45:00+00:00,89691.99,0.4164951,0,1
2024-11-13 21:00:00+00:00,88611.09,0.39594516,0,1
2024-11-13 21:15:00+00:00,88785.75,0.47181657,0,1
2024-11-13 21:30:00+00:00,89393.18,0.45626336,0,1
2024-11-13 21:45:00+00:00,88539.77,0.4843584,0,1
2024-11-13 22:00:00+00:00,89335.94,0.51001334,1,1
2024-11-13 22:15:00+00:00,89555.27,0.5446448,1,1
2024-11-13 22:30:00+00:00,89641.86,0.37693346,0,1
2024-11-13 22:45:00+00:00,89715.12,0.32397977,0,1
2024-11-13 23:00:00+00:00,89587.98,0.37708968,0,1
2024-11-13 23:15:00+00:00,90206.4,0.3387659,0,0
2024-11-13 23:30:00+00:00,90424.24,0.3404037,0,0
2024-11-13 23:45:00+00:00,90375.2,0.43851262,0,0
2024-11-14 00:00:00+00:00,90146.77,0.48110238,0,0
2024-11-14 00:15:00+00:00,90035.99,0.44643536,0,0
2024-11-14 00:30:00+00:00,89718.47,0.40476483,0,1
2024-11-14 00:45:00+00:00,90104.93,0.34752572,0,1
2024-11-14 01:00:00+00:00,90198.15,0.3231589,0,0
2024-11-14 01:15:00+00:00,89700.0,0.31446332,0,1
2024-11-14 01:30:00+00:00,89721.44,0.29190338,0,1
2024-11-14 01:45:00+00:00,90372.01,0.29748744,0,0
2024-11-14 02:00:00+00:00,90123.95,0.29171264,0,0
2024-11-14 02:15:00+00:00,89948.01,0.3172152,0,1
2024-11-14 02:30:00+00:00,89752.0,0.3867148,0,1
2024-11-14 02:45:00+00:00,90104.01,0.41492316,0,0
2024-11-14 03:00:00+00:00,89777.0,0.36479512,0,0
2024-11-14 03:15:00+00:00,89901.42,0.32762936,0,0
2024-11-14 03:30:00+00:00,89840.68,0.2833509,0,1
2024-11-14 03:45:00+00:00,89937.02,0.18172331,0,1
2024-11-14 04:00:00+00:00,89840.0,0.17864126,0,1
2024-11-14 04:15:00+00:00,89675.96,0.20429407,0,1
2024-11-14 04:30:00+00:00,89831.98,0.2347951,0,1
2024-11-14 04:45:00+00:00,90123.99,0.27223715,0,1
2024-11-14 05:00:00+00:00,89748.0,0.413693,0,1
2024-11-14 05:15:00+00:00,89861.85,0.33954084,0,1
2024-11-14 05:30:00+00:00,89790.24,0.46335754,0,1
2024-11-14 05:45:00+00:00,89957.22,0.5545294,1,1
2024-11-14 06:00:00+00:00,90051.49,0.39721206,0,1
2024-11-14 06:15:00+00:00,89990.0,0.36965236,0,1
2024-11-14 06:30:00+00:00,89879.71,0.41953444,0,1
2024-11-14 06:45:00+00:00,89300.69,0.45514628,0,1
2024-11-14 07:00:00+00:00,89660.0,0.57759726,1,1
2024-11-14 07:15:00+00:00,89767.97,0.5649467,1,1
2024-11-14 07:30:00+00:00,90099.99,0.50398695,1,1
2024-11-14 07:45:00+00:00,90769.42,0.391445,0,1
2024-11-14 08:00:00+00:00,91387.51,0.34291646,0,1
2024-11-14 08:15:00+00:00,91116.76,0.2459438,0,1
2024-11-14 08:30:00+00:00,90835.64,0.24642718,0,1
2024-11-14 08:45:00+00:00,90558.28,0.3178106,0,1
2024-11-14 09:00:00+00:00,90623.85,0.28026873,0,1
2024-11-14 09:15:00+00:00,90655.99,0.3611582,0,1
2024-11-14 09:30:00+00:00,90627.65,0.36651355,0,1
2024-11-14 09:45:00+00:00,90909.01,0.33328453,0,0
2024-11-14 10:00:00+00:00,91268.91,0.24164897,0,0
2024-11-14 10:15:00+00:00,91104.0,0.20697686,0,1
2024-11-14 10:30:00+00:00,91007.99,0.23404174,0,0
2024-11-14 10:45:00+00:00,91103.0,0.23135576,0,0
2024-11-14 11:00:00+00:00,90845.24,0.23508549,0,0
2024-11-14 11:15:00+00:00,91206.01,0.28983682,0,0
2024-11-14 11:30:00+00:00,91099.99,0.4050419,0,0
2024-11-14 11:45:00+00:00,91491.86,0.3095083,0,0
2024-11-14 12:00:00+00:00,91520.42,0.3542508,0,0
2024-11-14 12:15:00+00:00,91262.89,0.37805334,0,0
2024-11-14 12:30:00+00:00,91093.75,0.40601644,0,0
2024-11-14 12:45:00+00:00,91243.17,0.41244707,0,0
2024-11-14 13:00:00+00:00,91200.0,0.37228838,0,0
2024-11-14 13:15:00+00:00,90927.15,0.35862473,0,0
2024-11-14 13:30:00+00:00,90947.75,0.514569,1,0
2024-11-14 13:45:00+00:00,90754.42,0.45034593,0,0
2024-11-14 14:00:00+00:00,90927.15,0.40753424,0,0
2024-11-14 14:15:00+00:00,91283.51,0.33986166,0,0
2024-11-14 14:30:00+00:00,89730.94,0.4732819,0,0
2024-11-14 14:45:00+00:00,88720.03,0.38710546,0,1
2024-11-14 15:00:00+00:00,89393.5,0.46977633,0,1
2024-11-14 15:15:00+00:00,89166.51,0.44465095,0,1
2024-11-14 15:30:00+00:00,88728.0,0.40347332,0,1
2024-11-14 15:45:00+00:00,87947.99,0.37876847,0,1
2024-11-14 16:00:00+00:00,87718.78,0.43582577,0,1
2024-11-14 16:15:00+00:00,88226.78,0.41993096,0,1
2024-11-14 16:30:00+00:00,88816.01,0.39774466,0,0
2024-11-14 16:45:00+00:00,89198.31,0.36986992,0,0
2024-11-14 17:00:00+00:00,88812.12,0.3280373,0,0
2024-11-14 17:15:00+00:00,88598.6,0.35886094,0,0
2024-11-14 17:30:00+00:00,89042.79,0.3467513,0,0
2024-11-14 17:45:00+00:00,89239.35,0.31336838,0,0
2024-11-14 18:00:00+00:00,89616.02,0.30518815,0,0
2024-11-14 18:15:00+00:00,89349.6,0.3137585,0,0
2024-11-14 18:30:00+00:00,89074.36,0.2949979,0,0
2024-11-14 18:45:00+00:00,89111.55,0.3042309,0,0
2024-11-14 19:00:00+00:00,89512.01,0.31225327,0,0
2024-11-14 19:15:00+00:00,89525.57,0.3020263,0,0
2024-11-14 19:30:00+00:00,89463.99,0.27399406,0,0
2024-11-14 19:45:00+00:00,89463.99,0.2859526,0,0
2024-11-14 20:00:00+00:00,88182.0,0.34455183,0,0
2024-11-14 20:15:00+00:00,88428.42,0.3409133,0,0
2024-11-14 20:30:00+00:00,87952.84,0.35455942,0,1
2024-11-14 20:45:00+00:00,87612.66,0.37428123,0,1
2024-11-14 21:00:00+00:00,87470.4,0.38770354,0,1
2024-11-14 21:15:00+00:00,88089.69,0.4011055,0,0
2024-11-14 21:30:00+00:00,88029.71,0.3928674,0,0
2024-11-14 21:45:00+00:00,88227.22,0.3769679,0,0
2024-11-14 22:00:00+00:00,87914.52,0.46309397,0,1
2024-11-14 22:15:00+00:00,87750.0,0.43650982,0,1
2024-11-14 22:30:00+00:00,87899.99,0.47690532,0,1
2024-11-14 22:45:00+00:00,87640.01,0.4401067,0,1
2024-11-14 23:00:00+00:00,86960.0,0.42528638,0,1
2024-11-14 23:15:00+00:00,87444.15,0.46047443,0,1
2024-11-14 23:30:00+00:00,87282.91,0.46712613,0,1
2024-11-14 23:45:00+00:00,87325.59,0.44366518,0,1
2024-11-15 00:00:00+00:00,88105.61,0.4641183,0,0
2024-11-15 00:15:00+00:00,88199.87,0.54019666,1,0
2024-11-15 00:30:00+00:00,88046.5,0.49745667,0,0
2024-11-15 00:45:00+00:00,87870.27,0.5242493,1,0
2024-11-15 01:00:00+00:00,87791.71,0.548368,1,0
2024-11-15 01:15:00+00:00,87631.58,0.5941331,1,1
2024-11-15 01:30:00+00:00,87975.99,0.54239285,1,0
2024-11-15 01:45:00+00:00,88098.99,0.5746924,1,0
2024-11-15 02:00:00+00:00,88090.9,0.4833029,0,0
2024-11-15 02:15:00+00:00,88020.13,0.5385357,1,0
2024-11-15 02:30:00+00:00,88397.6,0.46519476,0,0
2024-11-15 02:45:00+00:00,88364.07,0.39742416,0,0
2024-11-15 03:00:00+00:00,88212.12,0.3554643,0,0
2024-11-15 03:15:00+00:00,88235.72,0.34783164,0,1
2024-11-15 03:30:00+00:00,88384.85,0.40549758,0,0
2024-11-15 03:45:00+00:00,88218.21,0.38679513,0,0
2024-11-15 04:00:00+00:00,88071.67,0.397104,0,0
2024-11-15 04:15:00+00:00,87808.0,0.42381623,0,0
2024-11-15 04:30:00+00:00,87381.64,0.4384338,0,1
2024-11-15 04:45:00+00:00,87454.57,0.4139672,0,1
2024-11-15 05:00:00+00:00,87608.55,0.4073804,0,1
2024-11-15 05:15:00+00:00,87760.0,0.41968936,0,1
2024-11-15 05:30:00+00:00,87804.0,0.4000589,0,1
2024-11-15 05:45:00+00:00,87724.0,0.3857465,0,1
2024-11-15 06:00:00+00:00,87904.0,0.3814391,0,1
2024-11-15 06:15:00+00:00,87957.83,0.37065062,0,1
2024-11-15 06:30:00+00:00,87708.95,0.38714743,0,1
2024-11-15 06:45:00+00:00,88182.67,0.4026611,0,1
2024-11-15 07:00:00+00:00,88090.91,0.39498818,0,1
2024-11-15 07:15:00+00:00,88246.11,0.36172456,0,1
2024-11-15 07:30:00+00:00,87931.99,0.39976424,0,1
2024-11-15 07:45:00+00:00,87612.0,0.39279076,0,1
2024-11-15 08:00:00+00:00,87446.89,0.34303126,0,1
2024-11-15 08:15:00+00:00,87611.68,0.34775925,0,1
2024-11-15 08:30:00+00:00,88087.28,0.38037536,0,1
2024-11-15 08:45:00+00:00,88082.96,0.35301885,0,1
2024-11-15 09:00:00+00:00,88805.08,0.2918951,0,1
2024-11-15 09:15:00+00:00,89188.01,0.22504853,0,1
2024-11-15 09:30:00+00:00,89064.14,0.18344435,0,1
2024-11-15 09:45:00+00:00,89195.99,0.1863211,0,1
2024-11-15 10:00:00+00:00,89136.08,0.17598642,0,1
2024-11-15 10:15:00+00:00,89358.94,0.18249378,0,0
2024-11-15 10:30:00+00:00,89121.39,0.20790511,0,1
2024-11-15 10:45:00+00:00,89354.55,0.17971869,0,0
2024-11-15 11:00:00+00:00,89279.96,0.16001545,0,0
2024-11-15 11:15:00+00:00,89317.28,0.17601638,0,0
2024-11-15 11:30:00+00:00,89432.9,0.2500572,0,0
2024-11-15 11:45:00+00:00,89741.25,0.28046632,0,0
2024-11-15 12:00:00+00:00,90660.54,0.41939622,0,0
2024-11-15 12:15:00+00:00,90284.19,0.36458436,0,0
2024-11-15 12:30:00+00:00,89823.35,0.2857124,0,0
2024-11-15 12:45:00+00:00,89753.84,0.22282833,0,0
2024-11-15 13:00:00+00:00,89940.04,0.21255924,0,0
2024-11-15 13:15:00+00:00,89599.86,0.26060134,0,0
2024-11-15 13:30:00+00:00,89941.78,0.29220057,0,0
2024-11-15 13:45:00+00:00,90148.0,0.32417336,0,0
2024-11-15 14:00:00+00:00,89763.98,0.39787006,0,0
2024-11-15 14:15:00+00:00,89324.67,0.44007927,0,1
2024-11-15 14:30:00+00:00,89323.06,0.5039333,1,1
2024-11-15 14:45:00+00:00,89107.98,0.43053675,0,1
2024-11-15 15:00:00+00:00,88490.25,0.4379973,0,1
2024-11-15 15:15:00+00:00,88235.38,0.39738786,0,1
2024-11-15 15:30:00+00:00,88196.0,0.3435376,0,1
2024-11-15 15:45:00+00:00,88445.41,0.345433,0,1
2024-11-15 16:00:00+00:00,89152.01,0.3960066,0,1
2024-11-15 16:15:00+00:00,89632.99,0.39259043,0,1
2024-11-15 16:30:00+00:00,89106.57,0.38626406,0,1
2024-11-15 16:45:00+00:00,89375.99,0.43373168,0,1
2024-11-15 17:00:00+00:00,89570.38,0.4549249,0,1
2024-11-15 17:15:00+00:00,89560.15,0.46365723,0,1
2024-11-15 17:30:00+00:00,89892.0,0.43469128,0,1
2024-11-15 17:45:00+00:00,89484.85,0.42161644,0,1
2024-11-15 18:00:00+00:00,89485.1,0.4322693,0,1
2024-11-15 18:15:00+00:00,89767.99,0.4383302,0,1
2024-11-15 18:30:00+00:00,89727.27,0.36194924,0,1
2024-11-15 18:45:00+00:00,89387.99,0.31322452,0,1
2024-11-15 19:00:00+00:00,89487.21,0.28634787,0,1
2024-11-15 19:15:00+00:00,89716.16,0.3062117,0,1
2024-11-15 19:30:00+00:00,90585.0,0.2560436,0,1
2024-11-15 19:45:00+00:00,90377.89,0.26849842,0,1
2024-11-15 20:00:00+00:00,90925.27,0.30297577,0,0
2024-11-15 20:15:00+00:00,90904.53,0.21652308,0,0
2024-11-15 20:30:00+00:00,91121.27,0.25550124,0,0
2024-11-15 20:45:00+00:00,91447.98,0.27021837,0,0
2024-11-15 21:00:00+00:00,91304.68,0.22901388,0,0
2024-11-15 21:15:00+00:00,91291.54,0.22853346,0,1
2024-11-15 21:30:00+00:00,91414.99,0.27283216,0,0
2024-11-15 21:45:00+00:00,91678.78,0.2515981,0,0
2024-11-15 22:00:00+00:00,91348.59,0.25707522,0,1
2024-11-15 22:15:00+00:00,91203.77,0.29488868,0,1
2024-11-15 22:30:00+00:00,91450.11,0.33683303,0,0
2024-11-15 22:45:00+00:00,91208.0,0.30534634,0,1
2024-11-15 23:00:00+00:00,91433.59,0.36183944,0,0
2024-11-15 23:15:00+00:00,91247.42,0.30606318,0,1
2024-11-15 23:30:00+00:00,91062.24,0.23897469,0,1
2024-11-15 23:45:00+00:00,91032.07,0.25254577,0,1
2024-11-16 00:00:00+00:00,90870.43,0.34053946,0,1
2024-11-16 00:15:00+00:00,90859.06,0.36040604,0,1
2024-11-16 00:30:00+00:00,90969.69,0.38190466,0,1
2024-11-16 00:45:00+00:00,91000.0,0.2651316,0,1
2024-11-16 01:00:00+00:00,91283.49,0.29465643,0,1
2024-11-16 01:15:00+00:00,91333.34,0.2633965,0,1
2024-11-16 01:30:00+00:00,91303.03,0.25772575,0,1
2024-11-16 01:45:00+00:00,91249.29,0.3956051,0,1
2024-11-16 02:00:00+00:00,91388.0,0.45754844,0,0
2024-11-16 02:15:00+00:00,91622.8,0.20790188,0,0
2024-11-16 02:30:00+00:00,91426.81,0.21028621,0,0
2024-11-16 02:45:00+00:00,91405.54,0.35873508,0,0
2024-11-16 03:00:00+00:00,91421.52,0.29095545,0,0
2024-11-16 03:15:00+00:00,91356.0,0.34930894,0,0
2024-11-16 03:30:00+00:00,91223.62,0.30424312,0,0
2024-11-16 03:45:00+00:00,91252.03,0.34334078,0,0
2024-11-16 04:00:00+00:00,91103.99,0.36563247,0,0
2024-11-16 04:15:00+00:00,91171.22,0.5053251,1,1
2024-11-16 04:30:00+00:00,91134.34,0.60884076,1,1
2024-11-16 04:45:00+00:00,91269.69,0.5855665,1,1
2024-11-16 05:00:00+00:00,91422.0,0.56579816,1,0
2024-11-16 05:15:00+00:00,91555.33,0.39014342,0,0
2024-11-16 05:30:00+00:00,91376.75,0.46759415,0,1
2024-11-16 05:45:00+00:00,91350.34,0.6633425,1,0
2024-11-16 06:00:00+00:00,91278.43,0.62597066,1,1
2024-11-16 06:15:00+00:00,91371.66,0.5931819,1,1
2024-11-16 06:30:00+00:00,91272.72,0.58187175,1,1
2024-11-16 06:45:00+00:00,91192.0,0.5677098,1,1
2024-11-16 07:00:00+00:00,91345.55,0.5665083,1,0
2024-11-16 07:15:00+00:00,91320.13,0.61941516,1,0
2024-11-16 07:30:00+00:00,91104.01,0.58760697,1,0
2024-11-16 07:45:00+00:00,91117.53,0.618376,1,1
2024-11-16 08:00:00+00:00,91076.0,0.5666001,1,0
2024-11-16 08:15:00+00:00,91224.98,0.5652761,1,0
2024-11-16 08:30:00+00:00,91287.51,0.5764474,1,0
2024-11-16 08:45:00+00:00,91425.98,0.6590189,1,0
2024-11-16 09:00:00+00:00,91390.01,0.7914321,1,0
2024-11-16 09:15:00+00:00,91252.25,0.7896859,1,0
2024-11-16 09:30:00+00:00,91384.1,0.74910575,1,0
2024-11-16 09:45:00+00:00,91235.24,0.77963954,1,0
2024-11-16 10:00:00+00:00,91304.1,0.77237505,1,0
2024-11-16 10:15:00+00:00,91423.93,0.6936948,1,0
2024-11-16 10:30:00+00:00,91597.65,0.6736814,1,0
2024-11-16 10:45:00+00:00,91393.93,0.7596037,1,0
2024-11-16 11:00:00+00:00,91340.02,0.70747983,1,0
2024-11-16 11:15:00+00:00,91220.0,0.7348495,1,0
2024-11-16 11:30:00+00:00,91012.01,0.6545244,1,0
2024-11-16 11:45:00+00:00,91169.69,0.7187741,1,0
2024-11-16 12:00:00+00:00,90656.75,0.57825494,1,0
2024-11-16 12:15:00+00:00,90811.29,0.42893788,0,0
2024-11-16 12:30:00+00:00,90928.76,0.31813693,0,0
2024-11-16 12:45:00+00:00,90894.74,0.35390574,0,0
2024-11-16 13:00:00+00:00,91189.99,0.3539156,0,0
2024-11-16 13:15:00+00:00,90928.06,0.29200834,0,0
2024-11-16 13:30:00+00:00,90907.99,0.28342175,0,1
2024-11-16 13:45:00+00:00,90755.99,0.27692616,0,1
2024-11-16 14:00:00+00:00,90811.97,0.32470307,0,1
2024-11-16 14:15:00+00:00,91048.32,0.31699368,0,1
2024-11-16 14:30:00+00:00,90964.9,0.2929405,0,1
2024-11-16 14:45:00+00:00,90968.0,0.29706326,0,1
2024-11-16 15:00:00+00:00,90536.83,0.36535048,0,1
2024-11-16 15:15:00+00:00,90360.0,0.43496978,0,1
2024-11-16 15:30:00+00:00,90402.93,0.4075592,0,1
2024-11-16 15:45:00+00:00,90521.2,0.3915957,0,1
2024-11-16 16:00:00+00:00,90458.22,0.31515566,0,1
2024-11-16 16:15:00+00:00,90679.98,0.2533457,0,1
2024-11-16 16:30:00+00:00,90559.96,0.28564674,0,1
2024-11-16 16:45:00+00:00,90612.65,0.2737559,0,1
2024-11-16 17:00:00+00:00,90800.0,0.29474485,0,1
2024-11-16 17:15:00+00:00,90842.01,0.25892255,0,1
2024-11-16 17:30:00+00:00,90918.45,0.27453607,0,1
2024-11-16 17:45:00+00:00,90904.03,0.29294187,0,1
2024-11-16 18:00:00+00:00,91108.93,0.26483214,0,0
2024-11-16 18:15:00+00:00,91188.01,0.33160287,0,0
2024-11-16 18:30:00+00:00,91292.01,0.30689183,0,0
2024-11-16 18:45:00+00:00,91303.04,0.47050762,0,0
2024-11-16 19:00:00+00:00,91212.01,0.4112937,0,0
2024-11-16 19:15:00+00:00,91000.56,0.4135951,0,0
2024-11-16 19:30:00+00:00,91060.61,0.45975536,0,0
2024-11-16 19:45:00+00:00,91100.24,0.48847395,0,0
2024-11-16 20:00:00+00:00,91014.16,0.47505465,0,0
2024-11-16 20:15:00+00:00,90743.16,0.41765794,0,1
2024-11-16 20:30:00+00:00,90924.0,0.4633646,0,0
2024-11-16 20:45:00+00:00,90752.01,0.41839793,0,1
2024-11-16 21:00:00+00:00,90910.18,0.40482384,0,0
2024-11-16 21:15:00+00:00,91039.37,0.51302624,1,0
2024-11-16 21:30:00+00:00,90976.49,0.7031124,1,0
2024-11-16 21:45:00+00:00,90993.5,0.6666645,1,0
2024-11-16 22:00:00+00:00,90899.31,0.6940573,1,0
2024-11-16 22:15:00+00:00,90878.59,0.6881167,1,0
2024-11-16 22:30:00+00:00,90748.69,0.71175027,1,0
2024-11-16 22:45:00+00:00,90328.39,0.43574128,0,0
2024-11-16 23:00:00+00:00,90560.01,0.42069533,0,0
2024-11-16 23:15:00+00:00,90550.23,0.40423098,0,0
2024-11-16 23:30:00+00:00,90424.24,0.47931075,0,0
2024-11-16 23:45:00+00:00,90586.92,0.43924785,0,0
2024-11-17 00:00:00+00:00,90691.45,0.49254802,0,0
2024-11-17 00:15:00+00:00,90805.73,0.5053948,1,0
2024-11-17 00:30:00+00:00,90692.22,0.6423771,1,0
2024-11-17 00:45:00+00:00,90808.0,0.6822933,1,0
2024-11-17 01:00:00+00:00,90720.0,0.6897334,1,1
2024-11-17 01:15:00+00:00,90676.02,0.7039486,1,0
2024-11-17 01:30:00+00:00,90168.7,0.4686948,0,1
2024-11-17 01:45:00+00:00,90272.74,0.47269627,0,1
2024-11-17 02:00:00+00:00,89482.01,0.4498988,0,1
2024-11-17 02:15:00+00:00,89734.52,0.4230436,0,1
2024-11-17 02:30:00+00:00,89885.12,0.42951882,0,1
2024-11-17 02:45:00+00:00,90024.01,0.3714024,0,1
2024-11-17 03:00:00+00:00,89776.06,0.34809163,0,1
2024-11-17 03:15:00+00:00,90011.99,0.34664178,0,1
2024-11-17 03:30:00+00:00,90119.99,0.35923275,0,1
2024-11-17 03:45:00+00:00,90247.86,0.34472096,0,1
2024-11-17 04:00:00+00:00,90285.34,0.36006546,0,1
2024-11-17 04:15:00+00:00,90424.25,0.38198724,0,1
2024-11-17 04:30:00+00:00,90627.89,0.3587479,0,1
2024-11-17 04:45:00+00:00,90576.0,0.35745975,0,1
2024-11-17 05:00:00+00:00,90776.0,0.3345213,0,1
2024-11-17 05:15:00+00:00,90637.15,0.3303687,0,1
2024-11-17 05:30:00+00:00,90427.99,0.2525868,0,1
2024-11-17 05:45:00+00:00,90470.13,0.3396366,0,1
2024-11-17 06:00:00+00:00,90412.91,0.36854663,0,1
2024-11-17 06:15:00+00:00,90559.99,0.36640212,0,1
2024-11-17 06:30:00+00:00,90769.99,0.4591133,0,1
2024-11-17 06:45:00+00:00,90645.44,0.46429592,0,1
2024-11-17 07:00:00+00:00,90368.14,0.3897618,0,1
2024-11-17 07:15:00+00:00,90508.76,0.41154608,0,1
2024-11-17 07:30:00+00:00,90643.97,0.45062926,0,1
2024-11-17 07:45:00+00:00,90550.8,0.35953516,0,1
2024-11-17 08:00:00+00:00,90688.0,0.48872074,0,1
2024-11-17 08:15:00+00:00,90607.99,0.5668239,1,1
2024-11-17 08:30:00+00:00,90746.97,0.57917905,1,1
2024-11-17 08:45:00+00:00,90985.11,0.47393817,0,1
2024-11-17 09:00:00+00:00,91249.48,0.39243892,0,0
2024-11-17 09:15:00+00:00,91135.98,0.32430962,0,0
2024-11-17 09:30:00+00:00,91256.0,0.35351622,0,0
2024-11-17 09:45:00+00:00,91295.24,0.42495388,0,0
2024-11-17 10:00:00+00:00,91219.75,0.43186012,0,0
2024-11-17 10:15:00+00:00,91136.0,0.48260581,0,0
2024-11-17 10:30:00+00:00,91028.97,0.5018151,1,0
2024-11-17 10:45:00+00:00,91056.0,0.4384841,0,0
2024-11-17 11:00:00+00:00,90707.24,0.3671606,0,0
2024-11-17 11:15:00+00:00,90720.85,0.35446876,0,0
2024-11-17 11:30:00+00:00,90672.69,0.35971585,0,0
2024-11-17 11:45:00+00:00,90684.19,0.3334712,0,0
2024-11-17 12:00:00+00:00,90839.0,0.25795186,0,0
2024-11-17 12:15:00+00:00,90843.58,0.3065386,0,0
2024-11-17 12:30:00+00:00,90989.79,0.4205155,0,0
2024-11-17 12:45:00+00:00,91080.68,0.36443692,0,0
2024-11-17 13:00:00+00:00,90873.97,0.3811986,0,0
2024-11-17 13:15:00+00:00,90744.46,0.5404181,1,0
2024-11-17 13:30:00+00:00,90456.01,0.29041886,0,1
2024-11-17 13:45:00+00:00,90504.01,0.28399703,0,1
2024-11-17 14:00:00+00:00,90678.95,0.2869959,0,0
2024-11-17 14:15:00+00:00,90095.34,0.33531973,0,0
2024-11-17 14:30:00+00:00,90279.98,0.3418763,0,0
2024-11-17 14:45:00+00:00,90310.91,0.35846996,0,0
2024-11-17 15:00:00+00:00,90402.01,0.3657426,0,0
2024-11-17 15:15:00+00:00,90372.0,0.4291201,0,0
2024-11-17 15:30:00+00:00,90472.0,0.3981465,0,0
2024-11-17 15:45:00+00:00,90260.01,0.3873571,0,0
2024-11-17 16:00:00+00:00,90158.02,0.37848637,0,0
2024-11-17 16:15:00+00:00,90333.33,0.39673322,0,0
2024-11-17 16:30:00+00:00,90263.28,0.3823036,0,0
2024-11-17 16:45:00+00:00,90446.92,0.35593903,0,0
2024-11-17 17:00:00+00:00,90282.82,0.37417078,0,0
2024-11-17 17:15:00+00:00,90457.65,0.34630018,0,0
2024-11-17 17:30:00+00:00,90491.65,0.2588526,0,0
2024-11-17 17:45:00+00:00,90578.66,0.5249315,1,0
2024-11-17 18:00:00+00:00,90304.8,0.5772886,1,0
2024-11-17 18:15:00+00:00,90045.31,0.4552476,0,0
2024-11-17 18:30:00+00:00,90108.01,0.4837202,0,0
2024-11-17 18:45:00+00:00,89936.0,0.46934712,0,0
2024-11-17 19:00:00+00:00,89868.0,0.47101998,0,0
2024-11-17 19:15:00+00:00,89897.46,0.39497915,0,0
2024-11-17 19:30:00+00:00,90120.26,0.41329092,0,0
2024-11-17 19:45:00+00:00,90044.0,0.49281338,0,0
2024-11-17 20:00:00+00:00,90156.02,0.4791926,0,0
2024-11-17 20:15:00+00:00,89679.99,0.31924975,0,1
2024-11-17 20:30:00+00:00,89742.01,0.30035496,0,1
2024-11-17 20:45:00+00:00,89636.0,0.3388015,0,1
2024-11-17 21:00:00+00:00,89481.4,0.34797964,0,1
2024-11-17 21:15:00+00:00,89638.97,0.35036448,0,1
2024-11-17 21:30:00+00:00,89430.24,0.36608464,0,1
2024-11-17 21:45:00+00:00,89137.98,0.40708765,0,1
2024-11-17 22:00:00+00:00,89376.0,0.40487733,0,1
2024-11-17 22:15:00+00:00,89519.92,0.364337,0,1
2024-11-17 22:30:00+00:00,89303.33,0.36735755,0,1
2024-11-17 22:45:00+00:00,89556.0,0.42850354,0,1
2024-11-17 23:00:00+00:00,89453.5,0.45676878,0,1
2024-11-17 23:15:00+00:00,89664.01,0.48521677,0,1
2024-11-17 23:30:00+00:00,89699.99,0.49898967,0,1
2024-11-17 23:45:00+00:00,89855.99,0.44723213,0,1
2024-11-18 00:00:00+00:00,89798.56,0.42526436,0,1
2024-11-18 00:15:00+00:00,89923.57,0.47593546,0,1
2024-11-18 00:30:00+00:00,90023.49,0.4274468,0,1
2024-11-18 00:45:00+00:00,89940.0,0.32413945,0,1
2024-11-18 01:00:00+00:00,90151.52,0.2693682,0,1
2024-11-18 01:15:00+00:00,90572.65,0.29930496,0,1
2024-11-18 01:30:00+00:00,90702.39,0.3615863,0,0
2024-11-18 01:45:00+00:00,90747.57,0.31075722,0,0
2024-11-18 02:00:00+00:00,90568.02,0.33286306,0,1
2024-11-18 02:15:00+00:00,90468.56,0.3229987,0,1
2024-11-18 02:30:00+00:00,90606.06,0.4235141,0,1
2024-11-18 02:45:00+00:00,90493.89,0.3438204,0,1
2024-11-18 03:00:00+00:00,90387.55,0.27814087,0,1
2024-11-18 03:15:00+00:00,90363.73,0.27879238,0,1
2024-11-18 03:30:00+00:00,90448.36,0.35793734,0,1
2024-11-18 03:45:00+00:00,90668.58,0.3408765,0,1
2024-11-18 04:00:00+00:00,90540.0,0.4956465,0,1
2024-11-18 04:15:00+00:00,90547.99,0.549079,1,1
2024-11-18 04:30:00+00:00,90559.99,0.5578921,1,1
2024-11-18 04:45:00+00:00,90441.3,0.5314755,1,1
2024-11-18 05:00:00+00:00,90508.0,0.49933925,0,1
2024-11-18 05:15:00+00:00,90809.35,0.47728008,0,1
2024-11-18 05:30:00+00:00,90656.0,0.7234223,1,1
2024-11-18 05:45:00+00:00,90615.71,0.81295335,1,1
2024-11-18 06:00:00+00:00,90736.0,0.76864845,1,1
2024-11-18 06:15:00+00:00,90947.39,0.5344434,1,1
2024-11-18 06:30:00+00:00,91352.71,0.57047224,1,1
2024-11-18 06:45:00+00:00,92061.84,0.6285584,1,0
2024-11-18 07:00:00+00:00,91926.93,0.4318248,0,0
2024-11-18 07:15:00+00:00,91515.99,0.2846977,0,0
2024-11-18 07:30:00+00:00,91807.12,0.25840095,0,0
2024-11-18 07:45:00+00:00,91719.9,0.23621055,0,0
2024-11-18 08:00:00+00:00,92028.01,0.21510527,0,0
2024-11-18 08:15:00+00:00,91888.01,0.21765244,0,0
2024-11-18 08:30:00+00:00,91824.05,0.22894542,0,0
2024-11-18 08:45:00+00:00,91810.61,0.21806185,0,0
2024-11-18 09:00:00+00:00,91728.72,0.22956192,0,0
2024-11-18 09:15:00+00:00,92104.0,0.2083087,0,0
2024-11-18 09:30:00+00:00,91801.2,0.24886388,0,0
2024-11-18 09:45:00+00:00,91710.6,0.24928793,0,0
2024-11-18 10:00:00+00:00,91765.85,0.22246781,0,0
2024-11-18 10:15:00+00:00,91912.59,0.27649155,0,0
2024-11-18 10:30:00+00:00,91934.83,0.38458142,0,0
2024-11-18 10:45:00+00:00,91769.42,0.35850713,0,0
2024-11-18 11:00:00+00:00,91134.72,0.3605214,0,0
2024-11-18 11:15:00+00:00,90961.95,0.3720442,0,0
2024-11-18 11:30:00+00:00,90340.91,0.27327234,0,1
2024-11-18 11:45:00+00:00,90275.13,0.27453104,0,1
2024-11-18 12:00:00+00:00,90276.0,0.27843794,0,1
2024-11-18 12:15:00+00:00,90604.01,0.32135305,0,1
2024-11-18 12:30:00+00:00,90649.73,0.30578008,0,1
2024-11-18 12:45:00+00:00,90517.13,0.34604678,0,1
2024-11-18 13:00:00+00:00,89784.0,0.37919816,0,1
2024-11-18 13:15:00+00:00,89687.48,0.36544585,0,1
2024-11-18 13:30:00+00:00,89951.28,0.3481665,0,1
2024-11-18 13:45:00+00:00,89502.23,0.4174933,0,1
2024-11-18 14:00:00+00:00,90217.79,0.40859273,0,1
2024-11-18 14:15:00+00:00,90374.2,0.3574522,0,1
2024-11-18 14:30:00+00:00,90591.28,0.3456527,0,0
2024-11-18 14:45:00+00:00,90308.01,0.3376676,0,1
2024-11-18 15:00:00+00:00,90833.38,0.38948992,0,0
2024-11-18 15:15:00+00:00,90630.0,0.33268628,0,0
2024-11-18 15:30:00+00:00,91887.99,0.37988302,0,0
2024-11-18 15:45:00+00:00,92309.51,0.31770417,0,0
2024-11-18 16:00:00+00:00,92075.54,0.32851896,0,0
2024-11-18 16:15:00+00:00,91955.56,0.28321847,0,0
2024-11-18 16:30:00+00:00,91707.99,0.25911126,0,0
2024-11-18 16:45:00+00:00,91403.12,0.2661253,0,1
2024-11-18 17:00:00+00:00,91391.99,0.29256848,0,1
2024-11-18 17:15:00+00:00,91848.48,0.24378589,0,0
2024-11-18 17:30:00+00:00,91233.83,0.29470155,0,1
2024-11-18 17:45:00+00:00,91564.69,0.24502055,0,0
2024-11-18 18:00:00+00:00,91471.99,0.27144814,0,0
2024-11-18 18:15:00+00:00,91060.0,0.3018328,0,1
2024-11-18 18:30:00+00:00,90450.09,0.32660642,0,1
2024-11-18 18:45:00+00:00,90356.8,0.35608912,0,1
2024-11-18 19:00:00+00:00,90052.0,0.4509403,0,1
2024-11-18 19:15:00+00:00,89843.96,0.38038674,0,1
2024-11-18 19:30:00+00:00,90326.44,0.39489457,0,1
2024-11-18 19:45:00+00:00,90608.26,0.42724296,0,0
2024-11-18 20:00:00+00:00,90598.18,0.3995963,0,0
2024-11-18 20:15:00+00:00,91715.8,0.33842897,0,0
2024-11-18 20:30:00+00:00,91392.03,0.3593365,0,0
2024-11-18 20:45:00+00:00,91473.42,0.3440078,0,0
2024-11-18 21:00:00+00:00,91964.16,0.34095952,0,0
2024-11-18 21:15:00+00:00,91652.18,0.35528144,0,0
2024-11-18 21:30:00+00:00,91528.0,0.3558401,0,0
2024-11-18 21:45:00+00:00,91276.33,0.3817001,0,0
2024-11-18 22:00:00+00:00,91217.7,0.39226606,0,0
2024-11-18 22:15:00+00:00,91267.32,0.28989366,0,0
2024-11-18 22:30:00+00:00,91406.98,0.29578722,0,0
2024-11-18 22:45:00+00:00,91148.02,0.27306846,0,1
2024-11-18 23:00:00+00:00,90929.17,0.30448818,0,1
2024-11-18 23:15:00+00:00,90248.0,0.31273884,0,1
2024-11-18 23:30:00+00:00,90624.89,0.2896218,0,1
2024-11-18 23:45:00+00:00,90464.08,0.35237712,0,1
2024-11-19 00:00:00+00:00,90536.01,0.3410123,0,1
2024-11-19 00:15:00+00:00,90578.96,0.31132025,0,1
2024-11-19 00:30:00+00:00,90879.99,0.3796642,0,1
2024-11-19 00:45:00+00:00,91042.94,0.3201543,0,1
2024-11-19 01:00:00+00:00,90888.0,0.3430362,0,1
2024-11-19 01:15:00+00:00,90979.0,0.4078353,0,1
2024-11-19 01:30:00+00:00,91007.99,0.42778578,0,1
2024-11-19 01:45:00+00:00,90714.26,0.43265626,0,1
2024-11-19 02:00:00+00:00,90936.14,0.447966,0,1
2024-11-19 02:15:00+00:00,91142.85,0.4033215,0,1
2024-11-19 02:30:00+00:00,91260.12,0.32597044,0,1
2024-11-19 02:45:00+00:00,91236.0,0.26812178,0,1
2024-11-19 03:00:00+00:00,91288.0,0.3113607,0,1
2024-11-19 03:15:00+00:00,91349.96,0.2963934,0,1
2024-11-19 03:30:00+00:00,91345.5,0.3216566,0,1
2024-11-19 03:45:00+00:00,91428.0,0.3669908,0,1
2024-11-19 04:00:00+00:00,91294.01,0.3004257,0,1
2024-11-19 04:15:00+00:00,91628.74,0.29307204,0,1
2024-11-19 04:30:00+00:00,91607.19,0.34013405,0,0
2024-11-19 04:45:00+00:00,91528.0,0.3222472,0,1
2024-11-19 05:00:00+00:00,91599.97,0.3734745,0,1
2024-11-19 05:15:00+00:00,91349.92,0.36570758,0,0
2024-11-19 05:30:00+00:00,91466.82,0.34879732,0,0
2024-11-19 05:45:00+00:00,91877.0,0.3895581,0,0
2024-11-19 06:00:00+00:00,91672.0,0.41717616,0,0
2024-11-19 06:15:00+00:00,91920.0,0.36491647,0,0
2024-11-19 06:30:00+00:00,91831.67,0.37804002,0,0
2024-11-19 06:45:00+00:00,91959.11,0.34751955,0,0
2024-11-19 07:00:00+00:00,91745.38,0.23291288,0,0
2024-11-19 07:15:00+00:00,91832.0,0.23238315,0,0
2024-11-19 07:30:00+00:00,91776.0,0.21040115,0,0
2024-11-19 07:45:00+00:00,91620.01,0.22812939,0,1
2024-11-19 08:00:00+00:00,91551.33,0.43016738,0,1
2024-11-19 08:15:00+00:00,91632.3,0.45975283,0,1
2024-11-19 08:30:00+00:00,91473.98,0.56486136,1,1
2024-11-19 08:45:00+00:00,91780.99,0.42890126,0,1
2024-11-19 09:00:00+00:00,91820.0,0.4066826,0,1
2024-11-19 09:15:00+00:00,91224.0,0.5346437,1,1
2024-11-19 09:30:00+00:00,91299.99,0.48036692,0,1
2024-11-19 09:45:00+00:00,91694.38,0.40525016,0,0
2024-11-19 10:00:00+00:00,91614.37,0.40245703,0,1
2024-11-19 10:15:00+00:00,91745.67,0.47479567,0,0
2024-11-19 10:30:00+00:00,91721.97,0.45476294,0,1
2024-11-19 10:45:00+00:00,91750.77,0.56001693,1,1
2024-11-19 11:00:00+00:00,91686.7,0.47697762,0,1
2024-11-19 11:15:00+00:00,91528.14,0.47599983,0,1
2024-11-19 11:30:00+00:00,91676.13,0.47868654,0,1
2024-11-19 11:45:00+00:00,91652.02,0.63994944,1,1
2024-11-19 12:00:00+00:00,92020.01,0.32664108,0,1
2024-11-19 12:15:00+00:00,92400.0,0.23293026,0,1
2024-11-19 12:30:00+00:00,92264.01,0.290801,0,1
2024-11-19 12:45:00+00:00,92467.99,0.34233508,0,1
2024-11-19 13:00:00+00:00,92694.87,0.37419802,0,1
2024-11-19 13:15:00+00:00,92176.36,0.3105066,0,1
2024-11-19 13:30:00+00:00,91448.82,0.29223895,0,1
2024-11-19 13:45:00+00:00,91142.28,0.32462937,0,1
2024-11-19 14:00:00+00:00,91724.55,0.3744475,0,1
2024-11-19 14:15:00+00:00,91540.0,0.3727572,0,1
2024-11-19 14:30:00+00:00,91964.01,0.42401782,0,1
2024-11-19 14:45:00+00:00,91824.0,0.35219473,0,1
2024-11-19 15:00:00+00:00,92034.45,0.35311273,0,1
2024-11-19 15:15:00+00:00,91652.0,0.38966492,0,1
2024-11-19 15:30:00+00:00,92151.51,0.38460553,0,1
2024-11-19 15:45:00+00:00,92391.99,0.40413585,0,1
2024-11-19 16:00:00+00:00,92227.99,0.445144,0,1
2024-11-19 16:15:00+00:00,92550.01,0.40401834,0,1
2024-11-19 16:30:00+00:00,92313.84,0.31583992,0,1
2024-11-19 16:45:00+00:00,92553.79,0.35770866,0,0
2024-11-19 17:00:00+00:00,92743.19,0.22983183,0,0
2024-11-19 17:15:00+00:00,92840.01,0.2750595,0,0
2024-11-19 17:30:00+00:00,92756.01,0.24440788,0,0
2024-11-19 17:45:00+00:00,92853.76,0.2281462,0,0
2024-11-19 18:00:00+00:00,93286.99,0.2689485,0,0
2024-11-19 18:15:00+00:00,93663.48,0.23975019,0,0
2024-11-19 18:30:00+00:00,93648.48,0.25302568,0,0
2024-11-19 18:45:00+00:00,93646.15,0.27703607,0,0
2024-11-19 19:00:00+00:00,93867.65,0.25640538,0,0
2024-11-19 19:15:00+00:00,93604.0,0.29441673,0,0
2024-11-19 19:30:00+00:00,93545.53,0.32218084,0,0
2024-11-19 19:45:00+00:00,93227.87,0.34971115,0,0
2024-11-19 20:00:00+00:00,93528.79,0.36697796,0,0
2024-11-19 20:15:00+00:00,93126.5,0.3493513,0,0
2024-11-19 20:30:00+00:00,92966.53,0.3305019,0,0
2024-11-19 20:45:00+00:00,92458.0,0.39110377,0,0
2024-11-19 21:00:00+00:00,92196.0,0.44657663,0,0
2024-11-19 21:15:00+00:00,92199.99,0.36708894,0,0
2024-11-19 21:30:00+00:00,92087.51,0.4081207,0,0
2024-11-19 21:45:00+00:00,92196.82,0.4848639,0,0
2024-11-19 22:00:00+00:00,92360.14,0.47865233,0,0
2024-11-19 22:15:00+00:00,91922.87,0.53776604,1,1
2024-11-19 22:30:00+00:00,91709.8,0.46805182,0,1
2024-11-19 22:45:00+00:00,91826.19,0.4905244,0,0
2024-11-19 23:00:00+00:00,91754.79,0.47816476,0,0
2024-11-19 23:15:00+00:00,92053.94,0.4787363,0,0
2024-11-19 23:30:00+00:00,92228.01,0.4648987,0,0
2024-11-19 23:45:00+00:00,92310.79,0.38904664,0,0
2024-11-20 00:00:00+00:00,92179.5,0.34996605,0,0
2024-11-20 00:15:00+00:00,92042.96,0.3419152,0,1
2024-11-20 00:30:00+00:00,92233.7,0.32948184,0,1
2024-11-20 00:45:00+00:00,92044.19,0.38715157,0,1
2024-11-20 01:00:00+00:00,92072.24,0.41888383,0,0
2024-11-20 01:15:00+00:00,91877.9,0.40013042,0,1
2024-11-20 01:30:00+00:00,91815.46,0.4689386,0,1
2024-11-20 01:45:00+00:00,91976.79,0.5506282,1,1
2024-11-20 02:00:00+00:00,91703.57,0.433776,0,1
2024-11-20 02:15:00+00:00,91962.34,0.45346612,0,1
2024-11-20 02:30:00+00:00,91900.0,0.39238432,0,1
2024-11-20 02:45:00+00:00,91748.0,0.46742076,0,1
2024-11-20 03:00:00+00:00,91664.82,0.4966854,0,1
2024-11-20 03:15:00+00:00,91743.59,0.44774517,0,1
2024-11-20 03:30:00+00:00,91987.13,0.4979075,0,1
2024-11-20 03:45:00+00:00,92039.99,0.4915445,0,1
2024-11-20 04:00:00+00:00,92074.67,0.47831422,0,1
2024-11-20 04:15:00+00:00,92149.91,0.47237244,0,1
2024-11-20 04:30:00+00:00,92252.01,0.4714481,0,1
2024-11-20 04:45:00+00:00,92121.21,0.61204106,1,1
2024-11-20 05:00:00+00:00,92050.3,0.5884136,1,1
2024-11-20 05:15:00+00:00,92429.23,0.38467252,0,1
2024-11-20 05:30:00+00:00,92294.4,0.3495883,0,1
2024-11-20 05:45:00+00:00,92505.47,0.35282224,0,1
2024-11-20 06:00:00+00:00,92501.22,0.30810854,0,1
2024-11-20 06:15:00+00:00,92562.96,0.44877815,0,1
2024-11-20 06:30:00+00:00,92428.01,0.41804266,0,1
2024-11-20 06:45:00+00:00,92372.95,0.46317863,0,1
2024-11-20 07:00:00+00:00,92568.26,0.39548475,0,1
2024-11-20 07:15:00+00:00,92678.62,0.39048788,0,1
2024-11-20 07:30:00+00:00,92713.65,0.45235896,0,1
2024-11-20 07:45:00+00:00,92850.38,0.42654863,0,1
2024-11-20 08:00:00+00:00,92948.73,0.42598253,0,1
2024-11-20 08:15:00+00:00,93000.01,0.4963571,0,1
2024-11-20 08:30:00+00:00,93179.49,0.60609084,1,1
2024-11-20 08:45:00+00:00,93200.0,0.60242164,1,1
2024-11-20 09:00:00+00:00,93464.01,0.6146315,1,1
2024-11-20 09:15:00+00:00,93296.23,0.62907857,1,1
2024-11-20 09:30:00+00:00,93207.2,0.46314806,0,1
2024-11-20 09:45:00+00:00,93100.01,0.48743442,0,1
2024-11-20 10:00:00+00:00,93239.32,0.5092646,1,1
2024-11-20 10:15:00+00:00,93352.54,0.54405856,1,1
2024-11-20 10:30:00+00:00,93499.99,0.56008554,1,1
2024-11-20 10:45:00+00:00,93278.5,0.5162688,1,1
2024-11-20 11:00:00+00:00,92812.18,0.37261727,0,1
2024-11-20 11:15:00+00:00,93201.67,0.3689428,0,1
2024-11-20 11:30:00+00:00,93271.3,0.34912917,0,1
2024-11-20 11:45:00+00:00,93454.65,0.36303708,0,1
2024-11-20 12:00:00+00:00,93617.73,0.2883712,0,1
2024-11-20 12:15:00+00:00,93645.67,0.22757074,0,0
2024-11-20 12:30:00+00:00,93504.0,0.2037277,0,1
2024-11-20 12:45:00+00:00,93531.95,0.27049822,0,1
2024-11-20 13:00:00+00:00,93912.01,0.21677244,0,1
2024-11-20 13:15:00+00:00,94269.55,0.22443596,0,0
2024-11-20 13:30:00+00:00,94213.72,0.24682662,0,0
2024-11-20 13:45:00+00:00,94382.88,0.25441054,0,0
2024-11-20 14:00:00+00:00,94341.29,0.25986576,0,0
2024-11-20 14:15:00+00:00,94451.44,0.19952622,0,0
2024-11-20 14:30:00+00:00,94213.7,0.24629281,0,0
2024-11-20 14:45:00+00:00,94627.41,0.24512744,0,0
2024-11-20 15:00:00+00:00,94312.03,0.25225085,0,0
2024-11-20 15:15:00+00:00,94544.81,0.2768816,0,0
2024-11-20 15:30:00+00:00,94699.13,0.2352266,0,0
2024-11-20 15:45:00+00:00,94739.97,0.25621665,0,0
2024-11-20 16:00:00+00:00,94316.29,0.35001278,0,0
2024-11-20 16:15:00+00:00,93563.59,0.36195573,0,1
2024-11-20 16:30:00+00:00,93632.0,0.50811964,1,1
2024-11-20 16:45:00+00:00,94048.0,0.50798327,1,1
2024-11-20 17:00:00+00:00,93969.4,0.5490105,1,1
2024-11-20 17:15:00+00:00,94043.06,0.5375296,1,1
2024-11-20 17:30:00+00:00,94164.01,0.56664056,1,1
2024-11-20 17:45:00+00:00,93916.34,0.5567101,1,1
2024-11-20 18:00:00+00:00,94184.38,0.5411075,1,1
2024-11-20 18:15:00+00:00,93929.47,0.49872747,0,1
2024-11-20 18:30:00+00:00,93391.79,0.48872307,0,1
2024-11-20 18:45:00+00:00,93684.0,0.4967918,0,1
2024-11-20 19:00:00+00:00,93580.41,0.56586945,1,1
2024-11-20 19:15:00+00:00,93383.99,0.5900505,1,1
2024-11-20 19:30:00+00:00,93799.97,0.570582,1,1
2024-11-20 19:45:00+00:00,94000.0,0.5217058,1,1
2024-11-20 20:00:00+00:00,93926.23,0.4599171,0,1
2024-11-20 20:15:00+00:00,94191.99,0.4871069,0,1
2024-11-20 20:30:00+00:00,94470.76,0.47950307,0,1
2024-11-20 20:45:00+00:00,94271.99,0.42778128,0,1
2024-11-20 21:00:00+00:00,94064.0,0.45484608,0,1
2024-11-20 21:15:00+00:00,94152.0,0.4700031,0,1
2024-11-20 21:30:00+00:00,94499.98,0.46921968,0,1
2024-11-20 21:45:00+00:00,94365.92,0.44003984,0,1
2024-11-20 22:00:00+00:00,94361.66,0.35975325,0,1
2024-11-20 22:15:00+00:00,94165.76,0.3719017,0,1
2024-11-20 22:30:00+00:00,94089.63,0.27826187,0,1
2024-11-20 22:45:00+00:00,94160.55,0.31149828,0,1
2024-11-20 23:00:00+00:00,94059.11,0.24455659,0,1
2024-11-20 23:15:00+00:00,93959.87,0.21949576,0,1
2024-11-20 23:30:00+00:00,94100.01,0.3628415,0,1
2024-11-20 23:45:00+00:00,94286.56,0.36703658,0,1
2024-11-21 00:00:00+00:00,94392.0,0.28807914,0,1
2024-11-21 00:15:00+00:00,94819.92,0.20324466,0,1
2024-11-21 00:30:00+00:00,94864.01,0.21188024,0,1
2024-11-21 00:45:00+00:00,94709.61,0.25740114,0,1
2024-11-21 01:00:00+00:00,94870.19,0.34350097,0,1
2024-11-21 01:15:00+00:00,94900.0,0.2734892,0,1
2024-11-21 01:30:00+00:00,94823.14,0.2768423,0,1
2024-11-21 01:45:00+00:00,94702.49,0.2876383,0,1
2024-11-21 02:00:00+00:00,94659.94,0.27101618,0,1
2024-11-21 02:15:00+00:00,94191.99,0.2781773,0,1
2024-11-21 02:30:00+00:00,94116.0,0.26925358,0,1
2024-11-21 02:45:00+00:00,94404.13,0.27143723,0,1
2024-11-21 03:00:00+00:00,94884.86,0.26342687,0,1
2024-11-21 03:15:00+00:00,95692.0,0.29040188,0,1
2024-11-21 03:30:00+00:00,95598.51,0.20814604,0,1
2024-11-21 03:45:00+00:00,95798.12,0.17807747,0,1
2024-11-21 04:00:00+00:00,96940.8,0.23010746,0,1
2024-11-21 04:15:00+00:00,96456.51,0.2409893,0,1
2024-11-21 04:30:00+00:00,96700.01,0.2293393,0,1
2024-11-21 04:45:00+00:00,97554.22,0.30928528,0,0
2024-11-21 05:00:00+00:00,97400.94,0.27214047,0,1
2024-11-21 05:15:00+00:00,97656.92,0.27742133,0,0
2024-11-21 05:30:00+00:00,97551.99,0.24804097,0,0
2024-11-21 05:45:00+00:00,97328.0,0.30278173,0,1
2024-11-21 06:00:00+00:00,97168.02,0.3067935,0,1
2024-11-21 06:15:00+00:00,97100.52,0.26852286,0,1
2024-11-21 06:30:00+00:00,97366.45,0.22185239,0,1
2024-11-21 06:45:00+00:00,97004.02,0.22070174,0,1
2024-11-21 07:00:00+00:00,97116.51,0.21599583,0,1
2024-11-21 07:15:00+00:00,97127.09,0.26591125,0,1
2024-11-21 07:30:00+00:00,97060.01,0.32375014,0,1
2024-11-21 07:45:00+00:00,96912.01,0.34250757,0,1
2024-11-21 08:00:00+00:00,96954.36,0.26461637,0,1
2024-11-21 08:15:00+00:00,96880.04,0.38986558,0,1
2024-11-21 08:30:00+00:00,96788.24,0.37564656,0,1
2024-11-21 08:45:00+00:00,97107.99,0.44828948,0,1
2024-11-21 09:00:00+00:00,97419.49,0.364081,0,1
2024-11-21 09:15:00+00:00,97424.0,0.2096195,0,0
2024-11-21 09:30:00+00:00,97531.1,0.21830857,0,0
2024-11-21 09:45:00+00:00,97613.24,0.21773508,0,0
2024-11-21 10:00:00+00:00,97430.01,0.23036695,0,0
2024-11-21 10:15:00+00:00,97526.0,0.22003636,0,0
2024-11-21 10:30:00+00:00,97615.0,0.25347313,0,0
2024-11-21 10:45:00+00:00,97756.0,0.24216592,0,0
2024-11-21 11:00:00+00:00,98257.33,0.33382556,0,0
2024-11-21 11:15:00+00:00,98019.99,0.3107905,0,0
2024-11-21 11:30:00+00:00,98007.79,0.2992958,0,0
2024-11-21 11:45:00+00:00,97974.99,0.32254764,0,0
2024-11-21 12:00:00+00:00,97886.25,0.33734664,0,0
2024-11-21 12:15:00+00:00,97950.01,0.2633471,0,0
2024-11-21 12:30:00+00:00,97920.0,0.30482757,0,0
2024-11-21 12:45:00+00:00,97317.93,0.28384057,0,0
2024-11-21 13:00:00+00:00,97449.78,0.27726802,0,0
2024-11-21 13:15:00+00:00,97122.09,0.34253708,0,1
2024-11-21 13:30:00+00:00,97492.02,0.32762498,0,1
2024-11-21 13:45:00+00:00,97512.01,0.33025947,0,1
2024-11-21 14:00:00+00:00,97424.28,0.3682832,0,1
2024-11-21 14:15:00+00:00,97276.0,0.39085034,0,1
2024-11-21 14:30:00+00:00,97249.99,0.4774021,0,1
2024-11-21 14:45:00+00:00,97042.86,0.45000982,0,1
2024-11-21 15:00:00+00:00,96911.99,0.43192634,0,1
2024-11-21 15:15:00+00:00,96156.0,0.39425063,0,1
2024-11-21 15:30:00+00:00,96234.52,0.3917824,0,1
2024-11-21 15:45:00+00:00,96672.0,0.37654763,0,1
2024-11-21 16:00:00+00:00,96739.75,0.40008456,0,1
2024-11-21 16:15:00+00:00,97147.99,0.3869978,0,1
2024-11-21 16:30:00+00:00,97203.29,0.36799577,0,1
2024-11-21 16:45:00+00:00,97147.99,0.348045,0,1
2024-11-21 17:00:00+00:00,97295.7,0.5239874,1,1
2024-11-21 17:15:00+00:00,97614.44,0.4823219,0,1
2024-11-21 17:30:00+00:00,97600.0,0.4655466,0,1
2024-11-21 17:45:00+00:00,98048.65,0.5184613,1,0
2024-11-21 18:00:00+00:00,97988.0,0.25754747,0,0
2024-11-21 18:15:00+00:00,98331.12,0.21875101,0,0
2024-11-21 18:30:00+00:00,98074.0,0.2189348,0,1
2024-11-21 18:45:00+00:00,98280.01,0.25964308,0,1
2024-11-21 19:00:00+00:00,98789.52,0.28855643,0,0
2024-11-21 19:15:00+00:00,98699.38,0.22760579,0,0
2024-11-21 19:30:00+00:00,98360.0,0.22829956,0,1
2024-11-21 19:45:00+00:00,97829.83,0.22207129,0,1
2024-11-21 20:00:00+00:00,98278.55,0.25760227,0,0
2024-11-21 20:15:00+00:00,98562.89,0.25542372,0,0
2024-11-21 20:30:00+00:00,97901.67,0.28174862,0,1
2024-11-21 20:45:00+00:00,98118.16,0.30810067,0,0
2024-11-21 21:00:00+00:00,98135.4,0.33509138,0,1
2024-11-21 21:15:00+00:00,97949.99,0.4417581,0,1
2024-11-21 21:30:00+00:00,97831.46,0.47408742,0,1
2024-11-21 21:45:00+00:00,97973.8,0.5162622,1,1
2024-11-21 22:00:00+00:00,97888.22,0.49972358,0,1
2024-11-21 22:15:00+00:00,98189.98,0.5234883,1,1
2024-11-21 22:30:00+00:00,98239.13,0.41459888,0,1
2024-11-21 22:45:00+00:00,98356.0,0.42015383,0,1
2024-11-21 23:00:00+00:00,98554.55,0.3565411,0,1
2024-11-21 23:15:00+00:00,98375.98,0.31182057,0,1
2024-11-21 23:30:00+00:00,98536.99,0.4144325,0,1
2024-11-21 23:45:00+00:00,98317.12,0.40041983,0,1
2024-11-22 00:00:00+00:00,98236.01,0.32649007,0,1
2024-11-22 00:15:00+00:00,98430.48,0.236716,0,1
2024-11-22 00:30:00+00:00,98153.98,0.26680574,0,1
2024-11-22 00:45:00+00:00,97987.57,0.39215544,0,1
2024-11-22 01:00:00+00:00,98171.58,0.3242405,0,1
2024-11-22 01:15:00+00:00,98373.72,0.32719707,0,1
2024-11-22 01:30:00+00:00,97900.0,0.40385738,0,1
2024-11-22 01:45:00+00:00,98081.6,0.3966079,0,1
2024-11-22 02:00:00+00:00,98256.48,0.33966365,0,1
2024-11-22 02:15:00+00:00,98337.65,0.28553832,0,1
2024-11-22 02:30:00+00:00,98580.59,0.3261374,0,1
2024-11-22 02:45:00+00:00,98617.46,0.2964153,0,1
2024-11-22 03:00:00+00:00,98913.57,0.13498607,0,1
2024-11-22 03:15:00+00:00,98656.01,0.16787536,0,1
2024-11-22 03:30:00+00:00,98647.5,0.19304888,0,1
2024-11-22 03:45:00+00:00,98836.5,0.22510128,0,1
2024-11-22 04:00:00+00:00,98773.96,0.23176041,0,1
2024-11-22 04:15:00+00:00,98871.01,0.26788,0,1
2024-11-22 04:30:00+00:00,99022.59,0.2659334,0,0
2024-11-22 04:45:00+00:00,98797.21,0.314799,0,1
2024-11-22 05:00:00+00:00,98799.98,0.25456762,0,0
2024-11-22 05:15:00+00:00,98945.45,0.2751411,0,0
2024-11-22 05:30:00+00:00,98863.1,0.28334308,0,0
2024-11-22 05:45:00+00:00,98790.97,0.39567414,0,0
2024-11-22 06:00:00+00:00,98738.49,0.31124935,0,0
2024-11-22 06:15:00+00:00,98765.97,0.31487226,0,0
2024-11-22 06:30:00+00:00,98827.79,0.27335486,0,0
2024-11-22 06:45:00+00:00,98999.99,0.52342653,1,0
2024-11-22 07:00:00+00:00,98972.72,0.44082803,0,0
2024-11-22 07:15:00+00:00,99232.78,0.45598072,0,0
2024-11-22 07:30:00+00:00,99372.92,0.39206183,0,0
2024-11-22 07:45:00+00:00,99173.7,0.42997083,0,0
2024-11-22 08:00:00+00:00,99023.98,0.5510478,1,0
2024-11-22 08:15:00+00:00,99138.75,0.47396308,0,0
2024-11-22 08:30:00+00:00,98785.49,0.5701639,1,0
2024-11-22 08:45:00+00:00,98815.79,0.61060625,1,0
2024-11-22 09:00:00+00:00,98550.0,0.60710114,1,0
2024-11-22 09:15:00+00:00,98468.92,0.5802226,1,0
2024-11-22 09:30:00+00:00,98559.92,0.54589295,1,0
2024-11-22 09:45:00+00:00,98702.0,0.3943035,0,0
2024-11-22 10:00:00+00:00,98496.01,0.40238926,0,0
2024-11-22 10:15:00+00:00,98370.74,0.38659444,0,0
2024-11-22 10:30:00+00:00,98414.48,0.2975013,0,0
2024-11-22 10:45:00+00:00,98400.0,0.4624954,0,0
2024-11-22 11:00:00+00:00,98564.33,0.4151745,0,0
2024-11-22 11:15:00+00:00,98711.34,0.4278826,0,0
2024-11-22 11:30:00+00:00,98820.0,0.38808116,0,0
2024-11-22 11:45:00+00:00,98870.38,0.44719183,0,0
2024-11-22 12:00:00+00:00,98735.99,0.3710596,0,0
2024-11-22 12:15:00+00:00,98705.61,0.3533535,0,0
2024-11-22 12:30:00+00:00,98606.06,0.29704013,0,1
2024-11-22 12:45:00+00:00,98621.04,0.5064979,1,1
2024-11-22 13:00:00+00:00,98344.0,0.50567585,1,1
2024-11-22 13:15:00+00:00,97596.3,0.23582989,0,1
2024-11-22 13:30:00+00:00,97611.03,0.3378626,0,1
2024-11-22 13:45:00+00:00,97763.54,0.3899708,0,1
2024-11-22 14:00:00+00:00,98013.04,0.4014914,0,1
2024-11-22 14:15:00+00:00,97664.01,0.4660139,0,1
2024-11-22 14:30:00+00:00,97685.98,0.45595276,0,1
2024-11-22 14:45:00+00:00,97296.0,0.36621833,0,1
2024-11-22 15:00:00+00:00,97952.0,0.46372744,0,1
2024-11-22 15:15:00+00:00,98292.34,0.42192343,0,1
2024-11-22 15:30:00+00:00,98702.2,0.40216345,0,1
2024-11-22 15:45:00+00:00,98664.0,0.39648256,0,1
2024-11-22 16:00:00+00:00,98229.42,0.4299984,0,1
2024-11-22 16:15:00+00:00,98508.34,0.43224525,0,1
2024-11-22 16:30:00+00:00,98616.09,0.49925724,0,1
2024-11-22 16:45:00+00:00,98865.3,0.379647,0,1
2024-11-22 17:00:00+00:00,99144.0,0.29250464,0,0
2024-11-22 17:15:00+00:00,99127.99,0.27988398,0,0
2024-11-22 17:30:00+00:00,98878.78,0.30131623,0,1
2024-11-22 17:45:00+00:00,98801.87,0.27125672,0,1
2024-11-22 18:00:00+00:00,99005.22,0.21448952,0,0
2024-11-22 18:15:00+00:00,98703.0,0.20118952,0,1
2024-11-22 18:30:00+00:00,98933.89,0.1967642,0,0
2024-11-22 18:45:00+00:00,99108.87,0.20764141,0,0
2024-11-22 19:00:00+00:00,99212.12,0.19347428,0,0
2024-11-22 19:15:00+00:00,99361.5,0.18085629,0,0
2024-11-22 19:30:00+00:00,99197.94,0.20009236,0,0
2024-11-22 19:45:00+00:00,99079.74,0.32360703,0,0
2024-11-22 20:00:00+00:00,99244.0,0.38473147,0,0
2024-11-22 20:15:00+00:00,99242.99,0.425198,0,0
2024-11-22 20:30:00+00:00,98982.89,0.38359588,0,0
2024-11-22 20:45:00+00:00,99163.99,0.33556956,0,0
2024-11-22 21:00:00+00:00,98999.99,0.48221675,0,0
2024-11-22 21:15:00+00:00,98858.38,0.5622286,1,0
2024-11-22 21:30:00+00:00,98990.0,0.54383725,1,0
2024-11-22 21:45:00+00:00,99272.72,0.4803078,0,0
2024-11-22 22:00:00+00:00,98986.99,0.54689264,1,0
2024-11-22 22:15:00+00:00,98900.01,0.5157733,1,0
2024-11-22 22:30:00+00:00,98600.01,0.58045745,1,0
2024-11-22 22:45:00+00:00,98627.35,0.52074176,1,0
2024-11-22 23:00:00+00:00,98811.03,0.42128363,0,0
2024-11-22 23:15:00+00:00,98743.78,0.45243534,0,1
2024-11-22 23:30:00+00:00,98772.47,0.4839631,0,0
2024-11-22 23:45:00+00:00,98892.0,0.5111851,1,0
2024-11-23 00:00:00+00:00,98688.63,0.42402872,0,0
2024-11-23 00:15:00+00:00,98831.55,0.48949432,0,0
2024-11-23 00:30:00+00:00,98612.54,0.4984354,0,0
2024-11-23 00:45:00+00:00,98634.89,0.53844064,1,0
2024-11-23 01:00:00+00:00,98571.57,0.48481005,0,0
2024-11-23 01:15:00+00:00,98370.67,0.5463721,1,1
2024-11-23 01:30:00+00:00,98404.0,0.44333574,0,1
2024-11-23 01:45:00+00:00,98590.0,0.5961304,1,1
2024-11-23 02:00:00+00:00,98338.59,0.6101591,1,1
2024-11-23 02:15:00+00:00,98432.34,0.45006073,0,1
2024-11-23 02:30:00+00:00,98526.88,0.5870879,1,1
2024-11-23 02:45:00+00:00,98483.54,0.7181044,1,1
2024-11-23 03:00:00+00:00,98615.73,0.6853833,1,1
2024-11-23 03:15:00+00:00,98776.0,0.6653135,1,0
2024-11-23 03:30:00+00:00,98617.48,0.69173944,1,0
2024-11-23 03:45:00+00:00,98666.67,0.8010238,1,0
2024-11-23 04:00:00+00:00,98571.45,0.71851623,1,0
2024-11-23 04:15:00+00:00,98556.64,0.74167985,1,0
2024-11-23 04:30:00+00:00,98419.76,0.6698861,1,1
2024-11-23 04:45:00+00:00,98576.14,0.6854299,1,0
2024-11-23 05:00:00+00:00,98515.29,0.68394965,1,0
2024-11-23 05:15:00+00:00,98488.29,0.7721408,1,0
2024-11-23 05:30:00+00:00,98689.47,0.6308435,1,0
2024-11-23 05:45:00+00:00,98755.15,0.75391614,1,0
2024-11-23 06:00:00+00:00,98711.0,0.7831258,1,0
2024-11-23 06:15:00+00:00,98629.77,0.778794,1,0
2024-11-23 06:30:00+00:00,98750.0,0.8020682,1,0
2024-11-23 06:45:00+00:00,98709.9,0.71628916,1,0
2024-11-23 07:00:00+00:00,98662.6,0.7624397,1,0
2024-11-23 07:15:00+00:00,98605.15,0.74820846,1,0
2024-11-23 07:30:00+00:00,98488.01,0.79794323,1,0
2024-11-23 07:45:00+00:00,98560.85,0.8255485,1,0
2024-11-23 08:00:00+00:00,98452.0,0.7920156,1,1
2024-11-23 08:15:00+00:00,98388.01,0.8037615,1,1
2024-11-23 08:30:00+00:00,98487.24,0.7089116,1,1
2024-11-23 08:45:00+00:00,98451.98,0.7802646,1,1
2024-11-23 09:00:00+00:00,98430.24,0.69583845,1,1
2024-11-23 09:15:00+00:00,98432.0,0.69085985,1,1
2024-11-23 09:30:00+00:00,98424.24,0.70529336,1,1
2024-11-23 09:45:00+00:00,98449.07,0.7041825,1,1
2024-11-23 10:00:00+00:00,98527.82,0.6833348,1,1
2024-11-23 10:15:00+00:00,98349.98,0.68815804,1,1
2024-11-23 10:30:00+00:00,98403.43,0.6872265,1,1
2024-11-23 10:45:00+00:00,98408.55,0.68067056,1,1
2024-11-23 11:00:00+00:00,98425.0,0.75163245,1,1
2024-11-23 11:15:00+00:00,98466.87,0.7404047,1,1
2024-11-23 11:30:00+00:00,98483.0,0.77284384,1,0
2024-11-23 11:45:00+00:00,98429.99,0.8413015,1,0
2024-11-23 12:00:00+00:00,98537.97,0.7421353,1,0
2024-11-23 12:15:00+00:00,98515.0,0.7073073,1,0
2024-11-23 12:30:00+00:00,98588.0,0.57625794,1,0
2024-11-23 12:45:00+00:00,98598.75,0.58258694,1,0
2024-11-23 13:00:00+00:00,98800.0,0.38767746,0,0
2024-11-23 13:15:00+00:00,98749.9,0.4251714,0,0
2024-11-23 13:30:00+00:00,98706.82,0.5479063,1,0
2024-11-23 13:45:00+00:00,98532.08,0.4261199,0,0
2024-11-23 14:00:00+00:00,98532.55,0.50427735,1,0
2024-11-23 14:15:00+00:00,98651.2,0.4013734,0,0
2024-11-23 14:30:00+00:00,98732.01,0.5602875,1,0
2024-11-23 14:45:00+00:00,98744.37,0.6025924,1,0
2024-11-23 15:00:00+00:00,98630.25,0.7174138,1,0
2024-11-23 15:15:00+00:00,98669.99,0.70832044,1,0
2024-11-23 15:30:00+00:00,98454.5,0.76519245,1,0
2024-11-23 15:45:00+00:00,98400.0,0.78008485,1,0
2024-11-23 16:00:00+00:00,98250.01,0.7754409,1,0
2024-11-23 16:15:00+00:00,97705.82,0.33347926,0,0
2024-11-23 16:30:00+00:00,97784.01,0.4361077,0,0
2024-11-23 16:45:00+00:00,97708.85,0.4184731,0,0
2024-11-23 17:00:00+00:00,97517.83,0.44294873,0,1
2024-11-23 17:15:00+00:00,97940.01,0.41129515,0,0
2024-11-23 17:30:00+00:00,98044.47,0.3940086,0,0
2024-11-23 17:45:00+00:00,97900.79,0.42092612,0,1
2024-11-23 18:00:00+00:00,97900.52,0.3675375,0,0
2024-11-23 18:15:00+00:00,97777.38,0.4012079,0,0
2024-11-23 18:30:00+00:00,97717.28,0.46292427,0,0
2024-11-23 18:45:00+00:00,97839.99,0.41897047,0,0
2024-11-23 19:00:00+00:00,97595.07,0.3978579,0,1
2024-11-23 19:15:00+00:00,97516.74,0.42569563,0,0
2024-11-23 19:30:00+00:00,97412.19,0.4070919,0,1
2024-11-23 19:45:00+00:00,97504.0,0.5738052,1,1
2024-11-23 20:00:00+00:00,97311.0,0.54105365,1,1
2024-11-23 20:15:00+00:00,97193.61,0.55885214,1,1
2024-11-23 20:30:00+00:00,97691.54,0.54202855,1,1
2024-11-23 20:45:00+00:00,97703.52,0.48609582,0,1
2024-11-23 21:00:00+00:00,97733.49,0.6232344,1,1
2024-11-23 21:15:00+00:00,97789.36,0.6662443,1,1
2024-11-23 21:30:00+00:00,97887.99,0.63971823,1,1
2024-11-23 21:45:00+00:00,97962.8,0.48962933,0,1
2024-11-23 22:00:00+00:00,97887.99,0.47413307,0,1
2024-11-23 22:15:00+00:00,97765.19,0.62104017,1,1
2024-11-23 22:30:00+00:00,97578.43,0.64464927,1,1
2024-11-23 22:45:00+00:00,97631.99,0.7036956,1,1
2024-11-23 23:00:00+00:00,97698.91,0.59844637,1,1
2024-11-23 23:15:00+00:00,97455.87,0.6421777,1,1
2024-11-23 23:30:00+00:00,97637.26,0.4969797,0,1
2024-11-23 23:45:00+00:00,97672.4,0.49762112,0,1
2024-11-24 00:00:00+00:00,97817.74,0.72211725,1,1
2024-11-24 00:15:00+00:00,97989.99,0.5492719,1,1
2024-11-24 00:30:00+00:00,97820.85,0.64833295,1,1
2024-11-24 00:45:00+00:00,97919.5,0.54940087,1,1
2024-11-24 01:00:00+00:00,98327.14,0.3430526,0,0
2024-11-24 01:15:00+00:00,98169.76,0.51875037,1,0
2024-11-24 01:30:00+00:00,98105.0,0.49324906,0,0
2024-11-24 01:45:00+00:00,98182.4,0.44002765,0,1
2024-11-24 02:00:00+00:00,98476.72,0.3430373,0,0
2024-11-24 02:15:00+00:00,98525.79,0.466326,0,0
2024-11-24 02:30:00+00:00,98453.84,0.50552636,1,0
2024-11-24 02:45:00+00:00,98390.66,0.5185324,1,0
2024-11-24 03:00:00+00:00,98399.99,0.42884368,0,0
2024-11-24 03:15:00+00:00,98280.0,0.45314747,0,0
2024-11-24 03:30:00+00:00,98174.69,0.5832212,1,1
2024-11-24 03:45:00+00:00,98200.1,0.5872778,1,1
2024-11-24 04:00:00+00:00,98192.0,0.68531424,1,1
2024-11-24 04:15:00+00:00,98111.43,0.51426333,1,1
2024-11-24 04:30:00+00:00,98022.14,0.5763838,1,1
2024-11-24 04:45:00+00:00,98169.21,0.7855911,1,0
2024-11-24 05:00:00+00:00,98216.04,0.817766,1,0
2024-11-24 05:15:00+00:00,98151.0,0.8325405,1,0
2024-11-24 05:30:00+00:00,97915.0,0.78075624,1,1
2024-11-24 05:45:00+00:00,98264.44,0.7847138,1,0
2024-11-24 06:00:00+00:00,98163.14,0.78297895,1,0
2024-11-24 06:15:00+00:00,98227.48,0.7602012,1,0
2024-11-24 06:30:00+00:00,98226.33,0.7786406,1,0
2024-11-24 06:45:00+00:00,98360.02,0.7518803,1,0
2024-11-24 07:00:00+00:00,98381.45,0.7350047,1,0
2024-11-24 07:15:00+00:00,98206.49,0.75880605,1,0
2024-11-24 07:30:00+00:00,98319.6,0.76142216,1,0
2024-11-24 07:45:00+00:00,98431.05,0.6922606,1,0
2024-11-24 08:00:00+00:00,98403.37,0.70199215,1,0
2024-11-24 08:15:00+00:00,98272.72,0.7688991,1,0
2024-11-24 08:30:00+00:00,98081.12,0.779184,1,0
2024-11-24 08:45:00+00:00,98067.75,0.78081924,1,0
2024-11-24 09:00:00+00:00,98173.91,0.77849406,1,0
2024-11-24 09:15:00+00:00,97896.01,0.754694,1,0
2024-11-24 09:30:00+00:00,97969.7,0.7723933,1,0
2024-11-24 09:45:00+00:00,97936.47,0.7756583,1,0
2024-11-24 10:00:00+00:00,97866.8,0.80159223,1,0
2024-11-24 10:15:00+00:00,97862.41,0.7559811,1,0
2024-11-24 10:30:00+00:00,97583.99,0.682861,1,0
2024-11-24 10:45:00+00:00,97668.85,0.5268113,1,0
2024-11-24 11:00:00+00:00,97493.5,0.49786836,0,0
2024-11-24 11:15:00+00:00,97424.49,0.5466407,1,0
2024-11-24 11:30:00+00:00,97496.96,0.5260918,1,0
2024-11-24 11:45:00+00:00,97280.03,0.5451914,1,0
2024-11-24 12:00:00+00:00,97360.63,0.55973166,1,0
2024-11-24 12:15:00+00:00,97202.32,0.5615864,1,0
2024-11-24 12:30:00+00:00,96622.75,0.42692593,0,0
2024-11-24 12:45:00+00:00,96899.99,0.45109046,0,0
2024-11-24 13:00:00+00:00,97217.36,0.38379797,0,0
2024-11-24 13:15:00+00:00,97508.81,0.4070375,0,0
2024-11-24 13:30:00+00:00,97217.07,0.38390085,0,0
2024-11-24 13:45:00+00:00,97214.93,0.40305004,0,0
2024-11-24 14:00:00+00:00,96707.43,0.4242225,0,0
2024-11-24 14:15:00+00:00,96608.96,0.45019662,0,0
2024-11-24 14:30:00+00:00,96891.44,0.3672218,0,0
2024-11-24 14:45:00+00:00,97029.95,0.44435382,0,0
2024-11-24 15:00:00+00:00,96940.7,0.41732833,0,0
2024-11-24 15:15:00+00:00,96643.99,0.4803932,0,0
2024-11-24 15:30:00+00:00,96343.94,0.44930655,0,0
2024-11-24 15:45:00+00:00,95901.51,0.45686212,0,1
2024-11-24 16:00:00+00:00,96130.01,0.3938406,0,1
2024-11-24 16:15:00+00:00,96514.98,0.36273694,0,1
2024-11-24 16:30:00+00:00,96508.0,0.4184113,0,1
2024-11-24 16:45:00+00:00,96404.0,0.44271615,0,1
2024-11-24 17:00:00+00:00,95901.0,0.40789944,0,1
2024-11-24 17:15:00+00:00,95860.74,0.38228324,0,1
2024-11-24 17:30:00+00:00,95779.25,0.31632823,0,1
2024-11-24 17:45:00+00:00,95902.83,0.33319056,0,1
2024-11-24 18:00:00+00:00,96052.01,0.34541428,0,1
2024-11-24 18:15:00+00:00,96200.01,0.41143692,0,1
2024-11-24 18:30:00+00:00,96370.01,0.38403827,0,1
2024-11-24 18:45:00+00:00,96537.56,0.3144373,0,1
2024-11-24 19:00:00+00:00,96260.0,0.31771865,0,1
2024-11-24 19:15:00+00:00,96235.03,0.33795857,0,1
2024-11-24 19:30:00+00:00,96324.0,0.3177932,0,1
2024-11-24 19:45:00+00:00,96320.02,0.4506099,0,1
2024-11-24 20:00:00+00:00,96362.4,0.34477443,0,1
2024-11-24 20:15:00+00:00,96712.53,0.44918418,0,1
2024-11-24 20:30:00+00:00,96780.0,0.52989316,1,1
2024-11-24 20:45:00+00:00,96826.49,0.56142884,1,1
2024-11-24 21:00:00+00:00,96619.68,0.4571572,0,1
2024-11-24 21:15:00+00:00,96712.4,0.40453854,0,1
2024-11-24 21:30:00+00:00,96868.75,0.41323546,0,1
2024-11-24 21:45:00+00:00,96974.89,0.46231842,0,1
2024-11-24 22:00:00+00:00,97437.54,0.49159622,0,1
2024-11-24 22:15:00+00:00,97560.0,0.51909,1,1
2024-11-24 22:30:00+00:00,97620.33,0.43625438,0,0
2024-11-24 22:45:00+00:00,97999.99,0.40813065,0,0
2024-11-24 23:00:00+00:00,98252.0,0.374588,0,0
2024-11-24 23:15:00+00:00,97992.01,0.34534323,0,0
2024-11-24 23:30:00+00:00,97696.04,0.28088078,0,1
2024-11-24 23:45:00+00:00,97900.04,0.25820935,0,0
2024-11-25 00:00:00+00:00,97694.5,0.2465818,0,1
2024-11-25 00:15:00+00:00,97624.0,0.24809532,0,1
2024-11-25 00:30:00+00:00,97780.54,0.23825485,0,0
2024-11-25 00:45:00+00:00,97714.28,0.22727384,0,1
2024-11-25 01:00:00+00:00,97555.86,0.24746157,0,1
2024-11-25 01:15:00+00:00,97081.61,0.26240784,0,1
2024-11-25 01:30:00+00:00,97259.99,0.37671417,0,1
2024-11-25 01:45:00+00:00,97205.23,0.41174343,0,1
2024-11-25 02:00:00+00:00,97486.95,0.36767325,0,1
2024-11-25 02:15:00+00:00,97594.01,0.33337837,0,1
2024-11-25 02:30:00+00:00,97590.52,0.3588223,0,1
2024-11-25 02:45:00+00:00,97368.63,0.3239167,0,1
2024-11-25 03:00:00+00:00,97476.32,0.32486066,0,1
2024-11-25 03:15:00+00:00,97626.17,0.30399472,0,1
2024-11-25 03:30:00+00:00,97735.59,0.30010256,0,1
2024-11-25 03:45:00+00:00,97898.8,0.3299088,0,1
2024-11-25 04:00:00+00:00,98009.93,0.2551732,0,1
2024-11-25 04:15:00+00:00,97730.44,0.27369893,0,1
2024-11-25 04:30:00+00:00,97776.0,0.37842283,0,1
2024-11-25 04:45:00+00:00,97800.0,0.30779484,0,1
2024-11-25 05:00:00+00:00,97949.01,0.29576546,0,1
2024-11-25 05:15:00+00:00,98130.01,0.3706042,0,1
2024-11-25 05:30:00+00:00,98100.0,0.41175076,0,1
2024-11-25 05:45:00+00:00,98082.69,0.44878727,0,1
2024-11-25 06:00:00+00:00,98260.39,0.40575707,0,1
2024-11-25 06:15:00+00:00,98252.47,0.488905,0,1
2024-11-25 06:30:00+00:00,98206.5,0.47723,0,1
2024-11-25 06:45:00+00:00,98082.86,0.42474326,0,1
2024-11-25 07:00:00+00:00,98219.98,0.39741287,0,1
2024-11-25 07:15:00+00:00,98040.97,0.3984902,0,1
2024-11-25 07:30:00+00:00,97843.61,0.34978646,0,1
2024-11-25 07:45:00+00:00,98047.34,0.4548159,0,1
2024-11-25 08:00:00+00:00,98208.0,0.47645533,0,0
2024-11-25 08:15:00+00:00,98250.83,0.48359862,0,0
2024-11-25 08:30:00+00:00,98186.96,0.5059592,1,0
2024-11-25 08:45:00+00:00,98217.77,0.6453902,1,0
2024-11-25 09:00:00+00:00,98536.01,0.4763312,0,0
2024-11-25 09:15:00+00:00,98654.25,0.41382343,0,0
2024-11-25 09:30:00+00:00,98647.88,0.41636008,0,0
2024-11-25 09:45:00+00:00,98492.96,0.50496286,1,0
2024-11-25 10:00:00+00:00,98520.3,0.48251656,0,0
2024-11-25 10:15:00+00:00,98340.48,0.42305613,0,0
2024-11-25 10:30:00+00:00,98275.03,0.43489134,0,0
2024-11-25 10:45:00+00:00,98319.34,0.5479551,1,0
2024-11-25 11:00:00+00:00,98349.32,0.48132527,0,0
2024-11-25 11:15:00+00:00,98479.99,0.43883398,0,0
2024-11-25 11:30:00+00:00,98108.0,0.55963534,1,0
2024-11-25 11:45:00+00:00,98188.09,0.54616195,1,0
2024-11-25 12:00:00+00:00,98048.69,0.5041963,1,0
2024-11-25 12:15:00+00:00,98023.08,0.56570804,1,0
2024-11-25 12:30:00+00:00,97885.56,0.5991391,1,0
2024-11-25 12:45:00+00:00,97900.0,0.5395602,1,0
2024-11-25 13:00:00+00:00,97500.0,0.40526757,0,0
2024-11-25 13:15:00+00:00,97636.01,0.44229722,0,0
2024-11-25 13:30:00+00:00,97701.76,0.39905304,0,0
2024-11-25 13:45:00+00:00,97468.3,0.39791837,0,0
2024-11-25 14:00:00+00:00,97547.98,0.39512175,0,0
2024-11-25 14:15:00+00:00,97244.0,0.3587618,0,0
2024-11-25 14:30:00+00:00,96595.06,0.22644036,0,0
2024-11-25 14:45:00+00:00,95385.49,0.36071917,0,0
2024-11-25 15:00:00+00:00,95252.49,0.45981663,0,0
2024-11-25 15:15:00+00:00,96109.61,0.47146484,0,0
2024-11-25 15:30:00+00:00,96140.0,0.39857575,0,0
2024-11-25 15:45:00+00:00,96000.56,0.3089407,0,0
2024-11-25 16:00:00+00:00,96147.97,0.3221258,0,0
2024-11-25 16:15:00+00:00,96095.99,0.328799,0,0
2024-11-25 16:30:00+00:00,95863.99,0.32787427,0,0
2024-11-25 16:45:00+00:00,95912.0,0.3675496,0,0
2024-11-25 17:00:00+00:00,95052.0,0.32844207,0,0
2024-11-25 17:15:00+00:00,95075.92,0.27815,0,0
2024-11-25 17:30:00+00:00,94952.0,0.29532793,0,0
2024-11-25 17:45:00+00:00,95238.09,0.37000608,0,0
2024-11-25 18:00:00+00:00,95669.35,0.36728057,0,0
2024-11-25 18:15:00+00:00,95458.45,0.37322786,0,0
2024-11-25 18:30:00+00:00,95004.01,0.38979876,0,0
2024-11-25 18:45:00+00:00,95139.99,0.4108968,0,0
2024-11-25 19:00:00+00:00,95184.84,0.40079644,0,0
2024-11-25 19:15:00+00:00,95084.52,0.46035758,0,0
2024-11-25 19:30:00+00:00,95072.0,0.5567531,1,0
2024-11-25 19:45:00+00:00,94669.48,0.46177354,0,0
2024-11-25 20:00:00+00:00,94981.51,0.43016216,0,0
2024-11-25 20:15:00+00:00,95015.87,0.44600636,0,0
2024-11-25 20:30:00+00:00,94829.34,0.4949822,0,0
2024-11-25 20:45:00+00:00,94955.89,0.42711997,0,0
2024-11-25 21:00:00+00:00,94924.01,0.4274804,0,0
2024-11-25 21:15:00+00:00,94873.02,0.46812984,0,0
2024-11-25 21:30:00+00:00,94020.0,0.44809687,0,1
2024-11-25 21:45:00+00:00,93747.8,0.4971913,0,1
2024-11-25 22:00:00+00:00,94116.23,0.5225066,1,1
2024-11-25 22:15:00+00:00,93384.02,0.40926427,0,1
2024-11-25 22:30:00+00:00,93273.36,0.42529437,0,1
2024-11-25 22:45:00+00:00,94404.49,0.41882226,0,1
2024-11-25 23:00:00+00:00,94270.51,0.37039858,0,1
2024-11-25 23:15:00+00:00,93663.6,0.48888376,0,1
2024-11-25 23:30:00+00:00,93207.28,0.41148904,0,1
2024-11-25 23:45:00+00:00,93010.01,0.39969644,0,1
2024-11-26 00:00:00+00:00,93384.01,0.44706357,0,1
2024-11-26 00:15:00+00:00,94244.02,0.45648506,0,1
2024-11-26 00:30:00+00:00,94277.32,0.4511871,0,1
2024-11-26 00:45:00+00:00,93836.5,0.50808036,1,1
2024-11-26 01:00:00+00:00,94023.97,0.41567516,0,1
2024-11-26 01:15:00+00:00,94333.35,0.45047846,0,1
2024-11-26 01:30:00+00:00,94473.22,0.37734503,0,1
2024-11-26 01:45:00+00:00,94857.15,0.3406131,0,0
2024-11-26 02:00:00+00:00,94618.7,0.27463853,0,1
2024-11-26 02:15:00+00:00,94519.11,0.28711727,0,1
2024-11-26 02:30:00+00:00,94690.47,0.33393127,0,1
2024-11-26 02:45:00+00:00,94587.98,0.25847337,0,0
2024-11-26 03:00:00+00:00,94450.43,0.23410317,0,0
2024-11-26 03:15:00+00:00,94335.99,0.19248304,0,0
2024-11-26 03:30:00+00:00,94618.63,0.20773654,0,0
2024-11-26 03:45:00+00:00,94464.0,0.21442877,0,0
2024-11-26 04:00:00+00:00,94194.95,0.28978333,0,0
2024-11-26 04:15:00+00:00,94277.08,0.24438685,0,0
2024-11-26 04:30:00+00:00,94425.63,0.2756776,0,0
2024-11-26 04:45:00+00:00,94309.52,0.27007905,0,0
2024-11-26 05:00:00+00:00,94348.0,0.26720363,0,0
2024-11-26 05:15:00+00:00,94403.88,0.3064779,0,0
2024-11-26 05:30:00+00:00,94580.01,0.2679543,0,0
2024-11-26 05:45:00+00:00,94647.96,0.4557842,0,0
2024-11-26 06:00:00+00:00,94648.65,0.40852842,0,0
2024-11-26 06:15:00+00:00,94896.0,0.34257686,0,0
2024-11-26 06:30:00+00:00,94754.75,0.35769457,0,0
2024-11-26 06:45:00+00:00,94495.96,0.4599402,0,0
2024-11-26 07:00:00+00:00,93927.56,0.37263855,0,0
2024-11-26 07:15:00+00:00,93958.41,0.28258982,0,0
2024-11-26 07:30:00+00:00,93804.01,0.3097322,0,0
2024-11-26 07:45:00+00:00,93785.71,0.3132885,0,0
2024-11-26 08:00:00+00:00,93230.02,0.33743373,0,0
2024-11-26 08:15:00+00:00,92484.01,0.17915472,0,0
2024-11-26 08:30:00+00:00,92780.0,0.2166438,0,0
2024-11-26 08:45:00+00:00,93142.85,0.27766275,0,0
2024-11-26 09:00:00+00:00,93568.0,0.27705655,0,0
2024-11-26 09:15:00+00:00,93546.59,0.286308,0,0
2024-11-26 09:30:00+00:00,93409.76,0.31108326,0,0
2024-11-26 09:45:00+00:00,93519.62,0.3096511,0,0
2024-11-26 10:00:00+00:00,93210.94,0.33842456,0,0
2024-11-26 10:15:00+00:00,92996.0,0.33044866,0,0
2024-11-26 10:30:00+00:00,92650.44,0.36559862,0,1
2024-11-26 10:45:00+00:00,92327.99,0.35366517,0,1
2024-11-26 11:00:00+00:00,92526.15,0.3878316,0,1
2024-11-26 11:15:00+00:00,91764.55,0.4038315,0,1
2024-11-26 11:30:00+00:00,91528.01,0.38409033,0,1
2024-11-26 11:45:00+00:00,92356.85,0.37098345,0,1
2024-11-26 12:00:00+00:00,92609.99,0.36053994,0,1
2024-11-26 12:15:00+00:00,92224.88,0.34499264,0,1
2024-11-26 12:30:00+00:00,92172.0,0.40756148,0,1
2024-11-26 12:45:00+00:00,92164.21,0.43861553,0,1
2024-11-26 13:00:00+00:00,92456.63,0.39871228,0,1
2024-11-26 13:15:00+00:00,92507.01,0.33125064,0,1
2024-11-26 13:30:00+00:00,92275.99,0.3267353,0,1
2024-11-26 13:45:00+00:00,92168.84,0.35369727,0,1
2024-11-26 14:00:00+00:00,92000.0,0.3198077,0,1
2024-11-26 14:15:00+00:00,92171.79,0.3327023,0,1
2024-11-26 14:30:00+00:00,92909.27,0.2501037,0,0
2024-11-26 14:45:00+00:00,93274.15,0.31216976,0,0
2024-11-26 15:00:00+00:00,93204.36,0.31705427,0,0
2024-11-26 15:15:00+00:00,93108.0,0.33137524,0,0
2024-11-26 15:30:00+00:00,93336.0,0.26036713,0,0
2024-11-26 15:45:00+00:00,92813.0,0.28017893,0,0
2024-11-26 16:00:00+00:00,93203.86,0.28252146,0,0
2024-11-26 16:15:00+00:00,94224.0,0.33697936,0,0
2024-11-26 16:30:00+00:00,94551.08,0.2658077,0,0
2024-11-26 16:45:00+00:00,94029.43,0.29957297,0,0
2024-11-26 17:00:00+00:00,93567.93,0.28529838,0,0
2024-11-26 17:15:00+00:00,93780.01,0.31470236,0,0
2024-11-26 17:30:00+00:00,93700.01,0.300538,0,0
2024-11-26 17:45:00+00:00,93547.99,0.300209,0,0
2024-11-26 18:00:00+00:00,93006.16,0.38302583,0,0
2024-11-26 18:15:00+00:00,92395.99,0.378729,0,0
2024-11-26 18:30:00+00:00,92313.02,0.34524855,0,0
2024-11-26 18:45:00+00:00,92119.99,0.3885724,0,0
2024-11-26 19:00:00+00:00,92384.01,0.35871422,0,0
2024-11-26 19:15:00+00:00,92071.95,0.3760836,0,0
2024-11-26 19:30:00+00:00,91903.45,0.33725858,0,1
2024-11-26 19:45:00+00:00,91683.89,0.33509648,0,1
2024-11-26 20:00:00+00:00,91595.99,0.39742658,0,1
2024-11-26 20:15:00+00:00,91303.33,0.41433328,0,1
2024-11-26 20:30:00+00:00,91415.98,0.3653734,0,1
2024-11-26 20:45:00+00:00,91036.01,0.30046454,0,1
2024-11-26 21:00:00+00:00,91144.01,0.35628888,0,1
2024-11-26 21:15:00+00:00,91645.53,0.35209,0,1
2024-11-26 21:30:00+00:00,91730.16,0.35864264,0,1
2024-11-26 21:45:00+00:00,91700.08,0.418507,0,1
2024-11-26 22:00:00+00:00,92133.99,0.33460602,0,1
2024-11-26 22:15:00+00:00,92300.0,0.4226632,0,1
2024-11-26 22:30:00+00:00,92033.29,0.40674132,0,1
2024-11-26 22:45:00+00:00,91811.14,0.3898129,0,1
2024-11-26 23:00:00+00:00,91965.53,0.39549002,0,1
2024-11-26 23:15:00+00:00,91681.87,0.43984562,0,1
2024-11-26 23:30:00+00:00,91960.0,0.4417097,0,1
2024-11-26 23:45:00+00:00,91965.16,0.48611993,0,1
2024-11-27 00:00:00+00:00,92427.99,0.35438883,0,1
2024-11-27 00:15:00+00:00,92219.54,0.34434828,0,1
2024-11-27 00:30:00+00:00,91828.85,0.31658414,0,1
2024-11-27 00:45:00+00:00,91939.33,0.3409791,0,1
2024-11-27 01:00:00+00:00,92296.02,0.2932557,0,1
2024-11-27 01:15:00+00:00,92382.01,0.24485758,0,1
2024-11-27 01:30:00+00:00,92559.2,0.3253942,0,1
2024-11-27 01:45:00+00:00,92753.86,0.26522484,0,1
2024-11-27 02:00:00+00:00,92368.0,0.27251697,0,1
2024-11-27 02:15:00+00:00,92930.27,0.2480511,0,1
2024-11-27 02:30:00+00:00,92714.65,0.24086402,0,1
2024-11-27 02:45:00+00:00,92943.34,0.25433058,0,1
2024-11-27 03:00:00+00:00,92915.79,0.28586808,0,1
2024-11-27 03:15:00+00:00,92800.0,0.25996652,0,1
2024-11-27 03:30:00+00:00,92685.51,0.24786705,0,1
2024-11-27 03:45:00+00:00,92588.0,0.25963748,0,1
2024-11-27 04:00:00+00:00,92715.4,0.2488847,0,1
2024-11-27 04:15:00+00:00,93018.97,0.24047528,0,1
2024-11-27 04:30:00+00:00,92747.98,0.26283917,0,1
2024-11-27 04:45:00+00:00,92568.0,0.29428455,0,1
2024-11-27 05:00:00+00:00,92495.14,0.27576438,0,1
2024-11-27 05:15:00+00:00,92719.03,0.2640905,0,1
2024-11-27 05:30:00+00:00,92755.99,0.26003397,0,1
2024-11-27 05:45:00+00:00,92768.01,0.54629,1,1
2024-11-27 06:00:00+00:00,93124.05,0.37004343,0,1
2024-11-27 06:15:00+00:00,93204.0,0.37439492,0,1
2024-11-27 06:30:00+00:00,93253.96,0.2448484,0,1
2024-11-27 06:45:00+00:00,93068.16,0.2504372,0,1
2024-11-27 07:00:00+00:00,93279.99,0.21075442,0,1
2024-11-27 07:15:00+00:00,93434.98,0.27299455,0,1
2024-11-27 07:30:00+00:00,93530.19,0.38468504,0,0
2024-11-27 07:45:00+00:00,93597.16,0.43601072,0,0
2024-11-27 08:00:00+00:00,93334.0,0.42633975,0,0
2024-11-27 08:15:00+00:00,93330.33,0.38754043,0,0
2024-11-27 08:30:00+00:00,93480.0,0.46957657,0,0
2024-11-27 08:45:00+00:00,93433.21,0.45396438,0,1
2024-11-27 09:00:00+00:00,93174.5,0.4373271,0,1
2024-11-27 09:15:00+00:00,93308.0,0.46129394,0,1
2024-11-27 09:30:00+00:00,93252.9,0.43354955,0,1
2024-11-27 09:45:00+00:00,93403.5,0.48063934,0,1
2024-11-27 10:00:00+00:00,93456.0,0.39563853,0,1
2024-11-27 10:15:00+00:00,93607.99,0.32334697,0,1
2024-11-27 10:30:00+00:00,93869.0,0.30480865,0,1
2024-11-27 10:45:00+00:00,93821.35,0.4275033,0,1
2024-11-27 11:00:00+00:00,93727.98,0.4853751,0,1
2024-11-27 11:15:00+00:00,93559.0,0.5165417,1,1
2024-11-27 11:30:00+00:00,93393.0,0.50720066,1,1
2024-11-27 11:45:00+00:00,93367.99,0.6024238,1,1
2024-11-27 12:00:00+00:00,93193.97,0.62163967,1,1
2024-11-27 12:15:00+00:00,92856.0,0.3265764,0,1
2024-11-27 12:30:00+00:00,93085.5,0.33599186,0,1
2024-11-27 12:45:00+00:00,93499.99,0.26007202,0,1
2024-11-27 13:00:00+00:00,93666.67,0.22255498,0,1
2024-11-27 13:15:00+00:00,93827.99,0.23533458,0,1
2024-11-27 13:30:00+00:00,93845.25,0.28111833,0,1
2024-11-27 13:45:00+00:00,94264.0,0.2550188,0,1
2024-11-27 14:00:00+00:00,94371.99,0.26741007,0,1
2024-11-27 14:15:00+00:00,94509.83,0.25589585,0,1
2024-11-27 14:30:00+00:00,94731.98,0.24594715,0,1
2024-11-27 14:45:00+00:00,94833.41,0.20330448,0,1
2024-11-27 15:00:00+00:00,94713.86,0.20978208,0,1
2024-11-27 15:15:00+00:00,94550.07,0.1658379,0,1
2024-11-27 15:30:00+00:00,95571.12,0.21572384,0,1
2024-11-27 15:45:00+00:00,95556.01,0.33174232,0,1
2024-11-27 16:00:00+00:00,95476.01,0.24421929,0,1
2024-11-27 16:15:00+00:00,95848.18,0.2467334,0,1
2024-11-27 16:30:00+00:00,96070.44,0.26729324,0,1
2024-11-27 16:45:00+00:00,95689.19,0.23251481,0,1
2024-11-27 17:00:00+00:00,95628.03,0.2182897,0,1
2024-11-27 17:15:00+00:00,95862.35,0.25603592,0,1
2024-11-27 17:30:00+00:00,95903.76,0.23322606,0,1
2024-11-27 17:45:00+00:00,96247.24,0.24643289,0,1
2024-11-27 18:00:00+00:00,96389.94,0.23813932,0,0
2024-11-27 18:15:00+00:00,96142.86,0.25900432,0,1
2024-11-27 18:30:00+00:00,96120.21,0.33051503,0,1
2024-11-27 18:45:00+00:00,96119.51,0.2544645,0,0
2024-11-27 19:00:00+00:00,96225.08,0.25471905,0,0
2024-11-27 19:15:00+00:00,96414.99,0.28748065,0,0
2024-11-27 19:30:00+00:00,96400.94,0.23823541,0,0
2024-11-27 19:45:00+00:00,96627.99,0.23053691,0,0
2024-11-27 20:00:00+00:00,96931.71,0.2098069,0,0
2024-11-27 20:15:00+00:00,97208.2,0.2836718,0,0
2024-11-27 20:30:00+00:00,96657.99,0.27644876,0,0
2024-11-27 20:45:00+00:00,96482.75,0.28530407,0,1
2024-11-27 21:00:00+00:00,96523.99,0.34078425,0,0
2024-11-27 21:15:00+00:00,96255.38,0.31203997,0,0
2024-11-27 21:30:00+00:00,96324.73,0.29329917,0,0
2024-11-27 21:45:00+00:00,96267.86,0.31255522,0,1
2024-11-27 22:00:00+00:00,96224.03,0.3408477,0,1
2024-11-27 22:15:00+00:00,96424.0,0.3601119,0,0
2024-11-27 22:30:00+00:00,96282.99,0.23056574,0,0
2024-11-27 22:45:00+00:00,96047.47,0.34922853,0,0
2024-11-27 23:00:00+00:00,95875.99,0.34535846,0,0
2024-11-27 23:15:00+00:00,95927.97,0.34558445,0,0
2024-11-27 23:30:00+00:00,96068.59,0.39174464,0,0
2024-11-27 23:45:00+00:00,95863.11,0.42937306,0,0
2024-11-28 00:00:00+00:00,95828.0,0.39610168,0,0
2024-11-28 00:15:00+00:00,95865.01,0.37981918,0,0
2024-11-28 00:30:00+00:00,96207.87,0.35123032,0,0
2024-11-28 00:45:00+00:00,96552.01,0.3096196,0,0
2024-11-28 01:00:00+00:00,96245.69,0.30543068,0,0
2024-11-28 01:15:00+00:00,96221.8,0.21907263,0,0
2024-11-28 01:30:00+00:00,96206.35,0.22952826,0,0
2024-11-28 01:45:00+00:00,96273.95,0.43995067,0,0
2024-11-28 02:00:00+00:00,96238.18,0.439556,0,0
2024-11-28 02:15:00+00:00,96297.22,0.40846205,0,0
2024-11-28 02:30:00+00:00,96128.01,0.41989353,0,0
2024-11-28 02:45:00+00:00,95699.79,0.35970247,0,0
2024-11-28 03:00:00+00:00,95572.29,0.256278,0,1
2024-11-28 03:15:00+00:00,95164.0,0.33994207,0,1
2024-11-28 03:30:00+00:00,95210.95,0.37208736,0,1
2024-11-28 03:45:00+00:00,95471.43,0.36814895,0,0
2024-11-28 04:00:00+00:00,95567.99,0.36417112,0,0
2024-11-28 04:15:00+00:00,95741.2,0.35239738,0,0
2024-11-28 04:30:00+00:00,95747.98,0.33590075,0,0
2024-11-28 04:45:00+00:00,95742.72,0.33073705,0,0
2024-11-28 05:00:00+00:00,95673.73,0.32818028,0,0
2024-11-28 05:15:00+00:00,95619.08,0.3152077,0,0
2024-11-28 05:30:00+00:00,95417.74,0.3217024,0,0
2024-11-28 05:45:00+00:00,95443.43,0.35719877,0,0
2024-11-28 06:00:00+00:00,95130.52,0.29678115,0,0
2024-11-28 06:15:00+00:00,95349.99,0.35283822,0,0
2024-11-28 06:30:00+00:00,95615.17,0.333483,0,0
2024-11-28 06:45:00+00:00,95479.07,0.3790617,0,0
2024-11-28 07:00:00+00:00,95687.18,0.36724678,0,0
2024-11-28 07:15:00+00:00,95603.16,0.25742936,0,0
2024-11-28 07:30:00+00:00,95407.73,0.5701492,1,0
2024-11-28 07:45:00+00:00,95299.66,0.64247876,1,1
2024-11-28 08:00:00+00:00,95196.48,0.5771537,1,1
2024-11-28 08:15:00+00:00,95488.87,0.5922453,1,0
2024-11-28 08:30:00+00:00,95353.7,0.55916655,1,0
2024-11-28 08:45:00+00:00,95456.01,0.564218,1,1
2024-11-28 09:00:00+00:00,95196.51,0.6034344,1,1
2024-11-28 09:15:00+00:00,95315.99,0.5571313,1,0
2024-11-28 09:30:00+00:00,95203.99,0.5692802,1,1
2024-11-28 09:45:00+00:00,94976.0,0.5443375,1,1
2024-11-28 10:00:00+00:00,94820.01,0.5314037,1,1
2024-11-28 10:15:00+00:00,94937.49,0.3435584,0,1
2024-11-28 10:30:00+00:00,95119.49,0.3465282,0,1
2024-11-28 10:45:00+00:00,94958.74,0.34741437,0,1
2024-11-28 11:00:00+00:00,94956.02,0.33722147,0,1
2024-11-28 11:15:00+00:00,94915.34,0.2772174,0,1
2024-11-28 11:30:00+00:00,95212.68,0.27129796,0,0
2024-11-28 11:45:00+00:00,95452.01,0.17914408,0,0
2024-11-28 12:00:00+00:00,95514.03,0.19441469,0,0
2024-11-28 12:15:00+00:00,95360.35,0.34350142,0,0
2024-11-28 12:30:00+00:00,95313.65,0.3654967,0,0
2024-11-28 12:45:00+00:00,95484.01,0.33923948,0,0
2024-11-28 13:00:00+00:00,95200.0,0.3404292,0,0
2024-11-28 13:15:00+00:00,95259.28,0.29576254,0,0
2024-11-28 13:30:00+00:00,95565.32,0.20309196,0,0
2024-11-28 13:45:00+00:00,95711.25,0.1807907,0,0
2024-11-28 14:00:00+00:00,95925.65,0.2507865,0,0
2024-11-28 14:15:00+00:00,95528.02,0.27171063,0,0
2024-11-28 14:30:00+00:00,95613.0,0.27182359,0,0
2024-11-28 14:45:00+00:00,95376.04,0.26782614,0,0
2024-11-28 15:00:00+00:00,95323.63,0.21840806,0,0
2024-11-28 15:15:00+00:00,95454.08,0.24742483,0,0
2024-11-28 15:30:00+00:00,95199.76,0.2695282,0,0
2024-11-28 15:45:00+00:00,95007.14,0.2595821,0,1
2024-11-28 16:00:00+00:00,95294.49,0.2572822,0,0
2024-11-28 16:15:00+00:00,95061.6,0.45635533,0,0
2024-11-28 16:30:00+00:00,95191.99,0.4328303,0,0
2024-11-28 16:45:00+00:00,94972.0,0.26346472,0,0
2024-11-28 17:00:00+00:00,95060.0,0.27344078,0,0
2024-11-28 17:15:00+00:00,95219.98,0.2672582,0,0
2024-11-28 17:30:00+00:00,94850.01,0.3880545,0,1
2024-11-28 17:45:00+00:00,94864.31,0.42364177,0,1
2024-11-28 18:00:00+00:00,95130.06,0.3830898,0,1
2024-11-28 18:15:00+00:00,95099.0,0.41239816,0,1
2024-11-28 18:30:00+00:00,95299.99,0.35594308,0,1
2024-11-28 18:45:00+00:00,95290.21,0.39976346,0,1
2024-11-28 19:00:00+00:00,95098.5,0.48934394,0,1
2024-11-28 19:15:00+00:00,95087.98,0.6597533,1,1
2024-11-28 19:30:00+00:00,95136.01,0.6783276,1,1
2024-11-28 19:45:00+00:00,95119.48,0.66638154,1,1
2024-11-28 20:00:00+00:00,95047.95,0.66625655,1,1
2024-11-28 20:15:00+00:00,94868.34,0.724351,1,1
2024-11-28 20:30:00+00:00,94725.63,0.642644,1,1
2024-11-28 20:45:00+00:00,94820.01,0.6444112,1,1
2024-11-28 21:00:00+00:00,94919.98,0.6524918,1,1
2024-11-28 21:15:00+00:00,95092.01,0.5549001,1,1
2024-11-28 21:30:00+00:00,95035.99,0.6827337,1,1
2024-11-28 21:45:00+00:00,95099.99,0.64689696,1,1
2024-11-28 22:00:00+00:00,95271.99,0.65010977,1,1
2024-11-28 22:15:00+00:00,95335.16,0.6647346,1,1
2024-11-28 22:30:00+00:00,95590.79,0.52223456,1,1
2024-11-28 22:45:00+00:00,95651.79,0.48006633,0,1
2024-11-28 23:00:00+00:00,95700.0,0.3412575,0,1
2024-11-28 23:15:00+00:00,95896.0,0.42870843,0,1
2024-11-28 23:30:00+00:00,95740.0,0.42081404,0,1
2024-11-28 23:45:00+00:00,95643.98,0.44659048,0,1
2024-11-29 00:00:00+00:00,95500.01,0.40578783,0,1
2024-11-29 00:15:00+00:00,95575.99,0.40519512,0,1
2024-11-29 00:30:00+00:00,95762.02,0.474477,0,1
2024-11-29 00:45:00+00:00,95476.01,0.41951323,0,1
2024-11-29 01:00:00+00:00,95490.27,0.38463655,0,1
2024-11-29 01:15:00+00:00,95769.92,0.43533614,0,1
2024-11-29 01:30:00+00:00,95742.5,0.43267244,0,1
2024-11-29 01:45:00+00:00,95920.0,0.38918114,0,1
2024-11-29 02:00:00+00:00,96451.98,0.37837273,0,0
2024-11-29 02:15:00+00:00,96422.36,0.3551321,0,0
2024-11-29 02:30:00+00:00,96680.0,0.3326429,0,0
2024-11-29 02:45:00+00:00,96739.98,0.3462962,0,0
2024-11-29 03:00:00+00:00,96671.16,0.3462216,0,0
2024-11-29 03:15:00+00:00,96493.83,0.35115072,0,0
2024-11-29 03:30:00+00:00,96684.0,0.3851891,0,0
2024-11-29 03:45:00+00:00,96590.36,0.36732918,0,0
2024-11-29 04:00:00+00:00,96413.35,0.35049686,0,0
2024-11-29 04:15:00+00:00,96327.26,0.4867803,0,0
2024-11-29 04:30:00+00:00,96301.57,0.52706707,1,0
2024-11-29 04:45:00+00:00,96263.83,0.51262516,1,0
2024-11-29 05:00:00+00:00,96316.01,0.5543071,1,0
2024-11-29 05:15:00+00:00,96460.32,0.50380754,1,0
2024-11-29 05:30:00+00:00,96448.01,0.6052671,1,1
2024-11-29 05:45:00+00:00,96153.86,0.56784284,1,1
2024-11-29 06:00:00+00:00,96049.23,0.62576044,1,1
2024-11-29 06:15:00+00:00,96247.72,0.5317951,1,1
2024-11-29 06:30:00+00:00,96191.92,0.65477526,1,1
2024-11-29 06:45:00+00:00,96266.19,0.7514549,1,1
2024-11-29 07:00:00+00:00,96327.99,0.6637182,1,1
2024-11-29 07:15:00+00:00,96083.45,0.64469427,1,1
2024-11-29 07:30:00+00:00,95804.93,0.38636696,0,1
2024-11-29 07:45:00+00:00,95625.05,0.39161512,0,1
2024-11-29 08:00:00+00:00,95777.0,0.37781104,0,1
2024-11-29 08:15:00+00:00,95836.0,0.43950436,0,1
2024-11-29 08:30:00+00:00,95917.37,0.3661804,0,1
2024-11-29 08:45:00+00:00,95979.99,0.41581422,0,1
2024-11-29 09:00:00+00:00,95913.74,0.4099743,0,1
2024-11-29 09:15:00+00:00,96135.34,0.3652652,0,1
2024-11-29 09:30:00+00:00,96477.31,0.31183606,0,1
2024-11-29 09:45:00+00:00,96355.39,0.35005054,0,1
2024-11-29 10:00:00+00:00,96631.56,0.36306992,0,1
2024-11-29 10:15:00+00:00,96548.36,0.41562682,0,1
2024-11-29 10:30:00+00:00,96800.0,0.42997277,0,1
2024-11-29 10:45:00+00:00,96844.01,0.46939948,0,1
2024-11-29 11:00:00+00:00,96628.6,0.44183692,0,1
2024-11-29 11:15:00+00:00,96976.03,0.59189534,1,1
2024-11-29 11:30:00+00:00,97112.02,0.523313,1,1
2024-11-29 11:45:00+00:00,97237.91,0.46173903,0,1
2024-11-29 12:00:00+00:00,97400.01,0.5547967,1,1
2024-11-29 12:15:00+00:00,97213.02,0.5757546,1,1
2024-11-29 12:30:00+00:00,96972.0,0.34983042,0,1
2024-11-29 12:45:00+00:00,96929.07,0.47306362,0,1
2024-11-29 13:00:00+00:00,96927.99,0.4099668,0,1
2024-11-29 13:15:00+00:00,96829.16,0.5779687,1,1
2024-11-29 13:30:00+00:00,97031.93,0.51032674,1,1
2024-11-29 13:45:00+00:00,97223.36,0.51659447,1,0
2024-11-29 14:00:00+00:00,97052.03,0.49493775,0,1
2024-11-29 14:15:00+00:00,97246.56,0.47018346,0,1
2024-11-29 14:30:00+00:00,97549.75,0.44228107,0,0
2024-11-29 14:45:00+00:00,98002.01,0.4476647,0,0
2024-11-29 15:00:00+00:00,98500.0,0.44729328,0,0
2024-11-29 15:15:00+00:00,98085.89,0.341078,0,0
2024-11-29 15:30:00+00:00,98192.0,0.2484477,0,0
2024-11-29 15:45:00+00:00,98019.47,0.22338854,0,0
2024-11-29 16:00:00+00:00,98101.0,0.20930055,0,0
2024-11-29 16:15:00+00:00,98198.18,0.20270537,0,0
2024-11-29 16:30:00+00:00,98063.98,0.22223066,0,0
2024-11-29 16:45:00+00:00,97779.99,0.2424946,0,0
2024-11-29 17:00:00+00:00,97143.99,0.28412506,0,1
2024-11-29 17:15:00+00:00,97039.99,0.25488043,0,1
2024-11-29 17:30:00+00:00,97111.47,0.2841032,0,1
2024-11-29 17:45:00+00:00,96968.29,0.32937947,0,1
2024-11-29 18:00:00+00:00,97128.0,0.32158136,0,1
2024-11-29 18:15:00+00:00,97246.93,0.26738825,0,1
2024-11-29 18:30:00+00:00,97252.02,0.31130603,0,1
2024-11-29 18:45:00+00:00,97175.99,0.33875018,0,1
2024-11-29 19:00:00+00:00,96900.0,0.28648403,0,1
2024-11-29 19:15:00+00:00,97088.64,0.26300204,0,1
2024-11-29 19:30:00+00:00,97230.43,0.2763092,0,1
2024-11-29 19:45:00+00:00,97329.73,0.25186715,0,1
2024-11-29 20:00:00+00:00,97356.01,0.3908805,0,0
2024-11-29 20:15:00+00:00,97480.0,0.40767136,0,0
2024-11-29 20:30:00+00:00,97476.0,0.44108364,0,0
2024-11-29 20:45:00+00:00,97307.98,0.45259205,0,0
2024-11-29 21:00:00+00:00,97308.84,0.50023323,1,0
2024-11-29 21:15:00+00:00,97212.02,0.4624814,0,0
2024-11-29 21:30:00+00:00,97263.99,0.700012,1,0
2024-11-29 21:45:00+00:00,97386.07,0.7410334,1,0
2024-11-29 22:00:00+00:00,97365.14,0.7293611,1,0
2024-11-29 22:15:00+00:00,97330.0,0.718449,1,0
2024-11-29 22:30:00+00:00,97430.1,0.6428247,1,0
2024-11-29 22:45:00+00:00,97292.69,0.6781831,1,0
2024-11-29 23:00:00+00:00,97238.54,0.76871735,1,0
2024-11-29 23:15:00+00:00,97264.01,0.80087906,1,0
2024-11-29 23:30:00+00:00,97355.73,0.79404014,1,0
2024-11-29 23:45:00+00:00,97460.0,0.78165877,1,0
2024-11-30 00:00:00+00:00,97236.36,0.78202486,1,0
2024-11-30 00:15:00+00:00,97248.18,0.8209699,1,0
2024-11-30 00:30:00+00:00,96984.01,0.7664781,1,0
2024-11-30 00:45:00+00:00,96968.06,0.8008914,1,0
2024-11-30 01:00:00+00:00,96782.01,0.7315752,1,0
2024-11-30 01:15:00+00:00,96700.78,0.668169,1,1
2024-11-30 01:30:00+00:00,96660.01,0.5199852,1,1
2024-11-30 01:45:00+00:00,96425.22,0.5746042,1,1
2024-11-30 02:00:00+00:00,96580.0,0.5248625,1,1
2024-11-30 02:15:00+00:00,96557.15,0.52509904,1,1
2024-11-30 02:30:00+00:00,96539.99,0.5642428,1,1
2024-11-30 02:45:00+00:00,96609.21,0.5986327,1,1
2024-11-30 03:00:00+00:00,96690.31,0.5951684,1,1
2024-11-30 03:15:00+00:00,96447.64,0.5605238,1,1
2024-11-30 03:30:00+00:00,96563.85,0.59470457,1,1
2024-11-30 03:45:00+00:00,96640.02,0.57335305,1,1
2024-11-30 04:00:00+00:00,96670.25,0.67064506,1,1
2024-11-30 04:15:00+00:00,96611.33,0.68668014,1,1
2024-11-30 04:30:00+00:00,96619.05,0.65060365,1,1
2024-11-30 04:45:00+00:00,96680.18,0.627032,1,1
2024-11-30 05:00:00+00:00,96775.99,0.81237084,1,0
2024-11-30 05:15:00+00:00,96811.99,0.75876284,1,0
2024-11-30 05:30:00+00:00,96805.08,0.73677313,1,0
2024-11-30 05:45:00+00:00,97102.32,0.57704055,1,0
2024-11-30 06:00:00+00:00,96865.97,0.54848784,1,0
2024-11-30 06:15:00+00:00,96862.76,0.584758,1,0
2024-11-30 06:30:00+00:00,96949.29,0.5573654,1,0
2024-11-30 06:45:00+00:00,96639.66,0.7047056,1,0
2024-11-30 07:00:00+00:00,96764.43,0.58562654,1,0
2024-11-30 07:15:00+00:00,96732.87,0.7544322,1,0
2024-11-30 07:30:00+00:00,96867.87,0.6436566,1,0
2024-11-30 07:45:00+00:00,96783.38,0.65516573,1,0
2024-11-30 08:00:00+00:00,96841.26,0.62603486,1,0
2024-11-30 08:15:00+00:00,96953.04,0.6161772,1,0
2024-11-30 08:30:00+00:00,96902.49,0.67607945,1,0
2024-11-30 08:45:00+00:00,96953.49,0.72127676,1,0
2024-11-30 09:00:00+00:00,96775.99,0.6083982,1,0
2024-11-30 09:15:00+00:00,96669.91,0.7634314,1,0
2024-11-30 09:30:00+00:00,96666.31,0.82270205,1,0
2024-11-30 09:45:00+00:00,96779.98,0.8464559,1,0
2024-11-30 10:00:00+00:00,96774.31,0.8290019,1,0
2024-11-30 10:15:00+00:00,96500.0,0.7880909,1,1
2024-11-30 10:30:00+00:00,96386.81,0.7874507,1,1
2024-11-30 10:45:00+00:00,96137.48,0.7176623,1,1
2024-11-30 11:00:00+00:00,96275.88,0.6753639,1,1
2024-11-30 11:15:00+00:00,96362.73,0.5703571,1,1
2024-11-30 11:30:00+00:00,96311.01,0.56891406,1,1
2024-11-30 11:45:00+00:00,96267.99,0.59880704,1,1
2024-11-30 12:00:00+00:00,96366.01,0.5728815,1,1
2024-11-30 12:15:00+00:00,96483.0,0.59566295,1,1
2024-11-30 12:30:00+00:00,96512.22,0.5989681,1,1
2024-11-30 12:45:00+00:00,96553.23,0.58765185,1,1
2024-11-30 13:00:00+00:00,96637.98,0.6088933,1,1
2024-11-30 13:15:00+00:00,96588.02,0.7403854,1,1
2024-11-30 13:30:00+00:00,96602.18,0.769257,1,1
2024-11-30 13:45:00+00:00,96405.34,0.7468546,1,1
2024-11-30 14:00:00+00:00,96589.22,0.73347425,1,1
2024-11-30 14:15:00+00:00,96634.51,0.6516699,1,1
2024-11-30 14:30:00+00:00,96628.99,0.58641666,1,1
2024-11-30 14:45:00+00:00,96462.64,0.7185193,1,1
2024-11-30 15:00:00+00:00,96602.5,0.68059385,1,1
2024-11-30 15:15:00+00:00,96659.5,0.6884102,1,1
2024-11-30 15:30:00+00:00,96634.28,0.6878892,1,1
2024-11-30 15:45:00+00:00,96645.41,0.7475067,1,1
2024-11-30 16:00:00+00:00,96652.01,0.8054816,1,1
2024-11-30 16:15:00+00:00,96555.42,0.7995377,1,1
2024-11-30 16:30:00+00:00,96600.0,0.8156348,1,1
2024-11-30 16:45:00+00:00,96871.31,0.7127677,1,1
2024-11-30 17:00:00+00:00,96831.92,0.73491657,1,1
2024-11-30 17:15:00+00:00,96869.71,0.68080765,1,0
2024-11-30 17:30:00+00:00,96832.0,0.7215429,1,1
2024-11-30 17:45:00+00:00,96780.38,0.8240566,1,1
2024-11-30 18:00:00+00:00,96852.06,0.77443784,1,0
2024-11-30 18:15:00+00:00,96848.0,0.6862543,1,0
2024-11-30 18:30:00+00:00,96852.85,0.58914894,1,0
2024-11-30 18:45:00+00:00,96966.37,0.44471225,0,0
2024-11-30 19:00:00+00:00,96911.62,0.46719033,0,0
2024-11-30 19:15:00+00:00,96912.09,0.57838863,1,0
2024-11-30 19:30:00+00:00,97056.2,0.45065242,0,0
2024-11-30 19:45:00+00:00,97019.68,0.5693076,1,0
2024-11-30 20:00:00+00:00,97040.0,0.5084396,1,0
2024-11-30 20:15:00+00:00,96933.91,0.75916135,1,0
2024-11-30 20:30:00+00:00,96855.48,0.7890562,1,0
2024-11-30 20:45:00+00:00,96967.99,0.7912588,1,0
2024-11-30 21:00:00+00:00,96871.37,0.79935586,1,0
2024-11-30 21:15:00+00:00,96818.34,0.81914526,1,0
2024-11-30 21:30:00+00:00,96854.12,0.8598487,1,0
2024-11-30 21:45:00+00:00,96792.02,0.84711826,1,0
2024-11-30 22:00:00+00:00,96787.99,0.80714566,1,0
2024-11-30 22:15:00+00:00,96657.25,0.73456675,1,0
2024-11-30 22:30:00+00:00,96602.0,0.71400046,1,0
2024-11-30 22:45:00+00:00,96466.11,0.7140774,1,0
2024-11-30 23:00:00+00:00,96449.83,0.7192088,1,0
2024-11-30 23:15:00+00:00,96321.0,0.7200738,1,0
2024-11-30 23:30:00+00:00,96482.49,0.67369413,1,0
2024-11-30 23:45:00+00:00,96407.99,0.5914011,1,0
2024-12-01 00:00:00+00:00,96566.33,0.5819012,1,0
2024-12-01 00:15:00+00:00,96601.41,0.64432853,1,0
2024-12-01 00:30:00+00:00,96272.27,0.62719786,1,1
2024-12-01 00:45:00+00:00,96340.6,0.60699713,1,1
2024-12-01 01:00:00+00:00,96251.52,0.62496465,1,1
2024-12-01 01:15:00+00:00,96431.99,0.7494771,1,0
2024-12-01 01:30:00+00:00,96437.34,0.73966455,1,1
2024-12-01 01:45:00+00:00,96106.62,0.6573829,1,1
2024-12-01 02:00:00+00:00,96151.97,0.5852889,1,1
2024-12-01 02:15:00+00:00,96119.75,0.58593494,1,1
2024-12-01 02:30:00+00:00,95872.87,0.4734507,0,1
2024-12-01 02:45:00+00:00,95776.22,0.500857,1,1
2024-12-01 03:00:00+00:00,96160.0,0.37936133,0,1
2024-12-01 03:15:00+00:00,96047.61,0.36550334,0,1
2024-12-01 03:30:00+00:00,96306.72,0.5028108,1,1
2024-12-01 03:45:00+00:00,96336.75,0.5127274,1,1
2024-12-01 04:00:00+00:00,96281.41,0.58114064,1,1
2024-12-01 04:15:00+00:00,96400.0,0.5641949,1,1
2024-12-01 04:30:00+00:00,96355.43,0.68675655,1,1
2024-12-01 04:45:00+00:00,96515.52,0.6083063,1,1
2024-12-01 05:00:00+00:00,96398.62,0.65001273,1,1
2024-12-01 05:15:00+00:00,96418.03,0.5757072,1,1
2024-12-01 05:30:00+00:00,96439.18,0.71494305,1,1
2024-12-01 05:45:00+00:00,96308.83,0.74058735,1,1
2024-12-01 06:00:00+00:00,96473.35,0.65873253,1,1
2024-12-01 06:15:00+00:00,96371.73,0.7138622,1,1
2024-12-01 06:30:00+00:00,96400.01,0.76319695,1,1
2024-12-01 06:45:00+00:00,96327.66,0.77871156,1,1
2024-12-01 07:00:00+00:00,96323.86,0.7657383,1,1
2024-12-01 07:15:00+00:00,96455.64,0.7796437,1,1
2024-12-01 07:30:00+00:00,96423.99,0.74975014,1,1
2024-12-01 07:45:00+00:00,96472.97,0.7868504,1,1
2024-12-01 08:00:00+00:00,96717.21,0.51958895,1,1
2024-12-01 08:15:00+00:00,96950.0,0.48413438,0,1
2024-12-01 08:30:00+00:00,97024.24,0.50193477,1,0
2024-12-01 08:45:00+00:00,97048.01,0.46603864,0,0
2024-12-01 09:00:00+00:00,96954.15,0.44509917,0,1
2024-12-01 09:15:00+00:00,96887.92,0.5557979,1,1
2024-12-01 09:30:00+00:00,96988.6,0.55305505,1,1
2024-12-01 09:45:00+00:00,97030.15,0.6117083,1,1
2024-12-01 10:00:00+00:00,96857.03,0.6077146,1,1
2024-12-01 10:15:00+00:00,96869.87,0.63166285,1,1
2024-12-01 10:30:00+00:00,96768.0,0.48079735,0,1
2024-12-01 10:45:00+00:00,96811.99,0.62147427,1,1
2024-12-01 11:00:00+00:00,96973.37,0.50304335,1,1
2024-12-01 11:15:00+00:00,96975.57,0.5665177,1,1
2024-12-01 11:30:00+00:00,97052.0,0.5646543,1,1
2024-12-01 11:45:00+00:00,97108.89,0.6391025,1,0
2024-12-01 12:00:00+00:00,97074.98,0.7533487,1,1
2024-12-01 12:15:00+00:00,96951.11,0.7524692,1,1
2024-12-01 12:30:00+00:00,96932.97,0.77540076,1,1
2024-12-01 12:45:00+00:00,96774.49,0.81437093,1,1
2024-12-01 13:00:00+00:00,97027.99,0.80834335,1,1
2024-12-01 13:15:00+00:00,97283.44,0.67294073,1,0
2024-12-01 13:30:00+00:00,97131.98,0.6961965,1,1
2024-12-01 13:45:00+00:00,97071.93,0.7892939,1,1
2024-12-01 14:00:00+00:00,97119.48,0.6384524,1,1
2024-12-01 14:15:00+00:00,97119.59,0.65919316,1,1
2024-12-01 14:30:00+00:00,97201.47,0.70219743,1,1
2024-12-01 14:45:00+00:00,97289.78,0.632178,1,0
2024-12-01 15:00:00+00:00,97212.08,0.7112855,1,0
2024-12-01 15:15:00+00:00,97203.58,0.7633407,1,0
2024-12-01 15:30:00+00:00,97080.01,0.695198,1,0
2024-12-01 15:45:00+00:00,97028.02,0.69144344,1,1
2024-12-01 16:00:00+00:00,97239.06,0.47024634,0,0
2024-12-01 16:15:00+00:00,97223.77,0.4505494,0,0
2024-12-01 16:30:00+00:00,97327.21,0.5848052,1,0
2024-12-01 16:45:00+00:00,97187.98,0.76720214,1,0
2024-12-01 17:00:00+00:00,97114.72,0.7702137,1,1
2024-12-01 17:15:00+00:00,97132.58,0.7816595,1,1
2024-12-01 17:30:00+00:00,97200.64,0.8034213,1,1
2024-12-01 17:45:00+00:00,97299.97,0.7938623,1,1
2024-12-01 18:00:00+00:00,97507.93,0.697806,1,1
2024-12-01 18:15:00+00:00,97416.85,0.8080928,1,0
2024-12-01 18:30:00+00:00,97292.0,0.80317885,1,1
2024-12-01 18:45:00+00:00,97118.69,0.78131443,1,1
2024-12-01 19:00:00+00:00,97177.6,0.7626224,1,1
2024-12-01 19:15:00+00:00,97084.59,0.77434343,1,1
2024-12-01 19:30:00+00:00,97023.31,0.82212853,1,1
2024-12-01 19:45:00+00:00,97178.73,0.7691693,1,1
2024-12-01 20:00:00+00:00,97004.3,0.7539003,1,1
2024-12-01 20:15:00+00:00,96843.95,0.7408345,1,1
2024-12-01 20:30:00+00:00,96946.47,0.7283972,1,1
2024-12-01 20:45:00+00:00,97099.99,0.7526837,1,1
2024-12-01 21:00:00+00:00,97263.0,0.7222215,1,1
2024-12-01 21:15:00+00:00,97292.09,0.7771503,1,1
2024-12-01 21:30:00+00:00,97431.99,0.7490527,1,1
2024-12-01 21:45:00+00:00,97767.62,0.520287,1,1
2024-12-01 22:00:00+00:00,97522.21,0.4749119,0,1
2024-12-01 22:15:00+00:00,97398.0,0.42814136,0,1
2024-12-01 22:30:00+00:00,97465.58,0.33092624,0,1
2024-12-01 22:45:00+00:00,97562.56,0.33472717,0,1
2024-12-01 23:00:00+00:00,97620.95,0.32159612,0,0
2024-12-01 23:15:00+00:00,97619.99,0.31782815,0,0
2024-12-01 23:30:00+00:00,97330.48,0.32037878,0,0
2024-12-01 23:45:00+00:00,97185.18,0.31324053,0,0
2024-12-02 00:00:00+00:00,97234.15,0.30295947,0,0
2024-12-02 00:15:00+00:00,97260.71,0.32050505,0,0
2024-12-02 00:30:00+00:00,97559.05,0.32583153,0,0
2024-12-02 00:45:00+00:00,97436.75,0.2653884,0,0
2024-12-02 01:00:00+00:00,97563.99,0.2792126,0,0
2024-12-02 01:15:00+00:00,98047.98,0.25311035,0,0
2024-12-02 01:30:00+00:00,97707.6,0.34357193,0,0
2024-12-02 01:45:00+00:00,97964.93,0.25851992,0,0
2024-12-02 02:00:00+00:00,97799.99,0.22759002,0,0
2024-12-02 02:15:00+00:00,97688.01,0.21775453,0,0
2024-12-02 02:30:00+00:00,97500.01,0.36532542,0,0
2024-12-02 02:45:00+00:00,97644.76,0.4044623,0,0
2024-12-02 03:00:00+00:00,97585.86,0.37248686,0,0
2024-12-02 03:15:00+00:00,97476.19,0.407499,0,0
2024-12-02 03:30:00+00:00,97042.1,0.20703955,0,0
2024-12-02 03:45:00+00:00,96483.75,0.34494886,0,0
2024-12-02 04:00:00+00:00,96160.29,0.36738914,0,0
2024-12-02 04:15:00+00:00,96458.02,0.3115827,0,0
2024-12-02 04:30:00+00:00,96767.99,0.27949214,0,0
2024-12-02 04:45:00+00:00,96708.0,0.2680202,0,0
2024-12-02 05:00:00+00:00,96882.39,0.26842362,0,0
2024-12-02 05:15:00+00:00,96700.0,0.22664301,0,0
2024-12-02 05:30:00+00:00,96545.02,0.24848995,0,0
2024-12-02 05:45:00+00:00,96359.99,0.23408368,0,0
2024-12-02 06:00:00+00:00,96190.0,0.21813571,0,0
2024-12-02 06:15:00+00:00,96242.66,0.23753442,0,0
2024-12-02 06:30:00+00:00,96284.77,0.2529697,0,0
2024-12-02 06:45:00+00:00,96279.99,0.27235547,0,0
2024-12-02 07:00:00+00:00,96368.61,0.31164733,0,0
2024-12-02 07:15:00+00:00,95848.03,0.36491805,0,0
2024-12-02 07:30:00+00:00,95972.01,0.42562914,0,0
2024-12-02 07:45:00+00:00,95999.99,0.5549322,1,0
2024-12-02 08:00:00+00:00,95925.88,0.5538469,1,0
2024-12-02 08:15:00+00:00,95212.25,0.44859198,0,1
2024-12-02 08:30:00+00:00,95065.25,0.3679033,0,1
2024-12-02 08:45:00+00:00,95053.66,0.31113818,0,0
2024-12-02 09:00:00+00:00,95357.96,0.30300832,0,1
2024-12-02 09:15:00+00:00,95311.9,0.29258773,0,1
2024-12-02 09:30:00+00:00,95152.0,0.32132724,0,1
2024-12-02 09:45:00+00:00,95493.18,0.2981002,0,1
2024-12-02 10:00:00+00:00,95127.99,0.3347204,0,1
2024-12-02 10:15:00+00:00,95195.73,0.3073194,0,1
2024-12-02 10:30:00+00:00,94932.01,0.32956222,0,1
2024-12-02 10:45:00+00:00,94972.01,0.31935874,0,1
2024-12-02 11:00:00+00:00,95080.91,0.34048262,0,1
2024-12-02 11:15:00+00:00,95272.46,0.32826605,0,1
2024-12-02 11:30:00+00:00,95198.38,0.42083767,0,1
2024-12-02 11:45:00+00:00,95128.68,0.38524356,0,1
2024-12-02 12:00:00+00:00,95124.4,0.39632893,0,1
2024-12-02 12:15:00+00:00,95386.15,0.44957972,0,1
2024-12-02 12:30:00+00:00,95080.86,0.38462803,0,1
2024-12-02 12:45:00+00:00,94972.02,0.2901905,0,1
2024-12-02 13:00:00+00:00,95399.83,0.4279522,0,1
2024-12-02 13:15:00+00:00,95690.65,0.41366726,0,0
2024-12-02 13:30:00+00:00,95577.74,0.29889527,0,0
2024-12-02 13:45:00+00:00,95679.99,0.21131456,0,0
2024-12-02 14:00:00+00:00,95581.31,0.22652559,0,0
2024-12-02 14:15:00+00:00,95898.26,0.2556758,0,0
2024-12-02 14:30:00+00:00,96718.02,0.35522783,0,0
2024-12-02 14:45:00+00:00,96321.27,0.26075426,0,0
2024-12-02 15:00:00+00:00,96436.0,0.20841464,0,0
2024-12-02 15:15:00+00:00,96670.26,0.24029376,0,0
2024-12-02 15:30:00+00:00,97160.0,0.24537714,0,0
2024-12-02 15:45:00+00:00,97048.0,0.21499018,0,0
2024-12-02 16:00:00+00:00,97266.42,0.24131285,0,0
2024-12-02 16:15:00+00:00,96599.99,0.2506617,0,0
2024-12-02 16:30:00+00:00,96396.0,0.2598112,0,0
2024-12-02 16:45:00+00:00,96167.46,0.27500618,0,0
2024-12-02 17:00:00+00:00,96263.99,0.29976955,0,0
2024-12-02 17:15:00+00:00,95372.73,0.3392587,0,1
2024-12-02 17:30:00+00:00,95450.0,0.30973795,0,1
2024-12-02 17:45:00+00:00,94604.03,0.40030068,0,1
2024-12-02 18:00:00+00:00,95367.99,0.4553547,0,1
2024-12-02 18:15:00+00:00,95515.42,0.54474294,1,0
2024-12-02 18:30:00+00:00,95742.94,0.46924403,0,0
2024-12-02 18:45:00+00:00,95646.14,0.43233794,0,0
2024-12-02 19:00:00+00:00,95372.01,0.43333852,0,1
2024-12-02 19:15:00+00:00,95463.05,0.43560684,0,1
2024-12-02 19:30:00+00:00,95686.55,0.43329054,0,0
2024-12-02 19:45:00+00:00,95816.0,0.39900184,0,1
2024-12-02 20:00:00+00:00,96223.74,0.40433156,0,0
2024-12-02 20:15:00+00:00,96026.25,0.38297826,0,0
2024-12-02 20:30:00+00:00,95679.0,0.41002956,0,1
2024-12-02 20:45:00+00:00,95666.66,0.35566512,0,1
2024-12-02 21:00:00+00:00,95543.99,0.39935893,0,1
2024-12-02 21:15:00+00:00,95605.99,0.3857621,0,0
2024-12-02 21:30:00+00:00,95623.03,0.28190675,0,0
2024-12-02 21:45:00+00:00,95406.88,0.3145273,0,1
2024-12-02 22:00:00+00:00,95371.98,0.30586198,0,1
2024-12-02 22:15:00+00:00,95286.81,0.30765992,0,1
2024-12-02 22:30:00+00:00,95372.07,0.31319353,0,1
2024-12-02 22:45:00+00:00,95372.0,0.26871178,0,1
2024-12-02 23:00:00+00:00,95516.47,0.21265823,0,1
2024-12-02 23:15:00+00:00,95704.32,0.20534852,0,1
2024-12-02 23:30:00+00:00,95685.37,0.26942307,0,1
2024-12-02 23:45:00+00:00,95840.62,0.30546397,0,1
2024-12-03 00:00:00+00:00,95966.32,0.1922985,0,1
2024-12-03 00:15:00+00:00,95772.01,0.22487994,0,1
2024-12-03 00:30:00+00:00,95964.0,0.2286304,0,1
2024-12-03 00:45:00+00:00,95804.03,0.22714743,0,1
2024-12-03 01:00:00+00:00,95904.76,0.38885233,0,1
2024-12-03 01:15:00+00:00,95585.19,0.5254407,1,1
2024-12-03 01:30:00+00:00,95560.8,0.5310942,1,1
2024-12-03 01:45:00+00:00,95524.08,0.5042301,1,1
2024-12-03 02:00:00+00:00,95572.18,0.5557419,1,1
2024-12-03 02:15:00+00:00,95795.99,0.45343405,0,1
2024-12-03 02:30:00+00:00,96144.0,0.26112187,0,0
2024-12-03 02:45:00+00:00,96035.49,0.29082468,0,0
2024-12-03 03:00:00+00:00,95980.02,0.33337185,0,0
2024-12-03 03:15:00+00:00,96030.16,0.31425732,0,0
2024-12-03 03:30:00+00:00,96195.98,0.34712788,0,0
2024-12-03 03:45:00+00:00,96079.36,0.5112426,1,0
2024-12-03 04:00:00+00:00,96100.0,0.5015112,1,0
2024-12-03 04:15:00+00:00,96140.01,0.5619552,1,0
2024-12-03 04:30:00+00:00,95986.01,0.5711877,1,0
2024-12-03 04:45:00+00:00,95920.64,0.63478035,1,0
2024-12-03 05:00:00+00:00,95911.26,0.67019457,1,0
2024-12-03 05:15:00+00:00,96093.87,0.52546275,1,0
2024-12-03 05:30:00+00:00,96057.06,0.6598034,1,0
2024-12-03 05:45:00+00:00,96155.18,0.5743157,1,0
2024-12-03 06:00:00+00:00,96146.5,0.7241977,1,0
2024-12-03 06:15:00+00:00,96199.99,0.7140405,1,0
2024-12-03 06:30:00+00:00,96128.3,0.7486643,1,0
2024-12-03 06:45:00+00:00,95632.22,0.68393505,1,0
2024-12-03 07:00:00+00:00,95639.02,0.7277685,1,0
2024-12-03 07:15:00+00:00,95610.34,0.663001,1,0
2024-12-03 07:30:00+00:00,95375.21,0.41170233,0,0
2024-12-03 07:45:00+00:00,95550.0,0.41786683,0,0
2024-12-03 08:00:00+00:00,95558.63,0.4017687,0,0
2024-12-03 08:15:00+00:00,95484.61,0.4596689,0,0
2024-12-03 08:30:00+00:00,95354.45,0.5003864,1,0
2024-12-03 08:45:00+00:00,95528.0,0.5409823,1,0
2024-12-03 09:00:00+00:00,95364.0,0.5634681,1,0
2024-12-03 09:15:00+00:00,95222.22,0.54039544,1,0
2024-12-03 09:30:00+00:00,95240.01,0.55547875,1,0
2024-12-03 09:45:00+00:00,95256.01,0.6005273,1,0
2024-12-03 10:00:00+00:00,95396.0,0.6001696,1,0
2024-12-03 10:15:00+00:00,95372.07,0.5834771,1,0
2024-12-03 10:30:00+00:00,95482.63,0.6291213,1,0
2024-12-03 10:45:00+00:00,94697.9,0.5587486,1,1
2024-12-03 11:00:00+00:00,94868.05,0.551907,1,1
2024-12-03 11:15:00+00:00,94874.46,0.55790484,1,1
2024-12-03 11:30:00+00:00,94724.38,0.5464735,1,1
2024-12-03 11:45:00+00:00,94988.01,0.5452335,1,1
2024-12-03 12:00:00+00:00,94956.41,0.4918821,0,1
2024-12-03 12:15:00+00:00,94804.99,0.5483703,1,1
2024-12-03 12:30:00+00:00,94730.16,0.5851752,1,1
2024-12-03 12:45:00+00:00,94813.58,0.48886907,0,1
2024-12-03 13:00:00+00:00,94588.99,0.49834615,0,1
2024-12-03 13:15:00+00:00,94539.69,0.45384532,0,1
2024-12-03 13:30:00+00:00,94546.99,0.44279146,0,1
2024-12-03 13:45:00+00:00,93715.98,0.41331866,0,1
2024-12-03 14:00:00+00:00,94264.79,0.49938408,0,1
2024-12-03 14:15:00+00:00,94119.99,0.48753223,0,1
2024-12-03 14:30:00+00:00,94703.04,0.4887696,0,1
2024-12-03 14:45:00+00:00,95235.25,0.52852017,1,1
2024-12-03 15:00:00+00:00,95839.8,0.3917372,0,0
2024-12-03 15:15:00+00:00,95879.99,0.32985866,0,0
2024-12-03 15:30:00+00:00,95716.84,0.33476046,0,0
2024-12-03 15:45:00+00:00,95682.54,0.36398834,0,0
2024-12-03 16:00:00+00:00,95826.15,0.2976293,0,0
2024-12-03 16:15:00+00:00,95913.84,0.3558278,0,0
2024-12-03 16:30:00+00:00,95234.68,0.42631513,0,1
2024-12-03 16:45:00+00:00,95112.0,0.42731473,0,1
2024-12-03 17:00:00+00:00,95224.0,0.42940584,0,1
2024-12-03 17:15:00+00:00,95111.11,0.3248397,0,1
2024-12-03 17:30:00+00:00,95513.13,0.2828979,0,1
2024-12-03 17:45:00+00:00,95828.0,0.27724633,0,1
2024-12-03 18:00:00+00:00,95631.96,0.2951461,0,1
2024-12-03 18:15:00+00:00,95403.46,0.30989164,0,1
2024-12-03 18:30:00+00:00,95400.0,0.2705823,0,1
2024-12-03 18:45:00+00:00,95481.15,0.4062108,0,1
2024-12-03 19:00:00+00:00,95091.71,0.47916514,0,1
2024-12-03 19:15:00+00:00,95306.89,0.43933946,0,1
2024-12-03 19:30:00+00:00,95432.23,0.43451422,0,1
2024-12-03 19:45:00+00:00,95428.6,0.41660836,0,1
2024-12-03 20:00:00+00:00,95528.37,0.2335071,0,1
2024-12-03 20:15:00+00:00,95515.82,0.24602124,0,1
2024-12-03 20:30:00+00:00,95507.97,0.19061665,0,1
2024-12-03 20:45:00+00:00,95615.06,0.18280756,0,1
2024-12-03 21:00:00+00:00,95867.97,0.20886225,0,0
2024-12-03 21:15:00+00:00,95931.03,0.21078964,0,0
2024-12-03 21:30:00+00:00,95916.12,0.21652192,0,1
2024-12-03 21:45:00+00:00,96000.0,0.26143163,0,1
2024-12-03 22:00:00+00:00,96035.58,0.22831324,0,0
2024-12-03 22:15:00+00:00,95885.52,0.31230003,0,0
2024-12-03 22:30:00+00:00,95850.58,0.38045207,0,0
2024-12-03 22:45:00+00:00,96117.76,0.40917492,0,0
2024-12-03 23:00:00+00:00,95932.0,0.3322972,0,0
2024-12-03 23:15:00+00:00,95815.28,0.34443945,0,0
2024-12-03 23:30:00+00:00,95919.98,0.3658077,0,0
2024-12-03 23:45:00+00:00,95849.69,0.3807184,0,0
2024-12-04 00:00:00+00:00,95934.61,0.31563312,0,0
2024-12-04 00:15:00+00:00,95955.99,0.43143043,0,0
2024-12-04 00:30:00+00:00,95646.66,0.61092013,1,1
2024-12-04 00:45:00+00:00,95746.42,0.60619146,1,1
2024-12-04 01:00:00+00:00,95526.86,0.60469776,1,1
2024-12-04 01:15:00+00:00,95711.01,0.5960067,1,1
2024-12-04 01:30:00+00:00,96513.19,0.308908,0,0
2024-12-04 01:45:00+00:00,96216.0,0.3820885,0,1
2024-12-04 02:00:00+00:00,95391.99,0.23066069,0,1
2024-12-04 02:15:00+00:00,95609.55,0.24957396,0,1
2024-12-04 02:30:00+00:00,95606.75,0.256087,0,1
2024-12-04 02:45:00+00:00,95788.0,0.30350783,0,1
2024-12-04 03:00:00+00:00,95820.0,0.3159079,0,1
2024-12-04 03:15:00+00:00,95794.99,0.3083227,0,1
2024-12-04 03:30:00+00:00,95833.78,0.392288,0,1
2024-12-04 03:45:00+00:00,95770.32,0.34526846,0,1
2024-12-04 04:00:00+00:00,95749.46,0.27350724,0,1
2024-12-04 04:15:00+00:00,95803.31,0.27432922,0,1
2024-12-04 04:30:00+00:00,95842.38,0.33513114,0,1
2024-12-04 04:45:00+00:00,96024.8,0.23512252,0,1
2024-12-04 05:00:00+00:00,96078.11,0.35639516,0,1
2024-12-04 05:15:00+00:00,96419.2,0.41089413,0,1
2024-12-04 05:30:00+00:00,96347.93,0.52521014,1,1
2024-12-04 05:45:00+00:00,96480.22,0.62024796,1,1
2024-12-04 06:00:00+00:00,96334.0,0.47450462,0,1
2024-12-04 06:15:00+00:00,96673.33,0.446636,0,1
2024-12-04 06:30:00+00:00,96592.14,0.4687382,0,0
2024-12-04 06:45:00+00:00,96539.68,0.6159033,1,0
2024-12-04 07:00:00+00:00,96459.31,0.620999,1,0
2024-12-04 07:15:00+00:00,96550.0,0.64688957,1,0
2024-12-04 07:30:00+00:00,96628.01,0.60114855,1,0
2024-12-04 07:45:00+00:00,96588.81,0.5580938,1,0
2024-12-04 08:00:00+00:00,96724.01,0.5874749,1,0
2024-12-04 08:15:00+00:00,96579.53,0.585688,1,0
2024-12-04 08:30:00+00:00,96739.1,0.5544186,1,0
2024-12-04 08:45:00+00:00,96687.53,0.6800259,1,0
2024-12-04 09:00:00+00:00,96843.45,0.6151086,1,0
2024-12-04 09:15:00+00:00,96858.11,0.5177318,1,0
2024-12-04 09:30:00+00:00,96936.96,0.59716266,1,0
2024-12-04 09:45:00+00:00,96815.78,0.8293515,1,0
2024-12-04 10:00:00+00:00,96693.9,0.7897978,1,0
2024-12-04 10:15:00+00:00,96700.01,0.83473605,1,0
2024-12-04 10:30:00+00:00,96589.53,0.79365367,1,0
2024-12-04 10:45:00+00:00,96512.0,0.8047519,1,0
2024-12-04 11:00:00+00:00,96380.96,0.78250015,1,0
2024-12-04 11:15:00+00:00,96376.61,0.79502374,1,0
2024-12-04 11:30:00+00:00,96356.01,0.74372286,1,0
2024-12-04 11:45:00+00:00,96190.41,0.7050942,1,0
2024-12-04 12:00:00+00:00,96010.83,0.5162072,1,0
2024-12-04 12:15:00+00:00,95904.76,0.4966317,0,0
2024-12-04 12:30:00+00:00,95887.66,0.5726938,1,0
2024-12-04 12:45:00+00:00,95967.98,0.6194744,1,0
2024-12-04 13:00:00+00:00,95903.21,0.5865709,1,0
2024-12-04 13:15:00+00:00,95647.14,0.5989443,1,0
2024-12-04 13:30:00+00:00,95667.98,0.6013949,1,0
2024-12-04 13:45:00+00:00,95665.51,0.5302853,1,0
2024-12-04 14:00:00+00:00,95507.98,0.5333054,1,1
2024-12-04 14:15:00+00:00,95780.68,0.5380928,1,0
2024-12-04 14:30:00+00:00,96349.2,0.38829023,0,0
2024-12-04 14:45:00+00:00,95822.99,0.33413035,0,1
2024-12-04 15:00:00+00:00,96044.01,0.40096775,0,1
2024-12-04 15:15:00+00:00,96094.73,0.4071052,0,1
2024-12-04 15:30:00+00:00,95928.03,0.43735605,0,1
2024-12-04 15:45:00+00:00,95742.81,0.37435257,0,1
2024-12-04 16:00:00+00:00,95203.5,0.502741,1,1
2024-12-04 16:15:00+00:00,95004.01,0.5150798,1,1
2024-12-04 16:30:00+00:00,94855.67,0.51822037,1,1
2024-12-04 16:45:00+00:00,94847.81,0.5094501,1,1
2024-12-04 17:00:00+00:00,94808.81,0.45957842,0,1
2024-12-04 17:15:00+00:00,94996.99,0.5112915,1,1
2024-12-04 17:30:00+00:00,95168.47,0.512853,1,1
2024-12-04 17:45:00+00:00,95546.62,0.4340143,0,1
2024-12-04 18:00:00+00:00,95924.37,0.542797,1,1
2024-12-04 18:15:00+00:00,95753.49,0.49353823,0,1
2024-12-04 18:30:00+00:00,95948.0,0.45332515,0,1
2024-12-04 18:45:00+00:00,96111.01,0.24108075,0,1
2024-12-04 19:00:00+00:00,96190.39,0.21492063,0,1
2024-12-04 19:15:00+00:00,96660.0,0.17977986,0,1
2024-12-04 19:30:00+00:00,96795.93,0.22250944,0,1
2024-12-04 19:45:00+00:00,97209.64,0.2678754,0,1
2024-12-04 20:00:00+00:00,98031.43,0.3404471,0,1
2024-12-04 20:15:00+00:00,98031.62,0.32071224,0,1
2024-12-04 20:30:00+00:00,98806.32,0.37588257,0,0
2024-12-04 20:45:00+00:00,98747.97,0.39353523,0,0
2024-12-04 21:00:00+00:00,98188.0,0.4288281,0,0
2024-12-04 21:15:00+00:00,98511.98,0.39757156,0,0
2024-12-04 21:30:00+00:00,97822.01,0.22918148,0,1
2024-12-04 21:45:00+00:00,97691.11,0.21803786,0,1
2024-12-04 22:00:00+00:00,97961.05,0.22797896,0,1
2024-12-04 22:15:00+00:00,98400.0,0.26893684,0,1
2024-12-04 22:30:00+00:00,98339.88,0.27217522,0,1
2024-12-04 22:45:00+00:00,98174.61,0.2554198,0,1
2024-12-04 23:00:00+00:00,98760.01,0.263091,0,1
2024-12-04 23:15:00+00:00,98932.3,0.2252101,0,1
2024-12-04 23:30:00+00:00,98766.25,0.22912878,0,1
2024-12-04 23:45:00+00:00,98587.32,0.3378883,0,1
2024-12-05 00:00:00+00:00,98660.0,0.30804315,0,1
2024-12-05 00:15:00+00:00,98600.0,0.31810117,0,1
2024-12-05 00:30:00+00:00,98284.01,0.38750124,0,1
2024-12-05 00:45:00+00:00,98296.01,0.37272868,0,1
2024-12-05 01:00:00+00:00,97963.98,0.32486,0,1
2024-12-05 01:15:00+00:00,98382.85,0.29615507,0,1
2024-12-05 01:30:00+00:00,98487.57,0.30697706,0,1
2024-12-05 01:45:00+00:00,98179.14,0.43536964,0,1
2024-12-05 02:00:00+00:00,98399.99,0.41495946,0,1
2024-12-05 02:15:00+00:00,99209.32,0.2559287,0,1
2024-12-05 02:30:00+00:00,101312.02,0.2473481,0,1
2024-12-05 02:45:00+00:00,101248.19,0.17737752,0,1
2024-12-05 03:00:00+00:00,102919.99,0.27384484,0,0
2024-12-05 03:15:00+00:00,102800.0,0.30266413,0,0
2024-12-05 03:30:00+00:00,103221.49,0.29365778,0,0
2024-12-05 03:45:00+00:00,102964.0,0.32468674,0,0
2024-12-05 04:00:00+00:00,103212.01,0.36910573,0,0
2024-12-05 04:15:00+00:00,102723.99,0.3004354,0,0
2024-12-05 04:30:00+00:00,102628.0,0.3948511,0,0
2024-12-05 04:45:00+00:00,103339.96,0.38068718,0,0
2024-12-05 05:00:00+00:00,103108.01,0.36620915,0,0
2024-12-05 05:15:00+00:00,103387.58,0.5493719,1,0
2024-12-05 05:30:00+00:00,102100.0,0.341209,0,1
2024-12-05 05:45:00+00:00,102450.01,0.28744906,0,1
2024-12-05 06:00:00+00:00,101906.4,0.18881977,0,1
2024-12-05 06:15:00+00:00,101845.51,0.2180536,0,1
2024-12-05 06:30:00+00:00,101920.01,0.33294198,0,1
2024-12-05 06:45:00+00:00,101904.02,0.29554564,0,1
2024-12-05 07:00:00+00:00,101609.0,0.38813233,0,1
2024-12-05 07:15:00+00:00,102098.41,0.5380262,1,1
2024-12-05 07:30:00+00:00,102488.01,0.51433486,1,1
2024-12-05 07:45:00+00:00,102236.1,0.49030164,0,1
2024-12-05 08:00:00+00:00,102616.0,0.406612,0,1
2024-12-05 08:15:00+00:00,102690.23,0.45329213,0,1
2024-12-05 08:30:00+00:00,102535.26,0.47501525,0,1
2024-12-05 08:45:00+00:00,102764.0,0.5167081,1,1
2024-12-05 09:00:00+00:00,103056.01,0.32063538,0,0
2024-12-05 09:15:00+00:00,102792.05,0.28237876,0,1
2024-12-05 09:30:00+00:00,102668.01,0.26767978,0,1
2024-12-05 09:45:00+00:00,102698.24,0.28247955,0,1
2024-12-05 10:00:00+00:00,102856.0,0.32892486,0,0
2024-12-05 10:15:00+00:00,102761.55,0.31814206,0,0
2024-12-05 10:30:00+00:00,102525.64,0.32506445,0,1
2024-12-05 10:45:00+00:00,102280.62,0.2543179,0,1
2024-12-05 11:00:00+00:00,102375.46,0.29047504,0,1
2024-12-05 11:15:00+00:00,102391.97,0.33140203,0,0
2024-12-05 11:30:00+00:00,102579.99,0.32610157,0,0
2024-12-05 11:45:00+00:00,102566.91,0.38058087,0,0
2024-12-05 12:00:00+00:00,102807.97,0.3440097,0,0
2024-12-05 12:15:00+00:00,102822.21,0.5051613,1,0
2024-12-05 12:30:00+00:00,102943.98,0.5855853,1,0
2024-12-05 12:45:00+00:00,102846.15,0.38926494,0,0
2024-12-05 13:00:00+00:00,103008.04,0.34612814,0,0
2024-12-05 13:15:00+00:00,103060.0,0.34690598,0,0
2024-12-05 13:30:00+00:00,102889.99,0.41013104,0,0
2024-12-05 13:45:00+00:00,102753.9,0.38445175,0,0
2024-12-05 14:00:00+00:00,102756.01,0.3388842,0,0
2024-12-05 14:15:00+00:00,102610.61,0.36524773,0,0
2024-12-05 14:30:00+00:00,103236.02,0.21065113,0,0
2024-12-05 14:45:00+00:00,103507.99,0.27177858,0,0
2024-12-05 15:00:00+00:00,103512.6,0.28276846,0,0
2024-12-05 15:15:00+00:00,102097.78,0.41171837,0,0
2024-12-05 15:30:00+00:00,101368.02,0.43543687,0,0
2024-12-05 15:45:00+00:00,101292.01,0.39723068,0,0
2024-12-05 16:00:00+00:00,101453.99,0.4048192,0,0
2024-12-05 16:15:00+00:00,101272.01,0.4347538,0,0
2024-12-05 16:30:00+00:00,101176.47,0.43063214,0,0
2024-12-05 16:45:00+00:00,101037.51,0.37284756,0,0
2024-12-05 17:00:00+00:00,100654.31,0.34650594,0,0
2024-12-05 17:15:00+00:00,100803.99,0.3890763,0,0
2024-12-05 17:30:00+00:00,100956.68,0.40873137,0,0
2024-12-05 17:45:00+00:00,101282.36,0.43113923,0,0
2024-12-05 18:00:00+00:00,101264.49,0.44293898,0,0
2024-12-05 18:15:00+00:00,101076.0,0.37701908,0,0
2024-12-05 18:30:00+00:00,101164.01,0.41335997,0,0
2024-12-05 18:45:00+00:00,100179.24,0.43343413,0,0
2024-12-05 19:00:00+00:00,100560.01,0.46352246,0,0
2024-12-05 19:15:00+00:00,100568.89,0.44816563,0,0
2024-12-05 19:30:00+00:00,99735.99,0.44075963,0,0
2024-12-05 19:45:00+00:00,99028.0,0.43259558,0,0
2024-12-05 20:00:00+00:00,98583.95,0.47102317,0,0
2024-12-05 20:15:00+00:00,98313.83,0.43174338,0,0
2024-12-05 20:30:00+00:00,98959.99,0.44780657,0,0
2024-12-05 20:45:00+00:00,99072.84,0.3651227,0,0
2024-12-05 21:00:00+00:00,99416.66,0.3924289,0,0
2024-12-05 21:15:00+00:00,99217.39,0.38426593,0,0
2024-12-05 21:30:00+00:00,98995.34,0.38335952,0,0
2024-12-05 21:45:00+00:00,98908.02,0.3796416,0,0
2024-12-05 22:00:00+00:00,98535.32,0.37488928,0,0
2024-12-05 22:15:00+00:00,94115.9,0.6684359,1,1
2024-12-05 22:30:00+00:00,96211.68,0.6306859,1,1
2024-12-05 22:45:00+00:00,96589.04,0.5509734,1,1
2024-12-05 23:00:00+00:00,96296.02,0.51056296,1,1
2024-12-05 23:15:00+00:00,97112.02,0.3633147,0,1
2024-12-05 23:30:00+00:00,96383.74,0.345606,0,1
2024-12-05 23:45:00+00:00,96945.63,0.42198485,0,1
2024-12-06 00:00:00+00:00,96656.0,0.4129049,0,1
2024-12-06 00:15:00+00:00,96911.77,0.39108297,0,1
2024-12-06 00:30:00+00:00,97479.98,0.38435796,0,1
2024-12-06 00:45:00+00:00,97551.99,0.3808693,0,1
2024-12-06 01:00:00+00:00,97434.24,0.38799065,0,1
2024-12-06 01:15:00+00:00,97890.93,0.36528775,0,1
2024-12-06 01:30:00+00:00,98301.13,0.30703995,0,0
2024-12-06 01:45:00+00:00,98118.38,0.17051208,0,0
2024-12-06 02:00:00+00:00,97668.0,0.23028915,0,1
2024-12-06 02:15:00+00:00,97824.46,0.2429595,0,1
2024-12-06 02:30:00+00:00,97908.0,0.23126325,0,1
2024-12-06 02:45:00+00:00,97589.74,0.29265592,0,1
2024-12-06 03:00:00+00:00,97424.01,0.3121277,0,1
2024-12-06 03:15:00+00:00,97226.63,0.34020457,0,1
2024-12-06 03:30:00+00:00,97606.69,0.31688344,0,1
2024-12-06 03:45:00+00:00,97735.29,0.2851566,0,1
2024-12-06 04:00:00+00:00,97568.01,0.33760825,0,1
2024-12-06 04:15:00+00:00,97422.0,0.33075014,0,1
2024-12-06 04:30:00+00:00,97824.0,0.31606433,0,1
2024-12-06 04:45:00+00:00,97877.5,0.34014937,0,1
2024-12-06 05:00:00+00:00,98068.58,0.42145795,0,1
2024-12-06 05:15:00+00:00,98056.01,0.31587917,0,1
2024-12-06 05:30:00+00:00,97784.0,0.3041731,0,1
2024-12-06 05:45:00+00:00,97864.01,0.28939694,0,1
2024-12-06 06:00:00+00:00,97978.28,0.30635995,0,0
2024-12-06 06:15:00+00:00,98117.64,0.21790567,0,0
2024-12-06 06:30:00+00:00,97993.67,0.19095187,0,1
2024-12-06 06:45:00+00:00,98079.96,0.19348149,0,1
2024-12-06 07:00:00+00:00,97817.27,0.24832366,0,1
2024-12-06 07:15:00+00:00,97938.07,0.19755524,0,1
2024-12-06 07:30:00+00:00,97957.5,0.22037695,0,0
2024-12-06 07:45:00+00:00,98138.54,0.21006717,0,0
2024-12-06 08:00:00+00:00,98262.54,0.26406005,0,1
2024-12-06 08:15:00+00:00,98604.0,0.25676095,0,0
2024-12-06 08:30:00+00:00,98656.01,0.37300453,0,0
2024-12-06 08:45:00+00:00,98345.38,0.37869152,0,0
2024-12-06 09:00:00+00:00,98116.01,0.29160693,0,0
2024-12-06 09:15:00+00:00,98098.22,0.2589492,0,0
2024-12-06 09:30:00+00:00,98312.46,0.25267705,0,1
2024-12-06 09:45:00+00:00,98000.0,0.22820914,0,1
2024-12-06 10:00:00+00:00,97864.0,0.21499819,0,1
2024-12-06 10:15:00+00:00,97923.26,0.21097574,0,1
2024-12-06 10:30:00+00:00,98000.0,0.23808917,0,1
2024-12-06 10:45:00+00:00,98124.78,0.36181754,0,1
2024-12-06 11:00:00+00:00,98031.99,0.3980029,0,1
2024-12-06 11:15:00+00:00,97993.51,0.39171287,0,1
2024-12-06 11:30:00+00:00,97825.61,0.19974025,0,1
2024-12-06 11:45:00+00:00,98069.62,0.27082822,0,1
2024-12-06 12:00:00+00:00,98349.73,0.40345994,0,1
2024-12-06 12:15:00+00:00,98075.44,0.35516366,0,1
2024-12-06 12:30:00+00:00,97891.2,0.34504932,0,1
2024-12-06 12:45:00+00:00,97636.29,0.21746929,0,1
2024-12-06 13:00:00+00:00,97937.02,0.21458969,0,1
2024-12-06 13:15:00+00:00,98056.0,0.40635845,0,1
2024-12-06 13:30:00+00:00,98747.99,0.17515405,0,1
2024-12-06 13:45:00+00:00,98591.99,0.20424928,0,1
2024-12-06 14:00:00+00:00,98654.14,0.23078555,0,1
2024-12-06 14:15:00+00:00,99254.6,0.25093082,0,1
2024-12-06 14:30:00+00:00,98827.76,0.31722093,0,1
2024-12-06 14:45:00+00:00,99481.69,0.20974469,0,1
2024-12-06 15:00:00+00:00,98832.73,0.26107323,0,1
2024-12-06 15:15:00+00:00,99051.43,0.28968036,0,1
2024-12-06 15:30:00+00:00,99176.48,0.28206757,0,1
2024-12-06 15:45:00+00:00,99309.99,0.28117597,0,1
2024-12-06 16:00:00+00:00,99336.0,0.24864642,0,1
2024-12-06 16:15:00+00:00,99044.05,0.36860016,0,1
2024-12-06 16:30:00+00:00,98908.71,0.32587492,0,1
2024-12-06 16:45:00+00:00,99004.07,0.3506867,0,1
2024-12-06 17:00:00+00:00,99248.01,0.47528914,0,1
2024-12-06 17:15:00+00:00,99344.9,0.37339896,0,1
2024-12-06 17:30:00+00:00,100636.0,0.31778392,0,1
2024-12-06 17:45:00+00:00,100844.05,0.3275309,0,0
2024-12-06 18:00:00+00:00,101439.99,0.29430303,0,0
2024-12-06 18:15:00+00:00,101529.41,0.23247914,0,0
2024-12-06 18:30:00+00:00,100832.0,0.22672246,0,0
2024-12-06 18:45:00+00:00,101363.95,0.26573244,0,0
2024-12-06 19:00:00+00:00,101424.0,0.26431072,0,0
2024-12-06 19:15:00+00:00,101344.25,0.21297166,0,0
2024-12-06 19:30:00+00:00,101668.25,0.2483892,0,0
2024-12-06 19:45:00+00:00,101439.99,0.22426559,0,0
2024-12-06 20:00:00+00:00,101666.15,0.24005866,0,0
2024-12-06 20:15:00+00:00,101787.97,0.22677849,0,0
2024-12-06 20:30:00+00:00,101831.09,0.18795083,0,0
2024-12-06 20:45:00+00:00,101360.0,0.23633514,0,0
2024-12-06 21:00:00+00:00,101031.92,0.28450978,0,0
2024-12-06 21:15:00+00:00,101087.99,0.33825612,0,0
2024-12-06 21:30:00+00:00,100641.45,0.37115923,0,0
2024-12-06 21:45:00+00:00,100372.01,0.39248046,0,0
2024-12-06 22:00:00+00:00,100488.15,0.3762899,0,0
2024-12-06 22:15:00+00:00,100472.01,0.40394485,0,0
2024-12-06 22:30:00+00:00,100477.98,0.44110265,0,0
2024-12-06 22:45:00+00:00,100504.0,0.41910207,0,0
2024-12-06 23:00:00+00:00,100155.86,0.29981345,0,0
2024-12-06 23:15:00+00:00,99404.26,0.3456147,0,1
2024-12-06 23:30:00+00:00,99843.62,0.3377191,0,0
2024-12-06 23:45:00+00:00,99740.84,0.3392628,0,0
2024-12-07 00:00:00+00:00,100067.81,0.35499942,0,0
2024-12-07 00:15:00+00:00,100240.01,0.32155,0,0
2024-12-07 00:30:00+00:00,100337.99,0.3552711,0,0
2024-12-07 00:45:00+00:00,100272.01,0.33450946,0,0
2024-12-07 01:00:00+00:00,100178.49,0.32796296,0,0
2024-12-07 01:15:00+00:00,99936.08,0.3082127,0,0
2024-12-07 01:30:00+00:00,100109.98,0.4412922,0,0
2024-12-07 01:45:00+00:00,100044.31,0.41758808,0,0
2024-12-07 02:00:00+00:00,100085.08,0.454336,0,0
2024-12-07 02:15:00+00:00,100118.68,0.50563616,1,0
2024-12-07 02:30:00+00:00,100069.17,0.41526783,0,0
2024-12-07 02:45:00+00:00,99930.01,0.3532036,0,0
2024-12-07 03:00:00+00:00,99595.11,0.39588693,0,0
2024-12-07 03:15:00+00:00,99463.61,0.4979841,0,0
2024-12-07 03:30:00+00:00,99485.97,0.53453314,1,0
2024-12-07 03:45:00+00:00,99299.63,0.5403256,1,1
2024-12-07 04:00:00+00:00,99455.71,0.5542048,1,0
2024-12-07 04:15:00+00:00,99211.99,0.5650214,1,1
2024-12-07 04:30:00+00:00,99392.98,0.5510908,1,1
2024-12-07 04:45:00+00:00,99494.57,0.5436138,1,0
2024-12-07 05:00:00+00:00,99598.45,0.5641811,1,0
2024-12-07 05:15:00+00:00,99521.99,0.5597085,1,1
2024-12-07 05:30:00+00:00,99043.54,0.47973183,0,1
2024-12-07 05:45:00+00:00,99155.98,0.43568733,0,1
2024-12-07 06:00:00+00:00,99212.0,0.39349434,0,1
2024-12-07 06:15:00+00:00,99245.19,0.3912191,0,1
2024-12-07 06:30:00+00:00,99252.75,0.41782263,0,1
2024-12-07 06:45:00+00:00,99336.27,0.49072716,0,1
2024-12-07 07:00:00+00:00,99293.36,0.46172583,0,1
2024-12-07 07:15:00+00:00,99458.81,0.31924647,0,1
2024-12-07 07:30:00+00:00,99281.76,0.5735815,1,1
2024-12-07 07:45:00+00:00,99405.2,0.67412937,1,1
2024-12-07 08:00:00+00:00,99447.35,0.63693815,1,1
2024-12-07 08:15:00+00:00,99433.34,0.6664625,1,1
2024-12-07 08:30:00+00:00,99416.4,0.63301414,1,1
2024-12-07 08:45:00+00:00,99414.76,0.684418,1,1
2024-12-07 09:00:00+00:00,99545.33,0.5984361,1,0
2024-12-07 09:15:00+00:00,99802.65,0.52710235,1,0
2024-12-07 09:30:00+00:00,99524.01,0.48640293,0,0
2024-12-07 09:45:00+00:00,99676.48,0.47295755,0,0
2024-12-07 10:00:00+00:00,99631.93,0.5794494,1,0
2024-12-07 10:15:00+00:00,99597.59,0.5627379,1,0
2024-12-07 10:30:00+00:00,99488.88,0.6428739,1,1
2024-12-07 10:45:00+00:00,99529.5,0.6861918,1,0
2024-12-07 11:00:00+00:00,99427.5,0.7825594,1,1
2024-12-07 11:15:00+00:00,99512.44,0.80912465,1,0
2024-12-07 11:30:00+00:00,99750.0,0.73736477,1,0
2024-12-07 11:45:00+00:00,99620.0,0.8263022,1,1
2024-12-07 12:00:00+00:00,99665.99,0.7683567,1,0
2024-12-07 12:15:00+00:00,99612.14,0.79434735,1,0
2024-12-07 12:30:00+00:00,99529.99,0.83004725,1,1
2024-12-07 12:45:00+00:00,99426.87,0.7990695,1,1
2024-12-07 13:00:00+00:00,99342.3,0.7948962,1,1
2024-12-07 13:15:00+00:00,99414.0,0.77972555,1,1
2024-12-07 13:30:00+00:00,99347.51,0.7906319,1,1
2024-12-07 13:45:00+00:00,99350.0,0.79969615,1,1
2024-12-07 14:00:00+00:00,99178.0,0.7742052,1,1
2024-12-07 14:15:00+00:00,99287.9,0.77049595,1,1
2024-12-07 14:30:00+00:00,99579.44,0.76050377,1,1
2024-12-07 14:45:00+00:00,99465.3,0.7298072,1,1
2024-12-07 15:00:00+00:00,99524.02,0.75742847,1,1
2024-12-07 15:15:00+00:00,99502.02,0.7150117,1,1
2024-12-07 15:30:00+00:00,99679.95,0.62792575,1,1
2024-12-07 15:45:00+00:00,99756.01,0.5529437,1,1
2024-12-07 16:00:00+00:00,99574.19,0.56563646,1,1
2024-12-07 16:15:00+00:00,99568.44,0.5572979,1,1
2024-12-07 16:30:00+00:00,99728.01,0.46509615,0,1
2024-12-07 16:45:00+00:00,99621.56,0.5742518,1,1
2024-12-07 17:00:00+00:00,99524.0,0.6316824,1,1
2024-12-07 17:15:00+00:00,99601.99,0.54610735,1,1
2024-12-07 17:30:00+00:00,99550.58,0.4996637,0,1
2024-12-07 17:45:00+00:00,99631.97,0.4608409,0,1
2024-12-07 18:00:00+00:00,99712.47,0.62331223,1,1
2024-12-07 18:15:00+00:00,99711.99,0.6131457,1,1
2024-12-07 18:30:00+00:00,99980.0,0.6305159,1,0
2024-12-07 18:45:00+00:00,100123.32,0.5046367,1,0
2024-12-07 19:00:00+00:00,100167.0,0.69540906,1,0
2024-12-07 19:15:00+00:00,100178.62,0.6336234,1,0
2024-12-07 19:30:00+00:00,100182.77,0.55977416,1,0
2024-12-07 19:45:00+00:00,100077.45,0.59983826,1,0
2024-12-07 20:00:00+00:00,100239.99,0.6055651,1,0
2024-12-07 20:15:00+00:00,100184.82,0.53880614,1,0
2024-12-07 20:30:00+00:00,100231.05,0.6487303,1,0
2024-12-07 20:45:00+00:00,100313.57,0.61883295,1,0
2024-12-07 21:00:00+00:00,100256.0,0.5808127,1,0
2024-12-07 21:15:00+00:00,100009.55,0.5682562,1,1
2024-12-07 21:30:00+00:00,99771.98,0.52484864,1,1
2024-12-07 21:45:00+00:00,99869.8,0.5314338,1,0
2024-12-07 22:00:00+00:00,100028.1,0.5494774,1,0
2024-12-07 22:15:00+00:00,99879.99,0.6904114,1,1
2024-12-07 22:30:00+00:00,99735.85,0.7241053,1,1
2024-12-07 22:45:00+00:00,99595.11,0.6651152,1,1
2024-12-07 23:00:00+00:00,99893.6,0.67497724,1,1
2024-12-07 23:15:00+00:00,100006.27,0.68779355,1,1
2024-12-07 23:30:00+00:00,99904.95,0.5963423,1,1
2024-12-07 23:45:00+00:00,99831.99,0.59315073,1,1
2024-12-08 00:00:00+00:00,99786.01,0.6069785,1,1
2024-12-08 00:15:00+00:00,99860.81,0.61718714,1,0
2024-12-08 00:30:00+00:00,99875.99,0.627993,1,0
2024-12-08 00:45:00+00:00,99978.38,0.6696419,1,0
2024-12-08 01:00:00+00:00,100004.0,0.5557557,1,0
2024-12-08 01:15:00+00:00,100032.48,0.6069308,1,0
2024-12-08 01:30:00+00:00,99882.36,0.61036086,1,0
2024-12-08 01:45:00+00:00,99848.36,0.68266225,1,0
2024-12-08 02:00:00+00:00,99838.26,0.73897344,1,0
2024-12-08 02:15:00+00:00,100181.87,0.41146517,0,0
2024-12-08 02:30:00+00:00,100188.02,0.50462127,1,0
2024-12-08 02:45:00+00:00,100146.9,0.5749277,1,0
2024-12-08 03:00:00+00:00,100059.99,0.63638204,1,0
2024-12-08 03:15:00+00:00,100021.55,0.68617445,1,0
2024-12-08 03:30:00+00:00,100011.78,0.71278155,1,0
2024-12-08 03:45:00+00:00,99934.82,0.8057986,1,0
2024-12-08 04:00:00+00:00,100012.85,0.77135336,1,0
2024-12-08 04:15:00+00:00,99800.0,0.75851005,1,0
2024-12-08 04:30:00+00:00,99701.99,0.73959696,1,0
2024-12-08 04:45:00+00:00,99756.01,0.7637026,1,0
2024-12-08 05:00:00+00:00,99709.94,0.7687561,1,0
2024-12-08 05:15:00+00:00,99567.97,0.72993875,1,0
2024-12-08 05:30:00+00:00,99544.29,0.75729924,1,0
2024-12-08 05:45:00+00:00,99534.26,0.71275085,1,0
2024-12-08 06:00:00+00:00,99495.99,0.6594456,1,0
2024-12-08 06:15:00+00:00,99747.99,0.6870703,1,0
2024-12-08 06:30:00+00:00,99794.12,0.7091084,1,0
2024-12-08 06:45:00+00:00,99675.96,0.7099728,1,0
2024-12-08 07:00:00+00:00,99691.25,0.7576505,1,0
2024-12-08 07:15:00+00:00,99839.93,0.7390345,1,0
2024-12-08 07:30:00+00:00,99798.81,0.76330966,1,0
2024-12-08 07:45:00+00:00,99675.11,0.7463897,1,1
2024-12-08 08:00:00+00:00,99465.42,0.73004913,1,1
2024-12-08 08:15:00+00:00,99423.99,0.7248265,1,1
2024-12-08 08:30:00+00:00,99208.01,0.75805,1,1
2024-12-08 08:45:00+00:00,98980.01,0.7110198,1,1
2024-12-08 09:00:00+00:00,99169.82,0.49974948,0,1
2024-12-08 09:15:00+00:00,99283.99,0.5264395,1,1
2024-12-08 09:30:00+00:00,99052.94,0.4881525,0,1
2024-12-08 09:45:00+00:00,98884.02,0.41840446,0,1
2024-12-08 10:00:00+00:00,99407.58,0.440901,0,1
2024-12-08 10:15:00+00:00,99324.0,0.42971057,0,1
2024-12-08 10:30:00+00:00,99258.11,0.45530644,0,1
2024-12-08 10:45:00+00:00,99249.22,0.44230303,0,1
2024-12-08 11:00:00+00:00,99395.98,0.49385935,0,1
2024-12-08 11:15:00+00:00,99536.02,0.47032934,0,1
2024-12-08 11:30:00+00:00,99715.99,0.45469195,0,1
2024-12-08 11:45:00+00:00,99701.16,0.44344583,0,1
2024-12-08 12:00:00+00:00,99636.28,0.43159196,0,1
2024-12-08 12:15:00+00:00,99775.98,0.3980786,0,1
2024-12-08 12:30:00+00:00,99710.75,0.3835728,0,1
2024-12-08 12:45:00+00:00,99922.48,0.27642754,0,0
2024-12-08 13:00:00+00:00,100099.99,0.39758885,0,0
2024-12-08 13:15:00+00:00,100226.62,0.44511384,0,0
2024-12-08 13:30:00+00:00,100312.85,0.45114413,0,0
2024-12-08 13:45:00+00:00,100408.8,0.4497371,0,0
2024-12-08 14:00:00+00:00,100176.48,0.45890737,0,0
2024-12-08 14:15:00+00:00,100049.99,0.37216586,0,0
2024-12-08 14:30:00+00:00,100024.99,0.4716895,0,0
2024-12-08 14:45:00+00:00,99726.73,0.38019213,0,0
2024-12-08 15:00:00+00:00,99500.0,0.39215907,0,1
2024-12-08 15:15:00+00:00,99669.89,0.3234249,0,0
2024-12-08 15:30:00+00:00,99735.29,0.2887396,0,1
2024-12-08 15:45:00+00:00,99912.01,0.23974386,0,1
2024-12-08 16:00:00+00:00,99922.54,0.27663478,0,1
2024-12-08 16:15:00+00:00,99823.99,0.25633743,0,1
2024-12-08 16:30:00+00:00,99750.66,0.27074292,0,1
2024-12-08 16:45:00+00:00,99832.96,0.30045775,0,0
2024-12-08 17:00:00+00:00,99755.99,0.30921578,0,0
2024-12-08 17:15:00+00:00,99871.16,0.543097,1,1
2024-12-08 17:30:00+00:00,99814.77,0.59441674,1,1
2024-12-08 17:45:00+00:00,99943.98,0.59164286,1,1
2024-12-08 18:00:00+00:00,99924.0,0.54661894,1,1
2024-12-08 18:15:00+00:00,99660.0,0.50418466,1,1
2024-12-08 18:30:00+00:00,99804.47,0.522231,1,1
2024-12-08 18:45:00+00:00,99660.98,0.6240221,1,1
2024-12-08 19:00:00+00:00,99532.82,0.6076864,1,1
2024-12-08 19:15:00+00:00,99507.98,0.6950379,1,1
2024-12-08 19:30:00+00:00,99884.01,0.58941376,1,1
2024-12-08 19:45:00+00:00,100100.98,0.4574538,0,1
2024-12-08 20:00:00+00:00,100040.01,0.49376646,0,1
2024-12-08 20:15:00+00:00,99996.26,0.6217683,1,1
2024-12-08 20:30:00+00:00,99900.02,0.53461,1,0
2024-12-08 20:45:00+00:00,99800.01,0.7341007,1,0
2024-12-08 21:00:00+00:00,99744.41,0.7196117,1,0
2024-12-08 21:15:00+00:00,99991.98,0.6476762,1,0
2024-12-08 21:30:00+00:00,100004.38,0.7214463,1,0
2024-12-08 21:45:00+00:00,100026.97,0.64006007,1,0
2024-12-08 22:00:00+00:00,99957.01,0.7095455,1,0
2024-12-08 22:15:00+00:00,99996.01,0.6074466,1,0
2024-12-08 22:30:00+00:00,100030.0,0.55465233,1,0
2024-12-08 22:45:00+00:00,100220.01,0.536977,1,0
2024-12-08 23:00:00+00:00,100458.01,0.50226253,1,0
2024-12-08 23:15:00+00:00,100384.01,0.42435995,0,0
2024-12-08 23:30:00+00:00,100539.99,0.45962754,0,0
2024-12-08 23:45:00+00:00,101109.59,0.3877193,0,0
2024-12-09 00:00:00+00:00,100702.23,0.56647605,1,0
2024-12-09 00:15:00+00:00,100044.37,0.25643384,0,0
2024-12-09 00:30:00+00:00,99618.18,0.29844987,0,0
2024-12-09 00:45:00+00:00,99656.36,0.3007134,0,0
2024-12-09 01:00:00+00:00,99576.01,0.32018143,0,0
2024-12-09 01:15:00+00:00,99794.03,0.32607225,0,0
2024-12-09 01:30:00+00:00,99605.12,0.36371192,0,0
2024-12-09 01:45:00+00:00,99528.54,0.34368488,0,0
2024-12-09 02:00:00+00:00,99674.87,0.34338808,0,0
2024-12-09 02:15:00+00:00,99310.97,0.36099294,0,0
2024-12-09 02:30:00+00:00,99188.0,0.36220893,0,0
2024-12-09 02:45:00+00:00,99195.89,0.31414083,0,0
2024-12-09 03:00:00+00:00,99271.56,0.29313552,0,0
2024-12-09 03:15:00+00:00,99140.0,0.33005175,0,0
2024-12-09 03:30:00+00:00,98992.04,0.27920482,0,1
2024-12-09 03:45:00+00:00,99090.84,0.30282682,0,1
2024-12-09 04:00:00+00:00,99211.99,0.2754485,0,1
2024-12-09 04:15:00+00:00,99119.54,0.29123986,0,1
2024-12-09 04:30:00+00:00,99329.45,0.29456273,0,1
2024-12-09 04:45:00+00:00,99427.99,0.34438092,0,0
2024-12-09 05:00:00+00:00,99434.71,0.3198749,0,0
2024-12-09 05:15:00+00:00,99489.95,0.53480524,1,0
2024-12-09 05:30:00+00:00,99496.0,0.5327136,1,0
2024-12-09 05:45:00+00:00,99435.87,0.657466,1,0
2024-12-09 06:00:00+00:00,99265.46,0.63756895,1,0
2024-12-09 06:15:00+00:00,98989.61,0.600284,1,0
2024-12-09 06:30:00+00:00,99172.51,0.6242462,1,0
2024-12-09 06:45:00+00:00,99044.64,0.61255515,1,0
2024-12-09 07:00:00+00:00,98572.0,0.44565117,0,0
2024-12-09 07:15:00+00:00,98731.26,0.2938897,0,0
2024-12-09 07:30:00+00:00,99440.0,0.25601906,0,0
2024-12-09 07:45:00+00:00,99576.51,0.34158403,0,0
2024-12-09 08:00:00+00:00,99607.25,0.2871931,0,0
2024-12-09 08:15:00+00:00,99389.64,0.2754659,0,0
2024-12-09 08:30:00+00:00,99449.47,0.24546026,0,0
2024-12-09 08:45:00+00:00,98901.15,0.30194414,0,0
2024-12-09 09:00:00+00:00,99014.34,0.35586315,0,0
2024-12-09 09:15:00+00:00,98575.26,0.43298754,0,1
2024-12-09 09:30:00+00:00,98657.98,0.42449048,0,1
2024-12-09 09:45:00+00:00,98406.08,0.37683067,0,1
2024-12-09 10:00:00+00:00,98493.29,0.36872435,0,1
2024-12-09 10:15:00+00:00,98362.93,0.40308815,0,1
2024-12-09 10:30:00+00:00,98527.17,0.37763798,0,1
2024-12-09 10:45:00+00:00,98714.52,0.35289213,0,1
2024-12-09 11:00:00+00:00,98384.0,0.46284926,0,1
2024-12-09 11:15:00+00:00,98300.0,0.46703562,0,0
2024-12-09 11:30:00+00:00,98115.55,0.43786395,0,0
2024-12-09 11:45:00+00:00,98088.47,0.41790098,0,0
2024-12-09 12:00:00+00:00,98291.18,0.3220239,0,0
2024-12-09 12:15:00+00:00,98537.05,0.30205953,0,0
2024-12-09 12:30:00+00:00,98400.0,0.3488687,0,0
2024-12-09 12:45:00+00:00,98601.05,0.34146327,0,0
2024-12-09 13:00:00+00:00,98352.0,0.33066338,0,0
2024-12-09 13:15:00+00:00,99092.95,0.28414497,0,0
2024-12-09 13:30:00+00:00,99019.99,0.2802666,0,0
2024-12-09 13:45:00+00:00,99004.03,0.3062916,0,0
2024-12-09 14:00:00+00:00,99179.99,0.34136593,0,0
2024-12-09 14:15:00+00:00,99051.99,0.34361753,0,0
2024-12-09 14:30:00+00:00,99613.75,0.2803432,0,0
2024-12-09 14:45:00+00:00,100156.26,0.24862483,0,0
2024-12-09 15:00:00+00:00,99408.01,0.22911166,0,0
2024-12-09 15:15:00+00:00,98283.72,0.25804323,0,0
2024-12-09 15:30:00+00:00,97847.96,0.30299655,0,0
2024-12-09 15:45:00+00:00,97812.0,0.3109333,0,0
2024-12-09 16:00:00+00:00,98116.0,0.3253567,0,0
2024-12-09 16:15:00+00:00,98180.01,0.31944212,0,0
2024-12-09 16:30:00+00:00,98143.99,0.3697475,0,0
2024-12-09 16:45:00+00:00,97844.06,0.35450116,0,0
2024-12-09 17:00:00+00:00,98202.66,0.3854282,0,0
2024-12-09 17:15:00+00:00,97835.04,0.47948796,0,0
2024-12-09 17:30:00+00:00,97622.85,0.4427765,0,0
2024-12-09 17:45:00+00:00,97368.04,0.42038417,0,0
2024-12-09 18:00:00+00:00,97823.44,0.43700555,0,0
2024-12-09 18:15:00+00:00,98227.77,0.4264462,0,0
2024-12-09 18:30:00+00:00,97960.35,0.44665518,0,0
2024-12-09 18:45:00+00:00,97776.66,0.43704334,0,0
2024-12-09 19:00:00+00:00,97371.06,0.33741054,0,0
2024-12-09 19:15:00+00:00,97617.15,0.3672009,0,0
2024-12-09 19:30:00+00:00,97172.42,0.35480344,0,1
2024-12-09 19:45:00+00:00,97070.32,0.358714,0,1
2024-12-09 20:00:00+00:00,96946.72,0.4577444,0,1
2024-12-09 20:15:00+00:00,96588.0,0.4542064,0,1
2024-12-09 20:30:00+00:00,96886.09,0.38907486,0,1
2024-12-09 20:45:00+00:00,96252.01,0.45361987,0,1
2024-12-09 21:00:00+00:00,96544.0,0.5236346,1,1
2024-12-09 21:15:00+00:00,96800.0,0.45624766,0,1
2024-12-09 21:30:00+00:00,96991.99,0.43371937,0,1
2024-12-09 21:45:00+00:00,96892.0,0.43985593,0,1
2024-12-09 22:00:00+00:00,96888.01,0.5037588,1,1
2024-12-09 22:15:00+00:00,97124.01,0.54967237,1,1
2024-12-09 22:30:00+00:00,96474.65,0.6254097,1,1
2024-12-09 22:45:00+00:00,96984.01,0.64293915,1,0
2024-12-09 23:00:00+00:00,97293.09,0.61213547,1,0
2024-12-09 23:15:00+00:00,97425.2,0.6789635,1,0
2024-12-09 23:30:00+00:00,97430.01,0.6700702,1,0
2024-12-09 23:45:00+00:00,97276.47,0.6914899,1,0
2024-12-10 00:00:00+00:00,97297.17,0.70467186,1,0
2024-12-10 00:15:00+00:00,97573.03,0.71382517,1,0
2024-12-10 00:30:00+00:00,97887.35,0.57293385,1,0
2024-12-10 00:45:00+00:00,97867.91,0.55799925,1,0
2024-12-10 01:00:00+00:00,97620.53,0.60566187,1,0
2024-12-10 01:15:00+00:00,97982.52,0.5546813,1,0
2024-12-10 01:30:00+00:00,97775.64,0.44812933,0,0
2024-12-10 01:45:00+00:00,97946.0,0.35054514,0,0
2024-12-10 02:00:00+00:00,97791.84,0.3371304,0,0
2024-12-10 02:15:00+00:00,97436.71,0.37452164,0,0
2024-12-10 02:30:00+00:00,97399.78,0.34528172,0,0
2024-12-10 02:45:00+00:00,96660.01,0.39648476,0,1
2024-12-10 03:00:00+00:00,96059.99,0.3678489,0,1
2024-12-10 03:15:00+00:00,95957.5,0.3855841,0,1
2024-12-10 03:30:00+00:00,96610.0,0.42072967,0,1
2024-12-10 03:45:00+00:00,96931.99,0.40725034,0,1
2024-12-10 04:00:00+00:00,96348.47,0.45764893,0,1
2024-12-10 04:15:00+00:00,96469.55,0.477329,0,1
2024-12-10 04:30:00+00:00,97038.79,0.4846183,0,1
2024-12-10 04:45:00+00:00,97031.97,0.43282288,0,1
2024-12-10 05:00:00+00:00,96823.61,0.47483236,0,1
2024-12-10 05:15:00+00:00,96609.71,0.4777597,0,1
2024-12-10 05:30:00+00:00,96728.68,0.46392816,0,1
2024-12-10 05:45:00+00:00,96941.99,0.46678093,0,1
2024-12-10 06:00:00+00:00,97016.04,0.4303471,0,1
2024-12-10 06:15:00+00:00,97240.41,0.45018807,0,1
2024-12-10 06:30:00+00:00,97157.57,0.32450092,0,1
2024-12-10 06:45:00+00:00,97464.6,0.33575544,0,1
2024-12-10 07:00:00+00:00,97110.97,0.31402218,0,1
2024-12-10 07:15:00+00:00,97029.42,0.318153,0,1
2024-12-10 07:30:00+00:00,97051.81,0.32674488,0,1
2024-12-10 07:45:00+00:00,97196.44,0.3021449,0,1
2024-12-10 08:00:00+00:00,97017.41,0.34664002,0,1
2024-12-10 08:15:00+00:00,97302.11,0.2689588,0,0
2024-12-10 08:30:00+00:00,97267.99,0.25617173,0,0
2024-12-10 08:45:00+00:00,97385.72,0.30909094,0,0
2024-12-10 09:00:00+00:00,97639.98,0.26400617,0,0
2024-12-10 09:15:00+00:00,97423.0,0.23324427,0,1
2024-12-10 09:30:00+00:00,97271.24,0.23564638,0,1
2024-12-10 09:45:00+00:00,97489.1,0.28570235,0,1
2024-12-10 10:00:00+00:00,97715.68,0.29857555,0,0
2024-12-10 10:15:00+00:00,97614.43,0.27302805,0,1
2024-12-10 10:30:00+00:00,97732.01,0.34689602,0,1
2024-12-10 10:45:00+00:00,97687.5,0.3382496,0,1
2024-12-10 11:00:00+00:00,97688.01,0.33428162,0,0
2024-12-10 11:15:00+00:00,97715.99,0.3294769,0,0
2024-12-10 11:30:00+00:00,97585.7,0.28273347,0,0
2024-12-10 11:45:00+00:00,97722.52,0.34747,0,0
2024-12-10 12:00:00+00:00,97512.36,0.2871991,0,0
2024-12-10 12:15:00+00:00,97255.9,0.28854254,0,0
2024-12-10 12:30:00+00:00,97113.33,0.45041803,0,0
2024-12-10 12:45:00+00:00,97161.5,0.27460644,0,0
2024-12-10 13:00:00+00:00,97629.05,0.3106756,0,0
2024-12-10 13:15:00+00:00,97460.01,0.37742245,0,0
2024-12-10 13:30:00+00:00,97770.81,0.38848042,0,0
2024-12-10 13:45:00+00:00,97738.36,0.37690675,0,0
2024-12-10 14:00:00+00:00,97708.01,0.3925168,0,0
2024-12-10 14:15:00+00:00,98015.97,0.29997835,0,0
2024-12-10 14:30:00+00:00,98000.01,0.28754926,0,0
2024-12-10 14:45:00+00:00,97820.01,0.26700807,0,0
2024-12-10 15:00:00+00:00,97647.99,0.29617444,0,0
2024-12-10 15:15:00+00:00,96812.24,0.4630324,0,0
2024-12-10 15:30:00+00:00,96515.99,0.46369377,0,0
2024-12-10 15:45:00+00:00,95658.79,0.41484877,0,1
2024-12-10 16:00:00+00:00,95810.6,0.43632954,0,1
2024-12-10 16:15:00+00:00,95367.99,0.43334806,0,1
2024-12-10 16:30:00+00:00,94596.88,0.37571874,0,1
2024-12-10 16:45:00+00:00,96319.77,0.37111664,0,1
2024-12-10 17:00:00+00:00,95271.23,0.393337,0,1
2024-12-10 17:15:00+00:00,94595.67,0.37032154,0,1
2024-12-10 17:30:00+00:00,94856.02,0.37057576,0,1
2024-12-10 17:45:00+00:00,94484.01,0.37900963,0,1
2024-12-10 18:00:00+00:00,94561.46,0.33928815,0,1
2024-12-10 18:15:00+00:00,94998.63,0.33818817,0,1
2024-12-10 18:30:00+00:00,95339.7,0.36232588,0,1
2024-12-10 18:45:00+00:00,95132.03,0.31802893,0,1
2024-12-10 19:00:00+00:00,95639.85,0.2806905,0,1
2024-12-10 19:15:00+00:00,95901.91,0.27649415,0,1
2024-12-10 19:30:00+00:00,95988.0,0.27569798,0,1
2024-12-10 19:45:00+00:00,95856.5,0.31026113,0,1
2024-12-10 20:00:00+00:00,95937.88,0.36073697,0,1
2024-12-10 20:15:00+00:00,96442.33,0.43982056,0,0
2024-12-10 20:30:00+00:00,96383.56,0.3185528,0,0
2024-12-10 20:45:00+00:00,96434.76,0.30789065,0,0
2024-12-10 21:00:00+00:00,96705.89,0.32084063,0,0
2024-12-10 21:15:00+00:00,96936.41,0.32907158,0,0
2024-12-10 21:30:00+00:00,96675.68,0.31195086,0,0
2024-12-10 21:45:00+00:00,96858.0,0.35971504,0,0
2024-12-10 22:00:00+00:00,96796.51,0.35915396,0,0
2024-12-10 22:15:00+00:00,96810.12,0.29131377,0,0
2024-12-10 22:30:00+00:00,96713.81,0.3158185,0,1
2024-12-10 22:45:00+00:00,96849.44,0.3070152,0,1
2024-12-10 23:00:00+00:00,96816.0,0.3026328,0,1
2024-12-10 23:15:00+00:00,96984.04,0.33206815,0,1
2024-12-10 23:30:00+00:00,96669.91,0.2724597,0,1
2024-12-10 23:45:00+00:00,96593.0,0.34176806,0,1
2024-12-11 00:00:00+00:00,96756.04,0.35871574,0,1
2024-12-11 00:15:00+00:00,96297.01,0.34311256,0,1
2024-12-11 00:30:00+00:00,95908.0,0.30601498,0,1
2024-12-11 00:45:00+00:00,96412.61,0.4264541,0,1
2024-12-11 01:00:00+00:00,96204.01,0.39675987,0,1
2024-12-11 01:15:00+00:00,95904.3,0.4567753,0,1
2024-12-11 01:30:00+00:00,96058.63,0.4073548,0,1
2024-12-11 01:45:00+00:00,95752.02,0.45496202,0,1
2024-12-11 02:00:00+00:00,95963.82,0.46784434,0,1
2024-12-11 02:15:00+00:00,96312.54,0.52243406,1,1
2024-12-11 02:30:00+00:00,97330.66,0.38114,0,1
2024-12-11 02:45:00+00:00,97207.29,0.3668486,0,1
2024-12-11 03:00:00+00:00,97299.07,0.27248716,0,1
2024-12-11 03:15:00+00:00,97304.1,0.3026295,0,1
2024-12-11 03:30:00+00:00,97472.0,0.30746534,0,0
2024-12-11 03:45:00+00:00,97398.43,0.2743218,0,0
2024-12-11 04:00:00+00:00,97257.56,0.27888608,0,1
2024-12-11 04:15:00+00:00,97321.68,0.21636453,0,1
2024-12-11 04:30:00+00:00,97296.0,0.20745203,0,1
2024-12-11 04:45:00+00:00,97546.96,0.22597662,0,1
2024-12-11 05:00:00+00:00,97397.32,0.21223558,0,1
2024-12-11 05:15:00+00:00,97384.95,0.26692018,0,1
2024-12-11 05:30:00+00:00,97558.8,0.27712345,0,1
2024-12-11 05:45:00+00:00,97495.19,0.34254977,0,1
2024-12-11 06:00:00+00:00,97707.87,0.3244749,0,1
2024-12-11 06:15:00+00:00,97675.92,0.38039795,0,1
2024-12-11 06:30:00+00:00,97640.0,0.45925215,0,1
2024-12-11 06:45:00+00:00,97689.57,0.5463928,1,1
2024-12-11 07:00:00+00:00,97596.75,0.4916625,0,1
2024-12-11 07:15:00+00:00,97588.84,0.6982569,1,1
2024-12-11 07:30:00+00:00,97429.8,0.66450673,1,1
2024-12-11 07:45:00+00:00,97334.6,0.6260215,1,1
2024-12-11 08:00:00+00:00,97816.0,0.49359125,0,1
2024-12-11 08:15:00+00:00,97954.31,0.5065158,1,1
2024-12-11 08:30:00+00:00,98458.41,0.4887974,0,0
2024-12-11 08:45:00+00:00,98109.9,0.42422602,0,1
2024-12-11 09:00:00+00:00,97883.18,0.4217568,0,1
2024-12-11 09:15:00+00:00,97830.9,0.39202118,0,1
2024-12-11 09:30:00+00:00,97837.19,0.36398312,0,1
2024-12-11 09:45:00+00:00,97999.99,0.37626526,0,1
2024-12-11 10:00:00+00:00,98036.99,0.426717,0,1
2024-12-11 10:15:00+00:00,97999.36,0.38023806,0,1
2024-12-11 10:30:00+00:00,98007.09,0.4004609,0,1
2024-12-11 10:45:00+00:00,98214.29,0.3499788,0,1
2024-12-11 11:00:00+00:00,98261.79,0.444055,0,1
2024-12-11 11:15:00+00:00,98450.0,0.4419618,0,1
2024-12-11 11:30:00+00:00,98176.62,0.5049759,1,1
2024-12-11 11:45:00+00:00,98292.61,0.512429,1,1
2024-12-11 12:00:00+00:00,98272.0,0.50175256,1,1
2024-12-11 12:15:00+00:00,98348.91,0.6778652,1,1
2024-12-11 12:30:00+00:00,98324.0,0.5924875,1,1
2024-12-11 12:45:00+00:00,98236.0,0.6662747,1,1
2024-12-11 13:00:00+00:00,98212.56,0.67326605,1,1
2024-12-11 13:15:00+00:00,98375.99,0.62202907,1,1
2024-12-11 13:30:00+00:00,98634.25,0.39410472,0,1
2024-12-11 13:45:00+00:00,98736.86,0.3155981,0,1
2024-12-11 14:00:00+00:00,98576.97,0.33367506,0,1
2024-12-11 14:15:00+00:00,98668.49,0.26864657,0,1
2024-12-11 14:30:00+00:00,98974.89,0.22105193,0,1
2024-12-11 14:45:00+00:00,99515.98,0.2680067,0,1
2024-12-11 15:00:00+00:00,99864.0,0.26696736,0,1
2024-12-11 15:15:00+00:00,100486.09,0.3061859,0,1
2024-12-11 15:30:00+00:00,100229.02,0.24407017,0,1
2024-12-11 15:45:00+00:00,100361.64,0.23865433,0,1
2024-12-11 16:00:00+00:00,100590.39,0.25669417,0,1
2024-12-11 16:15:00+00:00,101036.65,0.3798382,0,1
2024-12-11 16:30:00+00:00,100500.0,0.43110955,0,1
2024-12-11 16:45:00+00:00,100575.99,0.41157898,0,1
2024-12-11 17:00:00+00:00,100824.04,0.3945287,0,1
2024-12-11 17:15:00+00:00,100507.09,0.3565904,0,1
2024-12-11 17:30:00+00:00,100256.01,0.2450469,0,1
2024-12-11 17:45:00+00:00,99781.9,0.24682534,0,1
2024-12-11 18:00:00+00:00,99868.01,0.26926252,0,1
2024-12-11 18:15:00+00:00,100416.39,0.25452456,0,1
2024-12-11 18:30:00+00:00,100600.69,0.29981446,0,1
2024-12-11 18:45:00+00:00,100388.71,0.29972294,0,1
2024-12-11 19:00:00+00:00,100564.83,0.32169968,0,1
2024-12-11 19:15:00+00:00,100773.24,0.425595,0,1
2024-12-11 19:30:00+00:00,101022.16,0.41594675,0,1
2024-12-11 19:45:00+00:00,101122.71,0.34073097,0,1
2024-12-11 20:00:00+00:00,101182.05,0.28928903,0,0
2024-12-11 20:15:00+00:00,101346.05,0.277837,0,0
2024-12-11 20:30:00+00:00,101588.99,0.28018534,0,0
2024-12-11 20:45:00+00:00,101271.56,0.25893384,0,0
2024-12-11 21:00:00+00:00,100950.82,0.32358867,0,0
2024-12-11 21:15:00+00:00,100959.41,0.28750494,0,0
2024-12-11 21:30:00+00:00,101356.0,0.30579472,0,0
2024-12-11 21:45:00+00:00,101520.12,0.24129891,0,0
2024-12-11 22:00:00+00:00,101537.36,0.27677986,0,0
2024-12-11 22:15:00+00:00,101510.71,0.2494329,0,0
2024-12-11 22:30:00+00:00,101263.99,0.29752868,0,0
2024-12-11 22:45:00+00:00,101209.74,0.3452875,0,1
2024-12-11 23:00:00+00:00,101400.14,0.37496823,0,0
2024-12-11 23:15:00+00:00,101285.71,0.38103247,0,1
2024-12-11 23:30:00+00:00,101257.86,0.43275216,0,0
2024-12-11 23:45:00+00:00,101125.0,0.36299524,0,0
2024-12-12 00:00:00+00:00,101058.82,0.5152436,1,0
2024-12-12 00:15:00+00:00,100859.95,0.65550256,1,1
2024-12-12 00:30:00+00:00,100763.64,0.5700867,1,1
2024-12-12 00:45:00+00:00,100772.46,0.39225137,0,0
2024-12-12 01:00:00+00:00,100711.01,0.41188216,0,1
2024-12-12 01:15:00+00:00,100786.0,0.35604006,0,1
2024-12-12 01:30:00+00:00,100539.86,0.46087095,0,1
2024-12-12 01:45:00+00:00,100496.3,0.48616293,0,1
2024-12-12 02:00:00+00:00,100598.26,0.46856517,0,0
2024-12-12 02:15:00+00:00,100780.8,0.49589455,0,0
2024-12-12 02:30:00+00:00,100850.01,0.47054124,0,0
2024-12-12 02:45:00+00:00,101824.76,0.39604154,0,0
2024-12-12 03:00:00+00:00,101335.63,0.28221488,0,0
2024-12-12 03:15:00+00:00,101493.07,0.28256294,0,0
2024-12-12 03:30:00+00:00,101083.25,0.26613444,0,0
2024-12-12 03:45:00+00:00,101025.87,0.26588657,0,0
2024-12-12 04:00:00+00:00,100900.03,0.2628138,0,0
2024-12-12 04:15:00+00:00,100883.94,0.29289496,0,0
2024-12-12 04:30:00+00:00,100836.45,0.28944334,0,1
2024-12-12 04:45:00+00:00,100675.7,0.2779295,0,1
2024-12-12 05:00:00+00:00,100760.0,0.26896718,0,1
2024-12-12 05:15:00+00:00,100922.79,0.27460152,0,1
2024-12-12 05:30:00+00:00,100879.99,0.25763965,0,1
2024-12-12 05:45:00+00:00,100618.86,0.2869307,0,1
2024-12-12 06:00:00+00:00,100529.26,0.28083095,0,1
2024-12-12 06:15:00+00:00,100639.99,0.38075277,0,1
2024-12-12 06:30:00+00:00,100551.76,0.4510823,0,1
2024-12-12 06:45:00+00:00,100584.37,0.4786117,0,0
2024-12-12 07:00:00+00:00,100597.63,0.5396823,1,0
2024-12-12 07:15:00+00:00,100780.01,0.48393267,0,0
2024-12-12 07:30:00+00:00,100558.82,0.49721926,0,0
2024-12-12 07:45:00+00:00,100499.99,0.48069543,0,0
2024-12-12 08:00:00+00:00,100600.0,0.42770347,0,0
2024-12-12 08:15:00+00:00,100853.54,0.52237314,1,0
2024-12-12 08:30:00+00:00,100911.77,0.51910573,1,0
2024-12-12 08:45:00+00:00,100980.0,0.6608794,1,0
2024-12-12 09:00:00+00:00,101002.83,0.6687253,1,0
2024-12-12 09:15:00+00:00,100995.43,0.6962082,1,1
2024-12-12 09:30:00+00:00,100885.68,0.6320229,1,1
2024-12-12 09:45:00+00:00,100814.07,0.65921944,1,1
2024-12-12 10:00:00+00:00,100547.99,0.72712475,1,1
2024-12-12 10:15:00+00:00,100707.98,0.69964415,1,1
2024-12-12 10:30:00+00:00,100676.47,0.7546851,1,1
2024-12-12 10:45:00+00:00,100579.44,0.74563074,1,1
2024-12-12 11:00:00+00:00,100230.88,0.6665708,1,1
2024-12-12 11:15:00+00:00,100453.2,0.6152887,1,1
2024-12-12 11:30:00+00:00,100287.26,0.6194824,1,1
2024-12-12 11:45:00+00:00,100358.42,0.6673516,1,1
2024-12-12 12:00:00+00:00,100556.01,0.6472938,1,1
2024-12-12 12:15:00+00:00,100712.78,0.61679834,1,1
2024-12-12 12:30:00+00:00,100795.63,0.620579,1,1
2024-12-12 12:45:00+00:00,100828.0,0.52144617,1,1
2024-12-12 13:00:00+00:00,100861.11,0.63133115,1,1
2024-12-12 13:15:00+00:00,101254.06,0.34225968,0,1
2024-12-12 13:30:00+00:00,101028.64,0.23466444,0,1
2024-12-12 13:45:00+00:00,100911.99,0.23521748,0,1
2024-12-12 14:00:00+00:00,101000.01,0.2254818,0,1
2024-12-12 14:15:00+00:00,101411.77,0.26831794,0,1
2024-12-12 14:30:00+00:00,101268.01,0.24806283,0,0
2024-12-12 14:45:00+00:00,101702.04,0.2666414,0,0
2024-12-12 15:00:00+00:00,100814.59,0.2982711,0,0
2024-12-12 15:15:00+00:00,101499.99,0.35345593,0,0
2024-12-12 15:30:00+00:00,101691.99,0.3691757,0,0
2024-12-12 15:45:00+00:00,101797.14,0.3618941,0,0
2024-12-12 16:00:00+00:00,102346.98,0.22588263,0,0
2024-12-12 16:15:00+00:00,101857.56,0.24924596,0,0
2024-12-12 16:30:00+00:00,102020.0,0.2870149,0,0
2024-12-12 16:45:00+00:00,101462.49,0.364949,0,0
2024-12-12 17:00:00+00:00,101571.99,0.4221386,0,0
2024-12-12 17:15:00+00:00,101532.17,0.45149794,0,0
2024-12-12 17:30:00+00:00,101460.0,0.45770717,0,0
2024-12-12 17:45:00+00:00,101617.65,0.47807643,0,0
2024-12-12 18:00:00+00:00,101479.58,0.48687235,0,0
2024-12-12 18:15:00+00:00,101613.37,0.4387126,0,0
2024-12-12 18:30:00+00:00,101228.0,0.47322705,0,0
2024-12-12 18:45:00+00:00,100857.59,0.4564214,0,0
2024-12-12 19:00:00+00:00,100772.73,0.41257602,0,0
2024-12-12 19:15:00+00:00,99932.01,0.4313303,0,1
2024-12-12 19:30:00+00:00,99472.0,0.39236343,0,1
2024-12-12 19:45:00+00:00,99481.32,0.4090036,0,1
2024-12-12 20:00:00+00:00,99832.01,0.448737,0,1
2024-12-12 20:15:00+00:00,99568.38,0.36933953,0,1
2024-12-12 20:30:00+00:00,100248.0,0.44669357,0,1
2024-12-12 20:45:00+00:00,100028.01,0.3933777,0,1
2024-12-12 21:00:00+00:00,99763.98,0.4243175,0,1
2024-12-12 21:15:00+00:00,100046.97,0.47141752,0,0
2024-12-12 21:30:00+00:00,99824.96,0.47875953,0,0
2024-12-12 21:45:00+00:00,99760.01,0.47116274,0,0
2024-12-12 22:00:00+00:00,99631.13,0.3999383,0,0
2024-12-12 22:15:00+00:00,99942.62,0.43205842,0,0
2024-12-12 22:30:00+00:00,100418.32,0.4154131,0,0
2024-12-12 22:45:00+00:00,100444.0,0.3546487,0,0
2024-12-12 23:00:00+00:00,100259.35,0.31770217,0,0
2024-12-12 23:15:00+00:00,100085.84,0.3991671,0,0
2024-12-12 23:30:00+00:00,100052.01,0.35951254,0,0
2024-12-12 23:45:00+00:00,100004.29,0.41062275,0,0
2024-12-13 00:00:00+00:00,100003.98,0.32834005,0,0
2024-12-13 00:15:00+00:00,100248.04,0.34317768,0,0
2024-12-13 00:30:00+00:00,100296.02,0.29526997,0,0
2024-12-13 00:45:00+00:00,100083.21,0.20669308,0,0
2024-12-13 01:00:00+00:00,100030.62,0.21058889,0,1
2024-12-13 01:15:00+00:00,99579.23,0.267995,0,1
2024-12-13 01:30:00+00:00,99526.22,0.2548069,0,1
2024-12-13 01:45:00+00:00,99323.94,0.4075847,0,1
2024-12-13 02:00:00+00:00,99344.0,0.47402874,0,1
2024-12-13 02:15:00+00:00,99362.5,0.44617492,0,1
2024-12-13 02:30:00+00:00,99615.35,0.418236,0,1
2024-12-13 02:45:00+00:00,99484.99,0.4769349,0,1
2024-12-13 03:00:00+00:00,99636.38,0.38727853,0,1
2024-12-13 03:15:00+00:00,99580.0,0.41889086,0,1
2024-12-13 03:30:00+00:00,99703.55,0.48725188,0,1
2024-12-13 03:45:00+00:00,99729.09,0.47689664,0,1
2024-12-13 04:00:00+00:00,99813.07,0.457326,0,1
2024-12-13 04:15:00+00:00,99864.46,0.48942664,0,1
2024-12-13 04:30:00+00:00,99900.5,0.3834713,0,1
2024-12-13 04:45:00+00:00,100000.46,0.37286314,0,1
2024-12-13 05:00:00+00:00,100078.34,0.4982448,0,1
2024-12-13 05:15:00+00:00,99949.95,0.50923544,1,1
2024-12-13 05:30:00+00:00,99901.35,0.61072284,1,1
2024-12-13 05:45:00+00:00,99890.0,0.62521964,1,1
2024-12-13 06:00:00+00:00,100006.56,0.60768735,1,1
2024-12-13 06:15:00+00:00,100023.88,0.62850803,1,0
2024-12-13 06:30:00+00:00,99921.56,0.5574747,1,1
2024-12-13 06:45:00+00:00,99700.0,0.73860973,1,1
2024-12-13 07:00:00+00:00,99692.9,0.72571224,1,1
2024-12-13 07:15:00+00:00,99742.73,0.75906694,1,1
2024-12-13 07:30:00+00:00,100078.69,0.63941103,1,1
2024-12-13 07:45:00+00:00,100130.0,0.63101107,1,1
2024-12-13 08:00:00+00:00,99975.28,0.66889423,1,1
2024-12-13 08:15:00+00:00,100294.5,0.6364994,1,1
2024-12-13 08:30:00+00:00,100207.84,0.6373309,1,1
2024-12-13 08:45:00+00:00,100272.0,0.6451745,1,1
2024-12-13 09:00:00+00:00,100087.74,0.6487441,1,1
2024-12-13 09:15:00+00:00,100063.53,0.6747131,1,1
2024-12-13 09:30:00+00:00,100061.11,0.6510173,1,1
2024-12-13 09:45:00+00:00,100100.0,0.6792972,1,1
2024-12-13 10:00:00+00:00,100153.21,0.7448328,1,1
2024-12-13 10:15:00+00:00,100007.99,0.61281013,1,1
2024-12-13 10:30:00+00:00,100304.05,0.48143837,0,1
2024-12-13 10:45:00+00:00,100457.62,0.4670064,0,1
2024-12-13 11:00:00+00:00,100478.2,0.66589653,1,1
2024-12-13 11:15:00+00:00,100591.51,0.38226303,0,1
2024-12-13 11:30:00+00:00,100401.88,0.3996125,0,1
2024-12-13 11:45:00+00:00,100353.37,0.7300571,1,0
2024-12-13 12:00:00+00:00,100331.99,0.74895227,1,0
2024-12-13 12:15:00+00:00,100329.81,0.7214638,1,0
2024-12-13 12:30:00+00:00,100216.72,0.76126504,1,1
2024-12-13 12:45:00+00:00,100299.85,0.68283886,1,1
2024-12-13 13:00:00+00:00,100184.0,0.728217,1,1
2024-12-13 13:15:00+00:00,100112.71,0.7732851,1,1
2024-12-13 13:30:00+00:00,100279.74,0.6315965,1,1
2024-12-13 13:45:00+00:00,100284.35,0.44336137,0,1
2024-12-13 14:00:00+00:00,100440.13,0.59454376,1,1
2024-12-13 14:15:00+00:00,100414.7,0.6719924,1,1
2024-12-13 14:30:00+00:00,100884.0,0.39674184,0,1
2024-12-13 14:45:00+00:00,101018.12,0.31334606,0,1
2024-12-13 15:00:00+00:00,101220.62,0.41161373,0,1
2024-12-13 15:15:00+00:00,101159.51,0.37322584,0,1
2024-12-13 15:30:00+00:00,100783.25,0.2979427,0,1
2024-12-13 15:45:00+00:00,99873.16,0.3440689,0,1
2024-12-13 16:00:00+00:00,100115.37,0.35759,0,1
2024-12-13 16:15:00+00:00,100207.98,0.35562706,0,1
2024-12-13 16:30:00+00:00,100897.01,0.3410519,0,1
2024-12-13 16:45:00+00:00,100988.01,0.31112984,0,1
2024-12-13 17:00:00+00:00,101136.36,0.30665514,0,1
2024-12-13 17:15:00+00:00,101268.67,0.33214745,0,0
2024-12-13 17:30:00+00:00,101539.3,0.30459255,0,0
2024-12-13 17:45:00+00:00,101737.89,0.23945443,0,0
2024-12-13 18:00:00+00:00,101583.37,0.21950205,0,0
2024-12-13 18:15:00+00:00,101680.0,0.28399882,0,0
2024-12-13 18:30:00+00:00,101773.76,0.276754,0,0
2024-12-13 18:45:00+00:00,101495.91,0.28627807,0,0
2024-12-13 19:00:00+00:00,101333.33,0.32672724,0,0
2024-12-13 19:15:00+00:00,101281.21,0.26589903,0,0
2024-12-13 19:30:00+00:00,101252.0,0.22553359,0,0
2024-12-13 19:45:00+00:00,101462.34,0.2172608,0,0
2024-12-13 20:00:00+00:00,101379.66,0.20518838,0,0
2024-12-13 20:15:00+00:00,101673.84,0.24220178,0,0
2024-12-13 20:30:00+00:00,101819.66,0.21182767,0,0
2024-12-13 20:45:00+00:00,101680.0,0.30251622,0,0
2024-12-13 21:00:00+00:00,101500.0,0.41476414,0,1
2024-12-13 21:15:00+00:00,101266.0,0.342576,0,1
2024-12-13 21:30:00+00:00,101377.82,0.52148646,1,1
2024-12-13 21:45:00+00:00,101303.64,0.6200899,1,1
2024-12-13 22:00:00+00:00,101235.3,0.6611391,1,1
2024-12-13 22:15:00+00:00,101132.01,0.68810666,1,1
2024-12-13 22:30:00+00:00,101367.99,0.588619,1,1
2024-12-13 22:45:00+00:00,101227.28,0.6115084,1,1
2024-12-13 23:00:00+00:00,101227.28,0.64820576,1,1
2024-12-13 23:15:00+00:00,101141.78,0.7083223,1,1
2024-12-13 23:30:00+00:00,101250.0,0.77379286,1,1
2024-12-13 23:45:00+00:00,101424.25,0.7344109,1,1
2024-12-14 00:00:00+00:00,101333.33,0.71614766,1,1
2024-12-14 00:15:00+00:00,101378.19,0.75674564,1,1
2024-12-14 00:30:00+00:00,101265.6,0.73249924,1,1
2024-12-14 00:45:00+00:00,101301.07,0.7159213,1,1
2024-12-14 01:00:00+00:00,101918.86,0.4963352,0,0
2024-12-14 01:15:00+00:00,102580.82,0.50579244,1,0
2024-12-14 01:30:00+00:00,102077.98,0.39996225,0,0
2024-12-14 01:45:00+00:00,102145.28,0.3669045,0,0
2024-12-14 02:00:00+00:00,101768.2,0.28575346,0,1
2024-12-14 02:15:00+00:00,101800.83,0.33443338,0,1
2024-12-14 02:30:00+00:00,102155.37,0.36703926,0,0
2024-12-14 02:45:00+00:00,102032.61,0.32165006,0,0
2024-12-14 03:00:00+00:00,102156.67,0.32843587,0,0
2024-12-14 03:15:00+00:00,102198.48,0.36319584,0,0
2024-12-14 03:30:00+00:00,102275.25,0.37955293,0,0
2024-12-14 03:45:00+00:00,102088.0,0.3475349,0,0
2024-12-14 04:00:00+00:00,101820.16,0.3579157,0,0
2024-12-14 04:15:00+00:00,101805.28,0.37661424,0,0
2024-12-14 04:30:00+00:00,101652.01,0.3473657,0,1
2024-12-14 04:45:00+00:00,101681.81,0.4652612,0,1
2024-12-14 05:00:00+00:00,101735.29,0.59849024,1,0
2024-12-14 05:15:00+00:00,101787.99,0.5193383,1,0
2024-12-14 05:30:00+00:00,101703.92,0.60688406,1,0
2024-12-14 05:45:00+00:00,101722.8,0.6115584,1,0
2024-12-14 06:00:00+00:00,101858.83,0.6020578,1,0
2024-12-14 06:15:00+00:00,101987.0,0.78552866,1,0
2024-12-14 06:30:00+00:00,101763.19,0.72133076,1,0
2024-12-14 06:45:00+00:00,101906.05,0.7278671,1,0
2024-12-14 07:00:00+00:00,101735.99,0.7374839,1,0
2024-12-14 07:15:00+00:00,101630.0,0.7211533,1,0
2024-12-14 07:30:00+00:00,101760.49,0.7564419,1,0
2024-12-14 07:45:00+00:00,101824.0,0.78437656,1,0
2024-12-14 08:00:00+00:00,101683.68,0.7661326,1,0
2024-12-14 08:15:00+00:00,101745.78,0.83704644,1,0
2024-12-14 08:30:00+00:00,101800.62,0.80899,1,0
2024-12-14 08:45:00+00:00,101803.03,0.8904176,1,0
2024-12-14 09:00:00+00:00,101592.76,0.8161758,1,0
2024-12-14 09:15:00+00:00,101645.0,0.8570092,1,0
2024-12-14 09:30:00+00:00,101649.66,0.8000414,1,0
2024-12-14 09:45:00+00:00,101551.28,0.8153448,1,0
2024-12-14 10:00:00+00:00,101364.39,0.79395264,1,1
2024-12-14 10:15:00+00:00,101446.67,0.81111884,1,0
2024-12-14 10:30:00+00:00,101552.83,0.7932631,1,0
2024-12-14 10:45:00+00:00,101550.58,0.79348075,1,0
2024-12-14 11:00:00+00:00,101513.7,0.7680724,1,1
2024-12-14 11:15:00+00:00,101626.01,0.79270774,1,0
2024-12-14 11:30:00+00:00,101651.0,0.760795,1,0
2024-12-14 11:45:00+00:00,101583.99,0.81580144,1,1
2024-12-14 12:00:00+00:00,101499.38,0.75636744,1,0
2024-12-14 12:15:00+00:00,101454.72,0.81930536,1,0
2024-12-14 12:30:00+00:00,101417.21,0.82320774,1,1
2024-12-14 12:45:00+00:00,101297.96,0.8148281,1,1
2024-12-14 13:00:00+00:00,101216.56,0.7682489,1,1
2024-12-14 13:15:00+00:00,101060.01,0.76498336,1,1
2024-12-14 13:30:00+00:00,101294.11,0.79613805,1,0
2024-12-14 13:45:00+00:00,101170.05,0.76029855,1,0
2024-12-14 14:00:00+00:00,101421.15,0.76365733,1,0
2024-12-14 14:15:00+00:00,101337.14,0.76406413,1,0
2024-12-14 14:30:00+00:00,101444.46,0.7335597,1,0
2024-12-14 14:45:00+00:00,101434.3,0.7560359,1,0
2024-12-14 15:00:00+00:00,101591.8,0.7593881,1,0
2024-12-14 15:15:00+00:00,101577.45,0.6847879,1,0
2024-12-14 15:30:00+00:00,101613.24,0.72104853,1,0
2024-12-14 15:45:00+00:00,101625.12,0.7986814,1,0
2024-12-14 16:00:00+00:00,101442.82,0.7470928,1,0
2024-12-14 16:15:00+00:00,101441.6,0.7598277,1,0
2024-12-14 16:30:00+00:00,101490.31,0.7339356,1,0
2024-12-14 16:45:00+00:00,101650.76,0.7153642,1,0
2024-12-14 17:00:00+00:00,101604.01,0.7652342,1,0
2024-12-14 17:15:00+00:00,101231.24,0.75145805,1,0
2024-12-14 17:30:00+00:00,101050.01,0.75140494,1,1
2024-12-14 17:45:00+00:00,100988.0,0.71737003,1,1
2024-12-14 18:00:00+00:00,100962.37,0.6830244,1,0
2024-12-14 18:15:00+00:00,100932.36,0.6833804,1,1
2024-12-14 18:30:00+00:00,100927.37,0.4709864,0,1
2024-12-14 18:45:00+00:00,100895.98,0.5304763,1,1
2024-12-14 19:00:00+00:00,100978.89,0.494027,0,1
2024-12-14 19:15:00+00:00,101175.58,0.45948866,0,1
2024-12-14 19:30:00+00:00,101266.69,0.42946827,0,1
2024-12-14 19:45:00+00:00,101313.54,0.5148773,1,1
2024-12-14 20:00:00+00:00,101269.31,0.48369387,0,1
2024-12-14 20:15:00+00:00,101169.38,0.46159872,0,1
2024-12-14 20:30:00+00:00,100888.0,0.40267655,0,1
2024-12-14 20:45:00+00:00,100760.0,0.39140645,0,1
2024-12-14 21:00:00+00:00,101108.97,0.36610264,0,1
2024-12-14 21:15:00+00:00,101174.59,0.48558944,0,1
2024-12-14 21:30:00+00:00,101126.48,0.693515,1,1
2024-12-14 21:45:00+00:00,101074.68,0.8024963,1,1
2024-12-14 22:00:00+00:00,100895.53,0.7303048,1,1
2024-12-14 22:15:00+00:00,101179.98,0.685089,1,1
2024-12-14 22:30:00+00:00,101184.71,0.6867333,1,1
2024-12-14 22:45:00+00:00,101117.63,0.81354475,1,1
2024-12-14 23:00:00+00:00,101225.3,0.746043,1,1
2024-12-14 23:15:00+00:00,101388.0,0.7128886,1,1
2024-12-14 23:30:00+00:00,101444.0,0.72732556,1,1
2024-12-14 23:45:00+00:00,101420.0,0.81535065,1,1
2024-12-15 00:00:00+00:00,101515.59,0.676263,1,1
2024-12-15 00:15:00+00:00,101530.24,0.6979795,1,1
2024-12-15 00:30:00+00:00,101345.54,0.69081265,1,1
2024-12-15 00:45:00+00:00,101442.42,0.68904614,1,1
2024-12-15 01:00:00+00:00,101509.44,0.6945862,1,1
2024-12-15 01:15:00+00:00,101585.09,0.599469,1,1
2024-12-15 01:30:00+00:00,101889.75,0.41294453,0,1
2024-12-15 01:45:00+00:00,102134.48,0.33866304,0,1
2024-12-15 02:00:00+00:00,101954.54,0.5107781,1,1
2024-12-15 02:15:00+00:00,101928.0,0.53462744,1,1
2024-12-15 02:30:00+00:00,101811.07,0.6065336,1,1
2024-12-15 02:45:00+00:00,101831.15,0.6189843,1,0
2024-12-15 03:00:00+00:00,101931.73,0.64658505,1,0
2024-12-15 03:15:00+00:00,101804.19,0.5877534,1,1
2024-12-15 03:30:00+00:00,101786.93,0.5860587,1,0
2024-12-15 03:45:00+00:00,101733.82,0.61273175,1,0
2024-12-15 04:00:00+00:00,102175.69,0.5892946,1,0
2024-12-15 04:15:00+00:00,102612.58,0.5104723,1,0
2024-12-15 04:30:00+00:00,102227.27,0.47540835,0,0
2024-12-15 04:45:00+00:00,102366.17,0.531826,1,0
2024-12-15 05:00:00+00:00,102262.68,0.5340231,1,0
2024-12-15 05:15:00+00:00,102451.61,0.5272362,1,0
2024-12-15 05:30:00+00:00,102341.43,0.55586255,1,0
2024-12-15 05:45:00+00:00,102159.29,0.47267613,0,1
2024-12-15 06:00:00+00:00,102031.3,0.518468,1,1
2024-12-15 06:15:00+00:00,102029.42,0.4960053,0,1
2024-12-15 06:30:00+00:00,101909.08,0.46530718,0,1
2024-12-15 06:45:00+00:00,101759.8,0.43899432,0,1
2024-12-15 07:00:00+00:00,101778.2,0.4929986,0,1
2024-12-15 07:15:00+00:00,101858.71,0.46656877,0,1
2024-12-15 07:30:00+00:00,101540.45,0.44631717,0,1
2024-12-15 07:45:00+00:00,101732.09,0.54579884,1,1
2024-12-15 08:00:00+00:00,101781.0,0.57028806,1,1
2024-12-15 08:15:00+00:00,101764.7,0.60974544,1,1
2024-12-15 08:30:00+00:00,101919.32,0.5892182,1,1
2024-12-15 08:45:00+00:00,102015.15,0.6245706,1,1
2024-12-15 09:00:00+00:00,102026.3,0.60040784,1,1
2024-12-15 09:15:00+00:00,102025.85,0.596439,1,1
2024-12-15 09:30:00+00:00,102155.99,0.627812,1,1
2024-12-15 09:45:00+00:00,102264.34,0.6725492,1,1
2024-12-15 10:00:00+00:00,102332.39,0.5474336,1,1
2024-12-15 10:15:00+00:00,102184.99,0.5697226,1,1
2024-12-15 10:30:00+00:00,102243.84,0.6650079,1,1
2024-12-15 10:45:00+00:00,102280.0,0.67285424,1,1
2024-12-15 11:00:00+00:00,102384.01,0.7096792,1,1
2024-12-15 11:15:00+00:00,102454.9,0.5239624,1,1
2024-12-15 11:30:00+00:00,102552.01,0.4636213,0,1
2024-12-15 11:45:00+00:00,102671.44,0.57158035,1,1
2024-12-15 12:00:00+00:00,102680.0,0.61182445,1,1
2024-12-15 12:15:00+00:00,102741.56,0.5637196,1,1
2024-12-15 12:30:00+00:00,103258.43,0.5154306,1,0
2024-12-15 12:45:00+00:00,102946.54,0.5615001,1,1
2024-12-15 13:00:00+00:00,102800.01,0.4832848,0,1
2024-12-15 13:15:00+00:00,102692.17,0.49300882,0,1
2024-12-15 13:30:00+00:00,102691.2,0.4789731,0,1
2024-12-15 13:45:00+00:00,102784.65,0.46702105,0,1
2024-12-15 14:00:00+00:00,102900.4,0.44848275,0,1
2024-12-15 14:15:00+00:00,102896.75,0.40157247,0,1
2024-12-15 14:30:00+00:00,102828.45,0.2969564,0,1
2024-12-15 14:45:00+00:00,102994.37,0.3156316,0,1
2024-12-15 15:00:00+00:00,102777.0,0.28504327,0,1
2024-12-15 15:15:00+00:00,102903.44,0.30158895,0,1
2024-12-15 15:30:00+00:00,102836.0,0.50247735,1,1
2024-12-15 15:45:00+00:00,102704.01,0.51813054,1,1
2024-12-15 16:00:00+00:00,102939.96,0.663174,1,1
2024-12-15 16:15:00+00:00,103143.25,0.6190823,1,1
2024-12-15 16:30:00+00:00,103132.27,0.41503912,0,1
2024-12-15 16:45:00+00:00,103127.08,0.5099221,1,1
2024-12-15 17:00:00+00:00,103155.22,0.47346562,0,0
2024-12-15 17:15:00+00:00,103028.0,0.57379544,1,0
2024-12-15 17:30:00+00:00,103288.35,0.47328705,0,0
2024-12-15 17:45:00+00:00,103164.0,0.5344268,1,0
2024-12-15 18:00:00+00:00,103072.95,0.6019732,1,0
2024-12-15 18:15:00+00:00,103194.74,0.5756553,1,0
2024-12-15 18:30:00+00:00,103256.0,0.46544576,0,0
2024-12-15 18:45:00+00:00,103204.0,0.5560098,1,1
2024-12-15 19:00:00+00:00,103304.4,0.4433933,0,1
2024-12-15 19:15:00+00:00,103376.3,0.5474973,1,1
2024-12-15 19:30:00+00:00,103208.01,0.54467475,1,1
2024-12-15 19:45:00+00:00,103252.95,0.7365412,1,1
2024-12-15 20:00:00+00:00,103201.77,0.7808935,1,1
2024-12-15 20:15:00+00:00,103223.08,0.79429424,1,1
2024-12-15 20:30:00+00:00,103168.14,0.86051416,1,1
2024-12-15 20:45:00+00:00,103144.83,0.8507923,1,1
2024-12-15 21:00:00+00:00,103014.38,0.83597887,1,1
2024-12-15 21:15:00+00:00,102720.0,0.8005348,1,1
2024-12-15 21:30:00+00:00,103100.51,0.7799992,1,1
2024-12-15 21:45:00+00:00,102859.06,0.7026081,1,1
2024-12-15 22:00:00+00:00,102963.87,0.7132179,1,1
2024-12-15 22:15:00+00:00,103168.01,0.61008775,1,1
2024-12-15 22:30:00+00:00,103202.84,0.6165994,1,1
2024-12-15 22:45:00+00:00,103277.32,0.6124368,1,1
2024-12-15 23:00:00+00:00,103640.01,0.34011647,0,1
2024-12-15 23:15:00+00:00,104788.22,0.33744633,0,1
2024-12-15 23:30:00+00:00,104720.25,0.25722697,0,0
2024-12-15 23:45:00+00:00,104463.99,0.20722869,0,1
2024-12-16 00:00:00+00:00,104524.15,0.17233895,0,1
2024-12-16 00:15:00+00:00,105246.7,0.25937977,0,0
2024-12-16 00:30:00+00:00,105897.99,0.26701197,0,0
2024-12-16 00:45:00+00:00,105444.95,0.36549997,0,0
2024-12-16 01:00:00+00:00,105257.08,0.26147273,0,0
2024-12-16 01:15:00+00:00,105107.36,0.3240507,0,0
2024-12-16 01:30:00+00:00,105200.0,0.35237262,0,0
2024-12-16 01:45:00+00:00,105531.99,0.32278234,0,0
2024-12-16 02:00:00+00:00,105108.09,0.29437646,0,1
2024-12-16 02:15:00+00:00,104610.11,0.32669118,0,1
2024-12-16 02:30:00+00:00,104577.69,0.29534543,0,1
2024-12-16 02:45:00+00:00,104585.32,0.30160835,0,1
2024-12-16 03:00:00+00:00,104930.18,0.3224477,0,1
2024-12-16 03:15:00+00:00,104925.37,0.3271428,0,1
2024-12-16 03:30:00+00:00,104689.28,0.33734688,0,1
2024-12-16 03:45:00+00:00,104582.28,0.44929475,0,1
2024-12-16 04:00:00+00:00,104675.3,0.52536803,1,1
2024-12-16 04:15:00+00:00,104624.0,0.41335663,0,1
2024-12-16 04:30:00+00:00,104580.01,0.42327133,0,1
2024-12-16 04:45:00+00:00,104686.15,0.42224312,0,0
2024-12-16 05:00:00+00:00,104684.47,0.4008736,0,0
2024-12-16 05:15:00+00:00,104803.53,0.41397354,0,0
2024-12-16 05:30:00+00:00,104994.25,0.29944116,0,0
2024-12-16 05:45:00+00:00,105028.0,0.4112572,0,0
2024-12-16 06:00:00+00:00,105196.0,0.3261782,0,0
2024-12-16 06:15:00+00:00,105096.06,0.34749252,0,0
2024-12-16 06:30:00+00:00,105208.01,0.30379093,0,0
2024-12-16 06:45:00+00:00,105149.98,0.49048558,0,0
2024-12-16 07:00:00+00:00,105268.01,0.5179155,1,0
2024-12-16 07:15:00+00:00,105232.01,0.52479553,1,0
2024-12-16 07:30:00+00:00,105134.61,0.5408916,1,0
2024-12-16 07:45:00+00:00,104992.79,0.6418559,1,0
2024-12-16 08:00:00+00:00,104785.09,0.614923,1,0
2024-12-16 08:15:00+00:00,104768.3,0.61357903,1,0
2024-12-16 08:30:00+00:00,104721.51,0.73793024,1,0
2024-12-16 08:45:00+00:00,104535.44,0.6221195,1,0
2024-12-16 09:00:00+00:00,104556.05,0.44678566,0,0
2024-12-16 09:15:00+00:00,104748.7,0.41751048,0,0
2024-12-16 09:30:00+00:00,104883.22,0.6177006,1,0
2024-12-16 09:45:00+00:00,104676.72,0.6234103,1,0
2024-12-16 10:00:00+00:00,104452.64,0.4566343,0,0
2024-12-16 10:15:00+00:00,104432.01,0.44564906,0,0
2024-12-16 10:30:00+00:00,104631.99,0.44920406,0,1
2024-12-16 10:45:00+00:00,104684.99,0.47900683,0,1
2024-12-16 11:00:00+00:00,104708.01,0.4447769,0,1
2024-12-16 11:15:00+00:00,104468.43,0.45053682,0,1
2024-12-16 11:30:00+00:00,104103.44,0.3934936,0,1
2024-12-16 11:45:00+00:00,103757.99,0.42871106,0,1
2024-12-16 12:00:00+00:00,104060.46,0.4877593,0,1
2024-12-16 12:15:00+00:00,103886.03,0.4222445,0,1
2024-12-16 12:30:00+00:00,103612.55,0.4516297,0,1
2024-12-16 12:45:00+00:00,103656.02,0.38991916,0,1
2024-12-16 13:00:00+00:00,104039.66,0.38527814,0,1
2024-12-16 13:15:00+00:00,104063.99,0.39681676,0,1
2024-12-16 13:30:00+00:00,103959.2,0.4151515,0,1
2024-12-16 13:45:00+00:00,103908.02,0.4061228,0,1
2024-12-16 14:00:00+00:00,104198.85,0.4032172,0,1
2024-12-16 14:15:00+00:00,104379.98,0.32758614,0,1
2024-12-16 14:30:00+00:00,105388.32,0.39103347,0,1
2024-12-16 14:45:00+00:00,105487.0,0.38186243,0,1
2024-12-16 15:00:00+00:00,106044.0,0.26575613,0,1
2024-12-16 15:15:00+00:00,106306.03,0.25704515,0,0
2024-12-16 15:30:00+00:00,106427.07,0.2381384,0,0
2024-12-16 15:45:00+00:00,106332.01,0.2143292,0,1
2024-12-16 16:00:00+00:00,106598.66,0.2796092,0,0
2024-12-16 16:15:00+00:00,106760.0,0.35872015,0,0
2024-12-16 16:30:00+00:00,106716.0,0.378243,0,0
2024-12-16 16:45:00+00:00,106824.95,0.30298147,0,0
2024-12-16 17:00:00+00:00,106713.88,0.3026771,0,0
2024-12-16 17:15:00+00:00,107107.11,0.34606642,0,0
2024-12-16 17:30:00+00:00,107131.88,0.31908005,0,0
2024-12-16 17:45:00+00:00,107078.55,0.2807876,0,0
2024-12-16 18:00:00+00:00,107161.41,0.24241185,0,0
2024-12-16 18:15:00+00:00,107750.47,0.22581412,0,0
2024-12-16 18:30:00+00:00,107511.53,0.24753536,0,0
2024-12-16 18:45:00+00:00,107078.6,0.20330784,0,0
2024-12-16 19:00:00+00:00,106183.84,0.30697295,0,0
2024-12-16 19:15:00+00:00,106109.99,0.30610847,0,0
2024-12-16 19:30:00+00:00,106422.58,0.33919898,0,0
2024-12-16 19:45:00+00:00,106583.12,0.4815293,0,0
2024-12-16 20:00:00+00:00,106350.99,0.4577894,0,0
2024-12-16 20:15:00+00:00,106245.54,0.45868573,0,0
2024-12-16 20:30:00+00:00,106280.18,0.41290355,0,0
2024-12-16 20:45:00+00:00,105808.36,0.43734437,0,1
2024-12-16 21:00:00+00:00,105896.52,0.43436724,0,1
2024-12-16 21:15:00+00:00,105923.09,0.3343804,0,1
2024-12-16 21:30:00+00:00,105974.66,0.27765173,0,1
2024-12-16 21:45:00+00:00,106057.77,0.28110784,0,1
2024-12-16 22:00:00+00:00,106285.13,0.31264895,0,1
2024-12-16 22:15:00+00:00,106068.97,0.30938214,0,1
2024-12-16 22:30:00+00:00,106058.55,0.276571,0,1
2024-12-16 22:45:00+00:00,105815.99,0.31193814,0,1
2024-12-16 23:00:00+00:00,105873.39,0.3087349,0,1
2024-12-16 23:15:00+00:00,105554.32,0.43985572,0,1
2024-12-16 23:30:00+00:00,105720.49,0.45617464,0,1
2024-12-16 23:45:00+00:00,106058.66,0.38919806,0,1
2024-12-17 00:00:00+00:00,105976.94,0.25917357,0,1
2024-12-17 00:15:00+00:00,106135.99,0.2920089,0,1
2024-12-17 00:30:00+00:00,106061.91,0.45327187,0,1
2024-12-17 00:45:00+00:00,105856.51,0.45823893,0,1
2024-12-17 01:00:00+00:00,105980.79,0.44102076,0,1
2024-12-17 01:15:00+00:00,106182.48,0.4772438,0,1
2024-12-17 01:30:00+00:00,106336.0,0.42507437,0,1
2024-12-17 01:45:00+00:00,106376.0,0.36221647,0,1
2024-12-17 02:00:00+00:00,106504.01,0.3645224,0,1
2024-12-17 02:15:00+00:00,106564.7,0.22750282,0,0
2024-12-17 02:30:00+00:00,106425.24,0.24153341,0,1
2024-12-17 02:45:00+00:00,106269.14,0.29282525,0,1
2024-12-17 03:00:00+00:00,106386.35,0.2948027,0,1
2024-12-17 03:15:00+00:00,106724.01,0.27046502,0,1
2024-12-17 03:30:00+00:00,106920.72,0.40456784,0,0
2024-12-17 03:45:00+00:00,106866.49,0.3948206,0,0
2024-12-17 04:00:00+00:00,106629.87,0.42988697,0,1
2024-12-17 04:15:00+00:00,106514.01,0.45875436,0,1
2024-12-17 04:30:00+00:00,106443.78,0.447339,0,1
2024-12-17 04:45:00+00:00,106500.77,0.4799273,0,1
2024-12-17 05:00:00+00:00,106505.69,0.46446872,0,1
2024-12-17 05:15:00+00:00,106608.0,0.4887377,0,1
2024-12-17 05:30:00+00:00,106643.22,0.44622743,0,1
2024-12-17 05:45:00+00:00,106817.43,0.5985906,1,1
2024-12-17 06:00:00+00:00,106724.99,0.6554073,1,1
2024-12-17 06:15:00+00:00,106473.0,0.67349005,1,1
2024-12-17 06:30:00+00:00,106481.64,0.744211,1,1
2024-12-17 06:45:00+00:00,106549.98,0.7326234,1,1
2024-12-17 07:00:00+00:00,106919.03,0.73281807,1,1
2024-12-17 07:15:00+00:00,107137.92,0.6615486,1,1
2024-12-17 07:30:00+00:00,106866.41,0.6594262,1,1
2024-12-17 07:45:00+00:00,106805.75,0.6086393,1,1
2024-12-17 08:00:00+00:00,107039.13,0.4943955,0,0
2024-12-17 08:15:00+00:00,107294.74,0.46283498,0,0
2024-12-17 08:30:00+00:00,107400.0,0.34452495,0,0
2024-12-17 08:45:00+00:00,107406.61,0.48578036,0,0
2024-12-17 09:00:00+00:00,107273.16,0.4385126,0,0
2024-12-17 09:15:00+00:00,107273.69,0.41989493,0,1
2024-12-17 09:30:00+00:00,107393.45,0.43684837,0,1
2024-12-17 09:45:00+00:00,107306.03,0.4382823,0,0
2024-12-17 10:00:00+00:00,107127.3,0.45453605,0,1
2024-12-17 10:15:00+00:00,107050.01,0.4280539,0,1
2024-12-17 10:30:00+00:00,107009.11,0.39137703,0,1
2024-12-17 10:45:00+00:00,107209.67,0.3901716,0,1
2024-12-17 11:00:00+00:00,107285.45,0.45275763,0,0
2024-12-17 11:15:00+00:00,107162.78,0.44715372,0,0
2024-12-17 11:30:00+00:00,106987.31,0.6598895,1,0
2024-12-17 11:45:00+00:00,106808.31,0.65955883,1,0
2024-12-17 12:00:00+00:00,106583.38,0.68107814,1,1
2024-12-17 12:15:00+00:00,106859.03,0.6358925,1,0
2024-12-17 12:30:00+00:00,106967.75,0.70172596,1,0
2024-12-17 12:45:00+00:00,107136.01,0.6726858,1,0
2024-12-17 13:00:00+00:00,107023.99,0.69333124,1,0
2024-12-17 13:15:00+00:00,107454.89,0.5948776,1,1
2024-12-17 13:30:00+00:00,107444.6,0.5328954,1,0
2024-12-17 13:45:00+00:00,107298.42,0.57207334,1,1
2024-12-17 14:00:00+00:00,107518.18,0.42214784,0,1
2024-12-17 14:15:00+00:00,107730.7,0.32139522,0,0
2024-12-17 14:30:00+00:00,107775.99,0.35245597,0,0
2024-12-17 14:45:00+00:00,108258.39,0.36087728,0,0
2024-12-17 15:00:00+00:00,106954.28,0.3312091,0,0
2024-12-17 15:15:00+00:00,106042.22,0.3574245,0,1
2024-12-17 15:30:00+00:00,106505.95,0.43133667,0,0
2024-12-17 15:45:00+00:00,106478.47,0.4213283,0,0
2024-12-17 16:00:00+00:00,107035.99,0.44422287,0,0
2024-12-17 16:15:00+00:00,106639.99,0.48502085,0,0
2024-12-17 16:30:00+00:00,106800.0,0.4589244,0,0
2024-12-17 16:45:00+00:00,107075.72,0.5440878,1,0
2024-12-17 17:00:00+00:00,106909.23,0.5764538,1,0
2024-12-17 17:15:00+00:00,107537.15,0.4441726,0,0
2024-12-17 17:30:00+00:00,107372.05,0.47344497,0,0
2024-12-17 17:45:00+00:00,107506.37,0.49236226,0,0
2024-12-17 18:00:00+00:00,107557.59,0.49580014,0,0
2024-12-17 18:15:00+00:00,106998.18,0.5418493,1,0
2024-12-17 18:30:00+00:00,107245.19,0.5526879,1,0
2024-12-17 18:45:00+00:00,106551.89,0.36866382,0,0
2024-12-17 19:00:00+00:00,106810.05,0.36597824,0,0
2024-12-17 19:15:00+00:00,106669.07,0.38339812,0,0
2024-12-17 19:30:00+00:00,106355.85,0.50369495,1,0
2024-12-17 19:45:00+00:00,106475.89,0.46844333,0,0
2024-12-17 20:00:00+00:00,106229.6,0.5033076,1,1
2024-12-17 20:15:00+00:00,106377.99,0.47534165,0,0
2024-12-17 20:30:00+00:00,106772.37,0.43258196,0,0
2024-12-17 20:45:00+00:00,106732.98,0.45991054,0,0
2024-12-17 21:00:00+00:00,106686.14,0.4357778,0,0
2024-12-17 21:15:00+00:00,106619.0,0.3909715,0,0
2024-12-17 21:30:00+00:00,106311.02,0.44367146,0,0
2024-12-17 21:45:00+00:00,106411.54,0.35907832,0,0
2024-12-17 22:00:00+00:00,106180.02,0.34721875,0,0
2024-12-17 22:15:00+00:00,105861.41,0.3403625,0,0
2024-12-17 22:30:00+00:00,105527.35,0.32894003,0,0
2024-12-17 22:45:00+00:00,105972.01,0.3434345,0,0
2024-12-17 23:00:00+00:00,105845.02,0.3337204,0,0
2024-12-17 23:15:00+00:00,106081.31,0.32773128,0,0
2024-12-17 23:30:00+00:00,106266.72,0.36202323,0,0
2024-12-17 23:45:00+00:00,106133.74,0.34348896,0,0
2024-12-18 00:00:00+00:00,106444.01,0.37640357,0,0
2024-12-18 00:15:00+00:00,106111.64,0.3844288,0,0
2024-12-18 00:30:00+00:00,105967.86,0.41559017,0,0
2024-12-18 00:45:00+00:00,106098.93,0.43851593,0,0
2024-12-18 01:00:00+00:00,106290.46,0.4174536,0,0
2024-12-18 01:15:00+00:00,106323.87,0.42602256,0,0
2024-12-18 01:30:00+00:00,106005.97,0.3553515,0,0
2024-12-18 01:45:00+00:00,105332.84,0.4646449,0,0
2024-12-18 02:00:00+00:00,105407.99,0.44957146,0,0
2024-12-18 02:15:00+00:00,105600.0,0.45493153,0,0
2024-12-18 02:30:00+00:00,105458.18,0.4390565,0,0
2024-12-18 02:45:00+00:00,105312.91,0.44851393,0,0
2024-12-18 03:00:00+00:00,104839.06,0.42256635,0,0
2024-12-18 03:15:00+00:00,104918.87,0.39816827,0,0
2024-12-18 03:30:00+00:00,104659.18,0.324888,0,0
2024-12-18 03:45:00+00:00,104763.98,0.323482,0,0
2024-12-18 04:00:00+00:00,104296.0,0.33437195,0,0
2024-12-18 04:15:00+00:00,104040.01,0.34405413,0,0
2024-12-18 04:30:00+00:00,104052.84,0.36623895,0,0
2024-12-18 04:45:00+00:00,103868.01,0.42819312,0,0
2024-12-18 05:00:00+00:00,103708.34,0.3801434,0,1
2024-12-18 05:15:00+00:00,104043.99,0.33177474,0,1
2024-12-18 05:30:00+00:00,103772.46,0.30797765,0,1
2024-12-18 05:45:00+00:00,103572.17,0.3188651,0,1
2024-12-18 06:00:00+00:00,103787.78,0.30766493,0,1
2024-12-18 06:15:00+00:00,103945.65,0.3489687,0,1
2024-12-18 06:30:00+00:00,103611.43,0.3580371,0,1
2024-12-18 06:45:00+00:00,103794.65,0.33961695,0,1
2024-12-18 07:00:00+00:00,104225.91,0.2610155,0,1
2024-12-18 07:15:00+00:00,104158.08,0.33140287,0,1
2024-12-18 07:30:00+00:00,104200.74,0.4756651,0,1
2024-12-18 07:45:00+00:00,104250.75,0.41650546,0,1
2024-12-18 08:00:00+00:00,104224.94,0.3840685,0,1
2024-12-18 08:15:00+00:00,103948.0,0.45767102,0,1
2024-12-18 08:30:00+00:00,103828.01,0.34980962,0,1
2024-12-18 08:45:00+00:00,103805.43,0.5445777,1,1
2024-12-18 09:00:00+00:00,104283.51,0.4465743,0,1
2024-12-18 09:15:00+00:00,104287.98,0.376324,0,1
2024-12-18 09:30:00+00:00,104153.78,0.42759,0,1
2024-12-18 09:45:00+00:00,104047.99,0.5784247,1,1
2024-12-18 10:00:00+00:00,104204.97,0.54280245,1,1
2024-12-18 10:15:00+00:00,104287.19,0.48323178,0,1
2024-12-18 10:30:00+00:00,104500.0,0.40082005,0,0
2024-12-18 10:45:00+00:00,104531.03,0.34937382,0,0
2024-12-18 11:00:00+00:00,104666.05,0.36452648,0,0
2024-12-18 11:15:00+00:00,104740.0,0.3537079,0,0
2024-12-18 11:30:00+00:00,104893.91,0.36481518,0,0
2024-12-18 11:45:00+00:00,105028.33,0.46267608,0,0
2024-12-18 12:00:00+00:00,105310.33,0.4527024,0,0
2024-12-18 12:15:00+00:00,104930.11,0.6311325,1,0
2024-12-18 12:30:00+00:00,104929.44,0.41631743,0,0
2024-12-18 12:45:00+00:00,104920.01,0.4202521,0,0
2024-12-18 13:00:00+00:00,105008.0,0.45976704,0,0
2024-12-18 13:15:00+00:00,105064.48,0.54177773,1,0
2024-12-18 13:30:00+00:00,104768.96,0.4423573,0,0
2024-12-18 13:45:00+00:00,104580.58,0.43805972,0,1
2024-12-18 14:00:00+00:00,104500.0,0.4312028,0,1
2024-12-18 14:15:00+00:00,104692.0,0.39910904,0,0
2024-12-18 14:30:00+00:00,104489.44,0.38650143,0,0
2024-12-18 14:45:00+00:00,104019.93,0.385205,0,1
2024-12-18 15:00:00+00:00,104122.22,0.45670936,0,0
2024-12-18 15:15:00+00:00,104151.04,0.4202115,0,0
2024-12-18 15:30:00+00:00,104396.68,0.41682774,0,0
2024-12-18 15:45:00+00:00,104428.54,0.36407536,0,0
2024-12-18 16:00:00+00:00,103899.22,0.41596937,0,0
2024-12-18 16:15:00+00:00,103773.12,0.41037896,0,0
2024-12-18 16:30:00+00:00,104162.95,0.38526246,0,0
2024-12-18 16:45:00+00:00,104199.62,0.38504872,0,0
2024-12-18 17:00:00+00:00,104258.3,0.45386344,0,0
2024-12-18 17:15:00+00:00,104324.5,0.44288203,0,0
2024-12-18 17:30:00+00:00,104618.69,0.3838333,0,0
2024-12-18 17:45:00+00:00,104656.18,0.3964285,0,0
2024-12-18 18:00:00+00:00,104885.43,0.33817527,0,0
2024-12-18 18:15:00+00:00,104681.94,0.3440026,0,0
2024-12-18 18:30:00+00:00,104190.07,0.2797352,0,0
2024-12-18 18:45:00+00:00,104808.99,0.41030127,0,0
2024-12-18 19:00:00+00:00,103880.6,0.3997878,0,0
2024-12-18 19:15:00+00:00,103733.11,0.46568647,0,0
2024-12-18 19:30:00+00:00,103636.37,0.46845978,0,0
2024-12-18 19:45:00+00:00,102817.82,0.46800753,0,0
2024-12-18 20:00:00+00:00,101981.54,0.40739024,0,0
2024-12-18 20:15:00+00:00,101619.75,0.35149783,0,0
2024-12-18 20:30:00+00:00,100373.21,0.2626547,0,1
2024-12-18 20:45:00+00:00,100846.67,0.4093032,0,0
2024-12-18 21:00:00+00:00,101376.38,0.45576033,0,0
2024-12-18 21:15:00+00:00,101248.06,0.43892843,0,0
2024-12-18 21:30:00+00:00,101428.75,0.4552767,0,0
2024-12-18 21:45:00+00:00,101010.55,0.43948248,0,0
2024-12-18 22:00:00+00:00,100827.15,0.43820587,0,0
2024-12-18 22:15:00+00:00,101152.0,0.43055385,0,0
2024-12-18 22:30:00+00:00,100844.03,0.3232921,0,0
2024-12-18 22:45:00+00:00,101152.45,0.30898616,0,0
2024-12-18 23:00:00+00:00,100599.99,0.2887807,0,1
2024-12-18 23:15:00+00:00,100917.58,0.33570528,0,0
2024-12-18 23:30:00+00:00,100600.01,0.34767863,0,1
2024-12-18 23:45:00+00:00,100204.01,0.3055712,0,1
2024-12-19 00:00:00+00:00,100791.97,0.3438414,0,1
2024-12-19 00:15:00+00:00,100904.0,0.4183008,0,1
2024-12-19 00:30:00+00:00,100400.01,0.4679745,0,1
2024-12-19 00:45:00+00:00,100831.16,0.5800857,1,0
2024-12-19 01:00:00+00:00,100565.93,0.5813382,1,1
2024-12-19 01:15:00+00:00,100568.69,0.5968448,1,1
2024-12-19 01:30:00+00:00,100210.14,0.55181724,1,1
2024-12-19 01:45:00+00:00,99768.97,0.55779433,1,1
2024-12-19 02:00:00+00:00,99143.99,0.5286062,1,1
2024-12-19 02:15:00+00:00,98945.55,0.5213194,1,1
2024-12-19 02:30:00+00:00,99336.8,0.5072789,1,1
2024-12-19 02:45:00+00:00,100534.56,0.43469727,0,1
2024-12-19 03:00:00+00:00,101090.89,0.3588593,0,1
2024-12-19 03:15:00+00:00,100896.0,0.3360214,0,1
2024-12-19 03:30:00+00:00,101053.96,0.31753647,0,1
2024-12-19 03:45:00+00:00,101193.15,0.36109963,0,1
2024-12-19 04:00:00+00:00,101091.56,0.35626146,0,1
2024-12-19 04:15:00+00:00,101041.49,0.34466454,0,1
2024-12-19 04:30:00+00:00,100893.96,0.33695024,0,1
2024-12-19 04:45:00+00:00,100671.62,0.35573548,0,1
2024-12-19 05:00:00+00:00,101185.38,0.32950598,0,1
2024-12-19 05:15:00+00:00,101117.16,0.284768,0,1
2024-12-19 05:30:00+00:00,101338.07,0.28442377,0,1
2024-12-19 05:45:00+00:00,101300.01,0.2544845,0,1
2024-12-19 06:00:00+00:00,101134.04,0.23062216,0,1
2024-12-19 06:15:00+00:00,101039.73,0.2632896,0,1
2024-12-19 06:30:00+00:00,101304.54,0.24399027,0,1
2024-12-19 06:45:00+00:00,101200.01,0.31523222,0,1
2024-12-19 07:00:00+00:00,101203.39,0.36963826,0,1
2024-12-19 07:15:00+00:00,101548.54,0.46979517,0,1
2024-12-19 07:30:00+00:00,101612.81,0.27213836,0,1
2024-12-19 07:45:00+00:00,101656.57,0.3063612,0,1
2024-12-19 08:00:00+00:00,101384.0,0.30237687,0,1
2024-12-19 08:15:00+00:00,101740.56,0.28172508,0,1
2024-12-19 08:30:00+00:00,101615.83,0.33146602,0,1
2024-12-19 08:45:00+00:00,101640.4,0.3414958,0,1
2024-12-19 09:00:00+00:00,101799.1,0.41983244,0,1
2024-12-19 09:15:00+00:00,101626.2,0.40788767,0,1
2024-12-19 09:30:00+00:00,101749.43,0.3270838,0,1
2024-12-19 09:45:00+00:00,101815.99,0.353897,0,1
2024-12-19 10:00:00+00:00,101854.5,0.31455848,0,1
2024-12-19 10:15:00+00:00,102082.62,0.32492563,0,1
2024-12-19 10:30:00+00:00,102483.39,0.5155312,1,0
2024-12-19 10:45:00+00:00,102409.34,0.4439883,0,0
2024-12-19 11:00:00+00:00,102287.34,0.4431943,0,0
2024-12-19 11:15:00+00:00,102454.54,0.45467627,0,0
2024-12-19 11:30:00+00:00,102217.16,0.45919585,0,0
2024-12-19 11:45:00+00:00,102449.99,0.48993623,0,0
2024-12-19 12:00:00+00:00,102467.49,0.48999953,0,0
2024-12-19 12:15:00+00:00,102360.46,0.5045658,1,0
2024-12-19 12:30:00+00:00,102058.12,0.4863419,0,0
2024-12-19 12:45:00+00:00,101988.0,0.49620575,0,0
2024-12-19 13:00:00+00:00,102149.01,0.48260382,0,0
2024-12-19 13:15:00+00:00,102180.0,0.4559524,0,0
2024-12-19 13:30:00+00:00,101813.76,0.35687804,0,0
2024-12-19 13:45:00+00:00,101952.44,0.3863262,0,0
2024-12-19 14:00:00+00:00,102287.68,0.30840147,0,0
2024-12-19 14:15:00+00:00,102404.23,0.3061422,0,0
2024-12-19 14:30:00+00:00,101720.35,0.22834171,0,0
2024-12-19 14:45:00+00:00,100942.41,0.3972982,0,0
2024-12-19 15:00:00+00:00,100850.01,0.36935642,0,0
2024-12-19 15:15:00+00:00,99916.23,0.31218883,0,0
2024-12-19 15:30:00+00:00,100236.0,0.34760123,0,0
2024-12-19 15:45:00+00:00,100679.86,0.36597237,0,0
2024-12-19 16:00:00+00:00,100057.83,0.39598328,0,0
2024-12-19 16:15:00+00:00,100522.82,0.4149584,0,0
2024-12-19 16:30:00+00:00,101098.12,0.42231253,0,0
2024-12-19 16:45:00+00:00,100716.3,0.44391134,0,0
2024-12-19 17:00:00+00:00,100308.24,0.4328448,0,0
2024-12-19 17:15:00+00:00,99530.46,0.38755795,0,0
2024-12-19 17:30:00+00:00,98832.52,0.39911968,0,0
2024-12-19 17:45:00+00:00,98855.86,0.3973244,0,0
2024-12-19 18:00:00+00:00,98038.65,0.40456113,0,0
2024-12-19 18:15:00+00:00,98459.85,0.4444502,0,0
2024-12-19 18:30:00+00:00,98233.93,0.38185418,0,0
2024-12-19 18:45:00+00:00,98932.73,0.41823617,0,0
2024-12-19 19:00:00+00:00,98696.96,0.36416405,0,0
2024-12-19 19:15:00+00:00,98135.53,0.36900634,0,0
2024-12-19 19:30:00+00:00,96916.07,0.40374744,0,1
2024-12-19 19:45:00+00:00,97199.72,0.42257044,0,1
2024-12-19 20:00:00+00:00,95979.8,0.4973642,0,1
2024-12-19 20:15:00+00:00,96590.18,0.4487871,0,1
2024-12-19 20:30:00+00:00,96932.1,0.518968,1,1
2024-12-19 20:45:00+00:00,96409.54,0.51423514,1,1
2024-12-19 21:00:00+00:00,96926.72,0.48132616,0,1
2024-12-19 21:15:00+00:00,97521.91,0.34607455,0,0
2024-12-19 21:30:00+00:00,97864.23,0.34372592,0,0
2024-12-19 21:45:00+00:00,97417.66,0.33049756,0,0
2024-12-19 22:00:00+00:00,97371.84,0.47303608,0,0
2024-12-19 22:15:00+00:00,97748.97,0.50485486,1,0
2024-12-19 22:30:00+00:00,97773.31,0.4779584,0,0
2024-12-19 22:45:00+00:00,98391.21,0.5657606,1,0
2024-12-19 23:00:00+00:00,97949.54,0.4844332,0,0
2024-12-19 23:15:00+00:00,97873.36,0.44261932,0,0
2024-12-19 23:30:00+00:00,98018.76,0.37127668,0,0
2024-12-19 23:45:00+00:00,97461.86,0.4720391,0,0
2024-12-20 00:00:00+00:00,97488.16,0.4181951,0,0
2024-12-20 00:15:00+00:00,96828.79,0.36220223,0,1
2024-12-20 00:30:00+00:00,97550.16,0.30095893,0,1
2024-12-20 00:45:00+00:00,97248.22,0.3365973,0,1
2024-12-20 01:00:00+00:00,96937.59,0.39777625,0,1
2024-12-20 01:15:00+00:00,97061.95,0.35853577,0,0
2024-12-20 01:30:00+00:00,96487.97,0.39597592,0,1
2024-12-20 01:45:00+00:00,96319.99,0.49165115,0,1
2024-12-20 02:00:00+00:00,96764.0,0.5118071,1,1
2024-12-20 02:15:00+00:00,97188.0,0.50612485,1,0
2024-12-20 02:30:00+00:00,97546.65,0.45975477,0,0
2024-12-20 02:45:00+00:00,97632.59,0.41831952,0,0
2024-12-20 03:00:00+00:00,97410.08,0.48202458,0,1
2024-12-20 03:15:00+00:00,97512.47,0.42163116,0,1
2024-12-20 03:30:00+00:00,97039.41,0.4515982,0,1
2024-12-20 03:45:00+00:00,97106.02,0.46857747,0,1
2024-12-20 04:00:00+00:00,97020.6,0.5283167,1,1
2024-12-20 04:15:00+00:00,97767.94,0.37642816,0,0
2024-12-20 04:30:00+00:00,97721.96,0.37791198,0,0
2024-12-20 04:45:00+00:00,97304.07,0.4233669,0,0
2024-12-20 05:00:00+00:00,97278.26,0.4061813,0,0
2024-12-20 05:15:00+00:00,96972.74,0.32184523,0,0
2024-12-20 05:30:00+00:00,97162.52,0.3175813,0,0
2024-12-20 05:45:00+00:00,96734.32,0.38836256,0,0
2024-12-20 06:00:00+00:00,96906.84,0.4118931,0,0
2024-12-20 06:15:00+00:00,96708.0,0.44805512,0,0
2024-12-20 06:30:00+00:00,96525.96,0.39139444,0,0
2024-12-20 06:45:00+00:00,97281.37,0.36811784,0,0
2024-12-20 07:00:00+00:00,98039.82,0.34237745,0,0
2024-12-20 07:15:00+00:00,98058.43,0.30900732,0,0
2024-12-20 07:30:00+00:00,98064.0,0.3164051,0,0
2024-12-20 07:45:00+00:00,97832.53,0.34315914,0,0
2024-12-20 08:00:00+00:00,97129.36,0.42394122,0,0
2024-12-20 08:15:00+00:00,96640.49,0.35617292,0,0
2024-12-20 08:30:00+00:00,96050.44,0.3666343,0,0
2024-12-20 08:45:00+00:00,95473.74,0.34088248,0,0
2024-12-20 09:00:00+00:00,95080.15,0.3191326,0,0
2024-12-20 09:15:00+00:00,95174.13,0.33552173,0,0
2024-12-20 09:30:00+00:00,95140.01,0.3208423,0,1
2024-12-20 09:45:00+00:00,94811.85,0.27457705,0,1
2024-12-20 10:00:00+00:00,94002.85,0.26283005,0,1
2024-12-20 10:15:00+00:00,94722.01,0.26956844,0,1
2024-12-20 10:30:00+00:00,94971.98,0.3510148,0,1
2024-12-20 10:45:00+00:00,94359.53,0.35596624,0,1
2024-12-20 11:00:00+00:00,94080.01,0.41672108,0,1
2024-12-20 11:15:00+00:00,93636.0,0.47824126,0,1
2024-12-20 11:30:00+00:00,93150.0,0.46629998,0,1
2024-12-20 11:45:00+00:00,92723.98,0.45207286,0,1
2024-12-20 12:00:00+00:00,92567.99,0.34964833,0,1
2024-12-20 12:15:00+00:00,93643.6,0.35400409,0,1
2024-12-20 12:30:00+00:00,93777.1,0.2894097,0,1
2024-12-20 12:45:00+00:00,93941.75,0.23935096,0,1
2024-12-20 13:00:00+00:00,94109.61,0.3215039,0,1
2024-12-20 13:15:00+00:00,93836.85,0.39513668,0,1
2024-12-20 13:30:00+00:00,95480.35,0.2863876,0,1
2024-12-20 13:45:00+00:00,95204.0,0.28642312,0,1
2024-12-20 14:00:00+00:00,95162.65,0.37098113,0,1
2024-12-20 14:15:00+00:00,95218.75,0.34336483,0,1
2024-12-20 14:30:00+00:00,95971.99,0.2999904,0,1
2024-12-20 14:45:00+00:00,95627.99,0.28983465,0,1
2024-12-20 15:00:00+00:00,96337.89,0.23049112,0,1
2024-12-20 15:15:00+00:00,97065.35,0.26362786,0,1
2024-12-20 15:30:00+00:00,97207.69,0.34164146,0,1
2024-12-20 15:45:00+00:00,96991.62,0.38268438,0,1
2024-12-20 16:00:00+00:00,97509.19,0.36856,0,0
2024-12-20 16:15:00+00:00,97395.99,0.38744652,0,0
2024-12-20 16:30:00+00:00,97450.0,0.33339784,0,0
2024-12-20 16:45:00+00:00,96727.99,0.25614592,0,0
2024-12-20 17:00:00+00:00,96968.25,0.2343461,0,0
2024-12-20 17:15:00+00:00,97275.73,0.20611116,0,0
2024-12-20 17:30:00+00:00,97179.16,0.22501177,0,0
2024-12-20 17:45:00+00:00,97206.59,0.21560146,0,0
2024-12-20 18:00:00+00:00,96941.41,0.27461946,0,0
2024-12-20 18:15:00+00:00,96806.66,0.35587925,0,1
2024-12-20 18:30:00+00:00,97044.01,0.3647423,0,1
2024-12-20 18:45:00+00:00,96993.58,0.4400887,0,1
2024-12-20 19:00:00+00:00,97094.47,0.3920213,0,1
2024-12-20 19:15:00+00:00,97584.33,0.34243286,0,1
2024-12-20 19:30:00+00:00,97232.9,0.38478452,0,1
2024-12-20 19:45:00+00:00,97116.0,0.4417524,0,1
2024-12-20 20:00:00+00:00,97185.45,0.53491664,1,1
2024-12-20 20:15:00+00:00,97099.99,0.46189052,0,1
2024-12-20 20:30:00+00:00,96704.01,0.2538821,0,1
2024-12-20 20:45:00+00:00,96451.88,0.3700977,0,1
2024-12-20 21:00:00+00:00,95580.29,0.48537016,0,1
2024-12-20 21:15:00+00:00,96148.61,0.4886459,0,1
2024-12-20 21:30:00+00:00,96408.85,0.51862323,1,1
2024-12-20 21:45:00+00:00,96623.29,0.45065695,0,1
2024-12-20 22:00:00+00:00,96780.62,0.45473158,0,1
2024-12-20 22:15:00+00:00,97160.76,0.44005582,0,1
2024-12-20 22:30:00+00:00,97127.86,0.44818467,0,1
2024-12-20 22:45:00+00:00,97463.93,0.46164212,0,0
2024-12-20 23:00:00+00:00,97632.41,0.31862375,0,0
2024-12-20 23:15:00+00:00,97783.43,0.34168202,0,0
2024-12-20 23:30:00+00:00,97528.0,0.3252058,0,0
2024-12-20 23:45:00+00:00,97805.44,0.3206484,0,0
2024-12-21 00:00:00+00:00,97423.24,0.20622692,0,1
2024-12-21 00:15:00+00:00,97240.01,0.19317336,0,1
2024-12-21 00:30:00+00:00,97288.01,0.24069078,0,1
2024-12-21 00:45:00+00:00,97525.77,0.26220962,0,1
2024-12-21 01:00:00+00:00,97590.43,0.2309989,0,1
2024-12-21 01:15:00+00:00,97478.43,0.1924435,0,1
2024-12-21 01:30:00+00:00,97393.14,0.18690465,0,1
2024-12-21 01:45:00+00:00,97357.23,0.20626251,0,1
2024-12-21 02:00:00+00:00,97300.78,0.27233437,0,1
2024-12-21 02:15:00+00:00,97407.83,0.3550645,0,1
2024-12-21 02:30:00+00:00,97547.86,0.33450454,0,1
2024-12-21 02:45:00+00:00,97396.0,0.33426434,0,1
2024-12-21 03:00:00+00:00,97323.98,0.53715914,1,1
2024-12-21 03:15:00+00:00,97377.2,0.66681415,1,1
2024-12-21 03:30:00+00:00,97267.99,0.57442325,1,1
2024-12-21 03:45:00+00:00,97487.46,0.5760752,1,1
2024-12-21 04:00:00+00:00,97496.0,0.57459,1,1
2024-12-21 04:15:00+00:00,97435.44,0.70361924,1,1
2024-12-21 04:30:00+00:00,97556.16,0.77089345,1,1
2024-12-21 04:45:00+00:00,97588.0,0.80826473,1,1
2024-12-21 05:00:00+00:00,97752.0,0.6442973,1,1
2024-12-21 05:15:00+00:00,97601.93,0.7132098,1,1
2024-12-21 05:30:00+00:00,97910.51,0.63386476,1,1
2024-12-21 05:45:00+00:00,98691.98,0.5377713,1,0
2024-12-21 06:00:00+00:00,98802.05,0.610203,1,0
2024-12-21 06:15:00+00:00,98409.53,0.4622104,0,1
2024-12-21 06:30:00+00:00,98528.48,0.36428452,0,0
2024-12-21 06:45:00+00:00,98726.76,0.4286108,0,0
2024-12-21 07:00:00+00:00,98687.71,0.4430853,0,0
2024-12-21 07:15:00+00:00,98930.1,0.4620305,0,0
2024-12-21 07:30:00+00:00,99495.99,0.43567634,0,0
2024-12-21 07:45:00+00:00,99040.0,0.37670004,0,0
2024-12-21 08:00:00+00:00,99020.94,0.21117118,0,0
2024-12-21 08:15:00+00:00,98588.11,0.23167408,0,0
2024-12-21 08:30:00+00:00,98466.93,0.248788,0,0
2024-12-21 08:45:00+00:00,98650.0,0.25784206,0,0
2024-12-21 09:00:00+00:00,98475.34,0.25387746,0,0
2024-12-21 09:15:00+00:00,98448.01,0.2680531,0,0
2024-12-21 09:30:00+00:00,98391.12,0.2833543,0,0
2024-12-21 09:45:00+00:00,98565.82,0.39271986,0,0
2024-12-21 10:00:00+00:00,98592.93,0.36469594,0,0
2024-12-21 10:15:00+00:00,98544.0,0.35724327,0,0
2024-12-21 10:30:00+00:00,98236.74,0.2809687,0,0
2024-12-21 10:45:00+00:00,98131.22,0.33667624,0,0
2024-12-21 11:00:00+00:00,98107.44,0.35936818,0,0
2024-12-21 11:15:00+00:00,97888.85,0.40429676,0,0
2024-12-21 11:30:00+00:00,98331.06,0.3938139,0,0
2024-12-21 11:45:00+00:00,98262.08,0.42231295,0,0
2024-12-21 12:00:00+00:00,97917.76,0.37338805,0,0
2024-12-21 12:15:00+00:00,97853.25,0.43760848,0,0
2024-12-21 12:30:00+00:00,97505.51,0.43806422,0,0
2024-12-21 12:45:00+00:00,97131.99,0.38171476,0,1
2024-12-21 13:00:00+00:00,97408.17,0.4258568,0,0
2024-12-21 13:15:00+00:00,96655.49,0.35758835,0,1
2024-12-21 13:30:00+00:00,97299.28,0.39365387,0,1
2024-12-21 13:45:00+00:00,97344.54,0.3738743,0,1
2024-12-21 14:00:00+00:00,97564.56,0.39066702,0,0
2024-12-21 14:15:00+00:00,97493.96,0.38299164,0,1
2024-12-21 14:30:00+00:00,97368.01,0.41063842,0,1
2024-12-21 14:45:00+00:00,97083.11,0.46213368,0,1
2024-12-21 15:00:00+00:00,97327.66,0.49539542,0,0
2024-12-21 15:15:00+00:00,97504.0,0.5996824,1,0
2024-12-21 15:30:00+00:00,97388.01,0.5469874,1,0
2024-12-21 15:45:00+00:00,97527.97,0.52752846,1,0
2024-12-21 16:00:00+00:00,97493.85,0.45121664,0,1
2024-12-21 16:15:00+00:00,97576.03,0.49736324,0,1
2024-12-21 16:30:00+00:00,97163.49,0.48071328,0,1
2024-12-21 16:45:00+00:00,97292.0,0.46871403,0,1
2024-12-21 17:00:00+00:00,97408.1,0.3243959,0,0
2024-12-21 17:15:00+00:00,97452.71,0.51371855,1,0
2024-12-21 17:30:00+00:00,97433.73,0.58860934,1,0
2024-12-21 17:45:00+00:00,97595.28,0.51873106,1,0
2024-12-21 18:00:00+00:00,97412.6,0.5064034,1,0
2024-12-21 18:15:00+00:00,97532.01,0.4577845,0,0
2024-12-21 18:30:00+00:00,97512.55,0.49092153,0,0
2024-12-21 18:45:00+00:00,97400.01,0.50244904,1,0
2024-12-21 19:00:00+00:00,97131.61,0.51422524,1,1
2024-12-21 19:15:00+00:00,96936.96,0.50570536,1,1
2024-12-21 19:30:00+00:00,97042.0,0.47070822,0,1
2024-12-21 19:45:00+00:00,97269.03,0.5280154,1,1
2024-12-21 20:00:00+00:00,97851.2,0.31199583,0,0
2024-12-21 20:15:00+00:00,97826.37,0.21143804,0,0
2024-12-21 20:30:00+00:00,97529.73,0.21644638,0,0
2024-12-21 20:45:00+00:00,97456.91,0.20820092,0,0
2024-12-21 21:00:00+00:00,97360.0,0.22759245,0,0
2024-12-21 21:15:00+00:00,97261.84,0.23136744,0,1
2024-12-21 21:30:00+00:00,96964.27,0.24350002,0,0
2024-12-21 21:45:00+00:00,96892.0,0.2841372,0,1
2024-12-21 22:00:00+00:00,96700.01,0.34835747,0,1
2024-12-21 22:15:00+00:00,97209.29,0.382215,0,0
2024-12-21 22:30:00+00:00,97388.92,0.3807175,0,0
2024-12-21 22:45:00+00:00,97147.46,0.3541509,0,0
2024-12-21 23:00:00+00:00,97143.23,0.36085764,0,0
2024-12-21 23:15:00+00:00,97151.39,0.45276535,0,1
2024-12-21 23:30:00+00:00,97075.99,0.37794012,0,0
2024-12-21 23:45:00+00:00,97291.99,0.38576803,0,0
2024-12-22 00:00:00+00:00,97174.06,0.33679554,0,0
2024-12-22 00:15:00+00:00,97208.0,0.31342402,0,0
2024-12-22 00:30:00+00:00,97347.65,0.3144194,0,0
2024-12-22 00:45:00+00:00,97253.01,0.29410717,0,0
2024-12-22 01:00:00+00:00,97343.38,0.21850796,0,0
2024-12-22 01:15:00+00:00,97326.06,0.3456604,0,0
2024-12-22 01:30:00+00:00,96856.0,0.40358034,0,0
2024-12-22 01:45:00+00:00,97060.01,0.48318857,0,0
2024-12-22 02:00:00+00:00,97123.0,0.50526816,1,0
2024-12-22 02:15:00+00:00,96979.99,0.5460939,1,0
2024-12-22 02:30:00+00:00,96718.42,0.47570843,0,0
2024-12-22 02:45:00+00:00,96719.99,0.39807373,0,1
2024-12-22 03:00:00+00:00,96655.99,0.38114542,0,1
2024-12-22 03:15:00+00:00,97160.39,0.3294065,0,0
2024-12-22 03:30:00+00:00,96980.0,0.3601609,0,0
2024-12-22 03:45:00+00:00,96994.37,0.36464167,0,0
2024-12-22 04:00:00+00:00,96951.99,0.42950055,0,0
2024-12-22 04:15:00+00:00,96861.45,0.45439354,0,0
2024-12-22 04:30:00+00:00,96375.14,0.27241582,0,1
2024-12-22 04:45:00+00:00,96076.01,0.34749055,0,1
2024-12-22 05:00:00+00:00,95963.99,0.33032855,0,1
2024-12-22 05:15:00+00:00,96290.11,0.33629024,0,1
2024-12-22 05:30:00+00:00,96195.2,0.31983805,0,1
2024-12-22 05:45:00+00:00,96156.19,0.354927,0,1
2024-12-22 06:00:00+00:00,96326.5,0.35255194,0,1
2024-12-22 06:15:00+00:00,96554.56,0.36857623,0,1
2024-12-22 06:30:00+00:00,96617.69,0.3597912,0,1
2024-12-22 06:45:00+00:00,96739.99,0.44533256,0,1
2024-12-22 07:00:00+00:00,96740.01,0.46912825,0,1
2024-12-22 07:15:00+00:00,96535.99,0.42867696,0,1
2024-12-22 07:30:00+00:00,96198.17,0.35068852,0,1
2024-12-22 07:45:00+00:00,96210.24,0.3307151,0,1
2024-12-22 08:00:00+00:00,96430.54,0.40509662,0,1
2024-12-22 08:15:00+00:00,96572.01,0.41535926,0,1
2024-12-22 08:30:00+00:00,96481.32,0.38348246,0,1
2024-12-22 08:45:00+00:00,96534.5,0.42915884,0,1
2024-12-22 09:00:00+00:00,96427.01,0.44467363,0,1
2024-12-22 09:15:00+00:00,96712.46,0.45006236,0,1
2024-12-22 09:30:00+00:00,97190.0,0.34469977,0,0
2024-12-22 09:45:00+00:00,96940.27,0.37095582,0,1
2024-12-22 10:00:00+00:00,96965.4,0.27813765,0,0
2024-12-22 10:15:00+00:00,97142.13,0.2907635,0,0
2024-12-22 10:30:00+00:00,97176.01,0.2766187,0,0
2024-12-22 10:45:00+00:00,97009.03,0.31544852,0,0
2024-12-22 11:00:00+00:00,97204.0,0.3868668,0,0
2024-12-22 11:15:00+00:00,97258.31,0.34744725,0,0
2024-12-22 11:30:00+00:00,97279.99,0.34456232,0,0
2024-12-22 11:45:00+00:00,97101.28,0.43042594,0,0
2024-12-22 12:00:00+00:00,96935.99,0.35565206,0,0
2024-12-22 12:15:00+00:00,97129.76,0.37118146,0,0
2024-12-22 12:30:00+00:00,97158.95,0.4468853,0,0
2024-12-22 12:45:00+00:00,96987.61,0.47766823,0,0
2024-12-22 13:00:00+00:00,97074.55,0.37072617,0,0
2024-12-22 13:15:00+00:00,97221.38,0.41547257,0,0
2024-12-22 13:30:00+00:00,97170.36,0.49482006,0,0
2024-12-22 13:45:00+00:00,96976.0,0.6195574,1,0
2024-12-22 14:00:00+00:00,96691.11,0.6154939,1,0
2024-12-22 14:15:00+00:00,95848.01,0.31278396,0,1
2024-12-22 14:30:00+00:00,95822.81,0.22846834,0,1
2024-12-22 14:45:00+00:00,95363.44,0.22529154,0,1
2024-12-22 15:00:00+00:00,95533.88,0.286668,0,1
2024-12-22 15:15:00+00:00,95348.29,0.3004749,0,1
2024-12-22 15:30:00+00:00,95444.94,0.23824325,0,0
2024-12-22 15:45:00+00:00,95377.72,0.26697955,0,0
2024-12-22 16:00:00+00:00,95485.63,0.2899237,0,0
2024-12-22 16:15:00+00:00,95656.63,0.3459031,0,0
2024-12-22 16:30:00+00:00,95572.39,0.34101215,0,0
2024-12-22 16:45:00+00:00,95715.09,0.34857044,0,0
2024-12-22 17:00:00+00:00,95680.15,0.31004375,0,0
2024-12-22 17:15:00+00:00,95536.15,0.36007598,0,0
2024-12-22 17:30:00+00:00,95719.83,0.40761036,0,0
2024-12-22 17:45:00+00:00,95612.19,0.3412318,0,0
2024-12-22 18:00:00+00:00,95464.01,0.30022717,0,0
2024-12-22 18:15:00+00:00,96184.93,0.22896402,0,0
2024-12-22 18:30:00+00:00,96124.49,0.32753733,0,0
2024-12-22 18:45:00+00:00,95955.22,0.33578598,0,0
2024-12-22 19:00:00+00:00,95832.75,0.33921552,0,0
2024-12-22 19:15:00+00:00,95702.01,0.33482245,0,0
2024-12-22 19:30:00+00:00,95292.01,0.25536603,0,0
2024-12-22 19:45:00+00:00,94836.55,0.4142588,0,1
2024-12-22 20:00:00+00:00,94568.01,0.4008071,0,1
2024-12-22 20:15:00+00:00,95000.01,0.38930455,0,0
2024-12-22 20:30:00+00:00,95250.0,0.4005691,0,0
2024-12-22 20:45:00+00:00,95592.49,0.41231874,0,0
2024-12-22 21:00:00+00:00,95509.81,0.39435777,0,0
2024-12-22 21:15:00+00:00,95486.5,0.40270427,0,0
2024-12-22 21:30:00+00:00,95458.69,0.37796688,0,0
2024-12-22 21:45:00+00:00,95203.11,0.4113436,0,0
2024-12-22 22:00:00+00:00,94661.01,0.39421573,0,0
2024-12-22 22:15:00+00:00,94962.0,0.43468407,0,0
2024-12-22 22:30:00+00:00,95166.77,0.42588225,0,0
2024-12-22 22:45:00+00:00,95547.41,0.46098787,0,0
2024-12-22 23:00:00+00:00,95390.78,0.43245196,0,1
2024-12-22 23:15:00+00:00,95398.02,0.48470354,0,1
2024-12-22 23:30:00+00:00,95120.5,0.4135034,0,1
2024-12-22 23:45:00+00:00,95186.27,0.37227407,0,1
2024-12-23 00:00:00+00:00,95024.81,0.41481885,0,1
2024-12-23 00:15:00+00:00,94705.01,0.48803887,0,1
2024-12-23 00:30:00+00:00,94535.98,0.4556433,0,1
2024-12-23 00:45:00+00:00,94390.84,0.4726691,0,1
2024-12-23 01:00:00+00:00,94298.91,0.4943949,0,1
2024-12-23 01:15:00+00:00,94281.44,0.46555117,0,1
2024-12-23 01:30:00+00:00,94884.79,0.39654577,0,1
2024-12-23 01:45:00+00:00,94449.99,0.41257498,0,1
2024-12-23 02:00:00+00:00,94141.4,0.4147276,0,1
2024-12-23 02:15:00+00:00,94035.03,0.3098597,0,1
2024-12-23 02:30:00+00:00,94436.0,0.43035036,0,1
2024-12-23 02:45:00+00:00,94723.96,0.4487405,0,1
2024-12-23 03:00:00+00:00,95462.19,0.3127264,0,0
2024-12-23 03:15:00+00:00,95540.0,0.3184689,0,0
2024-12-23 03:30:00+00:00,95630.42,0.3009444,0,0
2024-12-23 03:45:00+00:00,96025.15,0.26503554,0,0
2024-12-23 04:00:00+00:00,96350.06,0.29506835,0,0
2024-12-23 04:15:00+00:00,96090.91,0.32670954,0,0
2024-12-23 04:30:00+00:00,95689.74,0.363807,0,0
2024-12-23 04:45:00+00:00,95832.03,0.3165378,0,0
2024-12-23 05:00:00+00:00,95544.08,0.25121847,0,1
2024-12-23 05:15:00+00:00,95713.52,0.23107746,0,1
2024-12-23 05:30:00+00:00,95721.59,0.25885,0,1
2024-12-23 05:45:00+00:00,95608.02,0.2434426,0,1
2024-12-23 06:00:00+00:00,95082.53,0.23172776,0,1
2024-12-23 06:15:00+00:00,95367.99,0.2536572,0,1
2024-12-23 06:30:00+00:00,94960.07,0.30117497,0,1
2024-12-23 06:45:00+00:00,94824.83,0.33560064,0,1
2024-12-23 07:00:00+00:00,95211.43,0.26231885,0,1
2024-12-23 07:15:00+00:00,95364.01,0.3818836,0,1
2024-12-23 07:30:00+00:00,95435.79,0.41516545,0,1
2024-12-23 07:45:00+00:00,95404.01,0.45201975,0,1
2024-12-23 08:00:00+00:00,95455.01,0.45935944,0,1
2024-12-23 08:15:00+00:00,95103.5,0.4640749,0,1
2024-12-23 08:30:00+00:00,95158.29,0.48393172,0,1
2024-12-23 08:45:00+00:00,95503.87,0.3767807,0,1
2024-12-23 09:00:00+00:00,95939.57,0.27221873,0,0
2024-12-23 09:15:00+00:00,95895.99,0.28263417,0,0
2024-12-23 09:30:00+00:00,95976.02,0.28233838,0,0
2024-12-23 09:45:00+00:00,96013.72,0.27018636,0,0
2024-12-23 10:00:00+00:00,96154.06,0.32411227,0,0
2024-12-23 10:15:00+00:00,96156.33,0.33494106,0,0
2024-12-23 10:30:00+00:00,96098.63,0.30599615,0,0
2024-12-23 10:45:00+00:00,96392.39,0.36308345,0,0
2024-12-23 11:00:00+00:00,96155.13,0.2972159,0,0
2024-12-23 11:15:00+00:00,95967.89,0.28870732,0,0
2024-12-23 11:30:00+00:00,95994.72,0.33768415,0,0
2024-12-23 11:45:00+00:00,95932.42,0.37266642,0,0
2024-12-23 12:00:00+00:00,96020.63,0.3819526,0,0
2024-12-23 12:15:00+00:00,96258.99,0.35838968,0,0
2024-12-23 12:30:00+00:00,96148.95,0.4272131,0,0
2024-12-23 12:45:00+00:00,96305.0,0.4409728,0,0
2024-12-23 13:00:00+00:00,95858.42,0.3532657,0,0
2024-12-23 13:15:00+00:00,95795.24,0.29314393,0,0
2024-12-23 13:30:00+00:00,95120.54,0.36901784,0,0
2024-12-23 13:45:00+00:00,94924.34,0.39647484,0,0
2024-12-23 14:00:00+00:00,95212.92,0.39051953,0,0
2024-12-23 14:15:00+00:00,95521.74,0.3698234,0,0
2024-12-23 14:30:00+00:00,94290.41,0.33241346,0,0
2024-12-23 14:45:00+00:00,94389.67,0.3637889,0,0
2024-12-23 15:00:00+00:00,93837.87,0.39868164,0,0
2024-12-23 15:15:00+00:00,93432.2,0.37078863,0,1
2024-12-23 15:30:00+00:00,93354.76,0.38317966,0,0
2024-12-23 15:45:00+00:00,93250.37,0.37119597,0,0
2024-12-23 16:00:00+00:00,93119.22,0.3641987,0,0
2024-12-23 16:15:00+00:00,93439.06,0.4104202,0,0
2024-12-23 16:30:00+00:00,93452.0,0.4193337,0,0
2024-12-23 16:45:00+00:00,93980.61,0.37956753,0,0
2024-12-23 17:00:00+00:00,93411.99,0.3246072,0,1
2024-12-23 17:15:00+00:00,93789.22,0.35189915,0,1
2024-12-23 17:30:00+00:00,93432.6,0.3433625,0,1
2024-12-23 17:45:00+00:00,93364.26,0.4145164,0,1
2024-12-23 18:00:00+00:00,93680.0,0.41586015,0,1
2024-12-23 18:15:00+00:00,93260.07,0.4625009,0,1
2024-12-23 18:30:00+00:00,93080.01,0.41640967,0,1
2024-12-23 18:45:00+00:00,92758.55,0.3836708,0,1
2024-12-23 19:00:00+00:00,93451.77,0.3262311,0,1
2024-12-23 19:15:00+00:00,93440.26,0.41774315,0,1
2024-12-23 19:30:00+00:00,93256.0,0.44024298,0,1
2024-12-23 19:45:00+00:00,93044.79,0.41440696,0,1
2024-12-23 20:00:00+00:00,92588.25,0.3873491,0,1
2024-12-23 20:15:00+00:00,92943.46,0.5172214,1,1
2024-12-23 20:30:00+00:00,92996.2,0.48720115,0,1
2024-12-23 20:45:00+00:00,93186.34,0.39053714,0,1
2024-12-23 21:00:00+00:00,94050.0,0.35026997,0,1
2024-12-23 21:15:00+00:00,94072.42,0.34239763,0,1
2024-12-23 21:30:00+00:00,94137.45,0.38071677,0,1
2024-12-23 21:45:00+00:00,93964.01,0.38826334,0,1
2024-12-23 22:00:00+00:00,94027.73,0.28021723,0,0
2024-12-23 22:15:00+00:00,94947.7,0.24618979,0,0
2024-12-23 22:30:00+00:00,94772.64,0.29179132,0,0
2024-12-23 22:45:00+00:00,95191.81,0.27201182,0,0
2024-12-23 23:00:00+00:00,95164.01,0.21861401,0,0
2024-12-23 23:15:00+00:00,95121.21,0.23599523,0,0
2024-12-23 23:30:00+00:00,94777.87,0.22044617,0,0
2024-12-23 23:45:00+00:00,94881.47,0.273631,0,0
2024-12-24 00:00:00+00:00,94449.2,0.27298525,0,0
2024-12-24 00:15:00+00:00,94406.09,0.20148282,0,0
2024-12-24 00:30:00+00:00,94482.95,0.20335779,0,0
2024-12-24 00:45:00+00:00,94550.22,0.21747932,0,0
2024-12-24 01:00:00+00:00,94500.01,0.23994488,0,0
2024-12-24 01:15:00+00:00,94471.39,0.24845447,0,1
2024-12-24 01:30:00+00:00,94193.69,0.23939873,0,1
2024-12-24 01:45:00+00:00,94123.43,0.4057609,0,1
2024-12-24 02:00:00+00:00,93925.0,0.3948218,0,1
2024-12-24 02:15:00+00:00,93817.23,0.4219614,0,1
2024-12-24 02:30:00+00:00,94134.38,0.42797095,0,1
2024-12-24 02:45:00+00:00,93961.45,0.43210438,0,0
2024-12-24 03:00:00+00:00,93825.39,0.34166592,0,1
2024-12-24 03:15:00+00:00,94163.97,0.4035998,0,0
2024-12-24 03:30:00+00:00,94325.02,0.3165298,0,0
2024-12-24 03:45:00+00:00,94348.75,0.31358138,0,0
2024-12-24 04:00:00+00:00,94229.01,0.31029978,0,1
2024-12-24 04:15:00+00:00,94362.96,0.36846086,0,1
2024-12-24 04:30:00+00:00,94275.93,0.28787956,0,1
2024-12-24 04:45:00+00:00,94412.3,0.28908595,0,1
2024-12-24 05:00:00+00:00,94471.99,0.25816286,0,0
2024-12-24 05:15:00+00:00,94560.78,0.24024597,0,0
2024-12-24 05:30:00+00:00,94541.31,0.27199143,0,0
2024-12-24 05:45:00+00:00,94606.06,0.38740495,0,0
2024-12-24 06:00:00+00:00,94430.92,0.324668,0,0
2024-12-24 06:15:00+00:00,94407.99,0.3002134,0,0
2024-12-24 06:30:00+00:00,94277.56,0.33825415,0,0
2024-12-24 06:45:00+00:00,93918.99,0.43559006,0,1
2024-12-24 07:00:00+00:00,93921.55,0.42700827,0,1
2024-12-24 07:15:00+00:00,94138.91,0.44652718,0,1
2024-12-24 07:30:00+00:00,94147.73,0.40502465,0,1
2024-12-24 07:45:00+00:00,94233.19,0.57233614,1,1
2024-12-24 08:00:00+00:00,94342.51,0.5261868,1,0
2024-12-24 08:15:00+00:00,94421.18,0.5542078,1,0
2024-12-24 08:30:00+00:00,94321.5,0.5914568,1,0
2024-12-24 08:45:00+00:00,94495.77,0.57471466,1,0
2024-12-24 09:00:00+00:00,94076.93,0.5478085,1,1
2024-12-24 09:15:00+00:00,94160.01,0.47785386,0,1
2024-12-24 09:30:00+00:00,94145.59,0.49566087,0,1
2024-12-24 09:45:00+00:00,94068.01,0.3800175,0,1
2024-12-24 10:00:00+00:00,94028.0,0.43140095,0,1
2024-12-24 10:15:00+00:00,93898.78,0.415414,0,1
2024-12-24 10:30:00+00:00,93866.88,0.48840272,0,1
2024-12-24 10:45:00+00:00,93972.01,0.56222665,1,1
2024-12-24 11:00:00+00:00,94159.85,0.48684815,0,1
2024-12-24 11:15:00+00:00,94363.62,0.4598728,0,1
2024-12-24 11:30:00+00:00,94325.66,0.5568207,1,1
2024-12-24 11:45:00+00:00,94398.6,0.57301897,1,1
2024-12-24 12:00:00+00:00,94220.82,0.59402806,1,1
2024-12-24 12:15:00+00:00,94266.57,0.63589823,1,1
2024-12-24 12:30:00+00:00,94111.48,0.5889504,1,1
2024-12-24 12:45:00+00:00,94304.32,0.5840507,1,1
2024-12-24 13:00:00+00:00,94581.55,0.4614533,0,1
2024-12-24 13:15:00+00:00,94767.41,0.29605514,0,1
2024-12-24 13:30:00+00:00,95215.86,0.5047594,1,1
2024-12-24 13:45:00+00:00,96085.02,0.36529127,0,1
2024-12-24 14:00:00+00:00,96252.67,0.36436006,0,1
2024-12-24 14:15:00+00:00,96833.86,0.32746035,0,1
2024-12-24 14:30:00+00:00,97211.72,0.32643026,0,1
2024-12-24 14:45:00+00:00,97465.06,0.3782966,0,1
2024-12-24 15:00:00+00:00,97568.86,0.37410897,0,1
2024-12-24 15:15:00+00:00,97542.07,0.38030815,0,1
2024-12-24 15:30:00+00:00,98131.26,0.4404338,0,0
2024-12-24 15:45:00+00:00,98300.0,0.482506,0,0
2024-12-24 16:00:00+00:00,98445.21,0.4792511,0,0
2024-12-24 16:15:00+00:00,98493.11,0.47164795,0,0
2024-12-24 16:30:00+00:00,98116.0,0.5066977,1,0
2024-12-24 16:45:00+00:00,98496.23,0.4589241,0,0
2024-12-24 17:00:00+00:00,98893.74,0.4597481,0,0
2024-12-24 17:15:00+00:00,98714.11,0.37817082,0,0
2024-12-24 17:30:00+00:00,98675.88,0.19444218,0,0
2024-12-24 17:45:00+00:00,98797.47,0.17270331,0,0
2024-12-24 18:00:00+00:00,99319.28,0.15197885,0,0
2024-12-24 18:15:00+00:00,98457.43,0.25011665,0,1
2024-12-24 18:30:00+00:00,98560.23,0.2628382,0,1
2024-12-24 18:45:00+00:00,98618.66,0.29765785,0,1
2024-12-24 19:00:00+00:00,98607.99,0.3141274,0,1
2024-12-24 19:15:00+00:00,98203.59,0.30732635,0,1
2024-12-24 19:30:00+00:00,98086.01,0.45028222,0,1
2024-12-24 19:45:00+00:00,97581.09,0.44226685,0,1
2024-12-24 20:00:00+00:00,97600.84,0.42086086,0,1
2024-12-24 20:15:00+00:00,97817.88,0.4407715,0,1
2024-12-24 20:30:00+00:00,97700.01,0.43795758,0,1
2024-12-24 20:45:00+00:00,97298.01,0.3990795,0,1
2024-12-24 21:00:00+00:00,97981.49,0.3968047,0,1
2024-12-24 21:15:00+00:00,98128.5,0.36561632,0,1
2024-12-24 21:30:00+00:00,98239.55,0.35524803,0,0
2024-12-24 21:45:00+00:00,98397.96,0.29658628,0,0
2024-12-24 22:00:00+00:00,98747.62,0.299719,0,0
2024-12-24 22:15:00+00:00,98621.6,0.2823745,0,0
2024-12-24 22:30:00+00:00,98637.94,0.30709574,0,0
2024-12-24 22:45:00+00:00,98777.11,0.32679954,0,0
2024-12-24 23:00:00+00:00,98837.36,0.3281739,0,0
2024-12-24 23:15:00+00:00,98739.99,0.2883781,0,0
2024-12-24 23:30:00+00:00,98616.27,0.31329542,0,0
2024-12-24 23:45:00+00:00,98663.58,0.3049259,0,0
2024-12-25 00:00:00+00:00,98752.85,0.26870736,0,0
2024-12-25 00:15:00+00:00,98514.52,0.31713676,0,0
2024-12-25 00:30:00+00:00,98706.52,0.38008115,0,0
2024-12-25 00:45:00+00:00,98418.42,0.2692254,0,0
2024-12-25 01:00:00+00:00,98340.35,0.28828335,0,0
2024-12-25 01:15:00+00:00,98170.98,0.28300098,0,1
2024-12-25 01:30:00+00:00,98197.38,0.3404403,0,1
2024-12-25 01:45:00+00:00,97983.18,0.34505624,0,1
2024-12-25 02:00:00+00:00,97876.59,0.3713243,0,1
2024-12-25 02:15:00+00:00,98019.74,0.4051496,0,0
2024-12-25 02:30:00+00:00,98055.57,0.3832118,0,0
2024-12-25 02:45:00+00:00,98131.07,0.37415606,0,0
2024-12-25 03:00:00+00:00,98121.64,0.3475251,0,1
2024-12-25 03:15:00+00:00,98202.96,0.39742938,0,0
2024-12-25 03:30:00+00:00,98150.01,0.4148391,0,0
2024-12-25 03:45:00+00:00,98029.48,0.40715215,0,1
2024-12-25 04:00:00+00:00,98154.37,0.293877,0,0
2024-12-25 04:15:00+00:00,98167.47,0.44906843,0,1
2024-12-25 04:30:00+00:00,98300.0,0.39916024,0,0
2024-12-25 04:45:00+00:00,98236.01,0.6244839,1,0
2024-12-25 05:00:00+00:00,98231.43,0.6827077,1,0
2024-12-25 05:15:00+00:00,98251.28,0.6664848,1,0
2024-12-25 05:30:00+00:00,98237.91,0.5277209,1,0
2024-12-25 05:45:00+00:00,98279.28,0.7113228,1,0
2024-12-25 06:00:00+00:00,98325.0,0.6748276,1,1
2024-12-25 06:15:00+00:00,97984.66,0.67558354,1,1
2024-12-25 06:30:00+00:00,98014.21,0.7195084,1,1
2024-12-25 06:45:00+00:00,97884.38,0.7399372,1,1
2024-12-25 07:00:00+00:00,98207.66,0.7067718,1,1
2024-12-25 07:15:00+00:00,98088.06,0.68319386,1,1
2024-12-25 07:30:00+00:00,98027.13,0.66691124,1,1
2024-12-25 07:45:00+00:00,98084.33,0.66500336,1,0
2024-12-25 08:00:00+00:00,98079.21,0.6791818,1,0
2024-12-25 08:15:00+00:00,98251.65,0.67278886,1,0
2024-12-25 08:30:00+00:00,98174.69,0.70406985,1,1
2024-12-25 08:45:00+00:00,98069.71,0.6463281,1,1
2024-12-25 09:00:00+00:00,98030.96,0.6850239,1,1
2024-12-25 09:15:00+00:00,98190.8,0.725364,1,1
2024-12-25 09:30:00+00:00,98070.16,0.64177465,1,1
2024-12-25 09:45:00+00:00,98189.54,0.80511445,1,1
2024-12-25 10:00:00+00:00,98625.34,0.42927575,0,0
2024-12-25 10:15:00+00:00,98910.97,0.4182555,0,0
2024-12-25 10:30:00+00:00,98837.11,0.3881396,0,0
2024-12-25 10:45:00+00:00,98457.0,0.3753193,0,1
2024-12-25 11:00:00+00:00,98724.99,0.3257883,0,0
2024-12-25 11:15:00+00:00,98831.33,0.2943306,0,0
2024-12-25 11:30:00+00:00,98469.01,0.34826294,0,1
2024-12-25 11:45:00+00:00,97907.61,0.32276818,0,1
2024-12-25 12:00:00+00:00,98057.86,0.3813003,0,1
2024-12-25 12:15:00+00:00,98152.47,0.3447493,0,1
2024-12-25 12:30:00+00:00,98529.8,0.356638,0,0
2024-12-25 12:45:00+00:00,98176.03,0.38728333,0,1
2024-12-25 13:00:00+00:00,98435.39,0.4433473,0,0
2024-12-25 13:15:00+00:00,98320.01,0.41439384,0,1
2024-12-25 13:30:00+00:00,98410.47,0.49577078,0,1
2024-12-25 13:45:00+00:00,98462.56,0.43808046,0,1
2024-12-25 14:00:00+00:00,98500.01,0.41692948,0,1
2024-12-25 14:15:00+00:00,98579.52,0.37158608,0,1
2024-12-25 14:30:00+00:00,98771.63,0.30963963,0,1
2024-12-25 14:45:00+00:00,98710.0,0.4006113,0,1
2024-12-25 15:00:00+00:00,98453.47,0.38339657,0,1
2024-12-25 15:15:00+00:00,98310.68,0.28008738,0,1
2024-12-25 15:30:00+00:00,98647.63,0.26508376,0,1
2024-12-25 15:45:00+00:00,98519.98,0.2299614,0,1
2024-12-25 16:00:00+00:00,98464.27,0.3081275,0,1
2024-12-25 16:15:00+00:00,98417.78,0.4862163,0,1
2024-12-25 16:30:00+00:00,98347.07,0.46722227,0,1
2024-12-25 16:45:00+00:00,98425.51,0.5190771,1,1
2024-12-25 17:00:00+00:00,98263.99,0.54516494,1,1
2024-12-25 17:15:00+00:00,98500.0,0.5672969,1,1
2024-12-25 17:30:00+00:00,98597.43,0.56028277,1,0
2024-12-25 17:45:00+00:00,98570.82,0.6192273,1,0
2024-12-25 18:00:00+00:00,98749.46,0.57607096,1,0
2024-12-25 18:15:00+00:00,98948.88,0.5445733,1,0
2024-12-25 18:30:00+00:00,98821.87,0.45398638,0,1
2024-12-25 18:45:00+00:00,98756.26,0.45251837,0,1
2024-12-25 19:00:00+00:00,98999.99,0.47310278,0,1
2024-12-25 19:15:00+00:00,98946.2,0.4285184,0,1
2024-12-25 19:30:00+00:00,99206.66,0.29810193,0,1
2024-12-25 19:45:00+00:00,99018.52,0.32899305,0,1
2024-12-25 20:00:00+00:00,99132.01,0.319966,0,1
2024-12-25 20:15:00+00:00,99339.65,0.38456348,0,0
2024-12-25 20:30:00+00:00,99000.01,0.36081016,0,1
2024-12-25 20:45:00+00:00,99144.62,0.3715893,0,0
2024-12-25 21:00:00+00:00,98941.65,0.29151344,0,0
2024-12-25 21:15:00+00:00,98670.44,0.29555097,0,1
2024-12-25 21:30:00+00:00,98391.0,0.2862094,0,1
2024-12-25 21:45:00+00:00,98506.36,0.25639817,0,1
2024-12-25 22:00:00+00:00,98472.43,0.20114625,0,1
2024-12-25 22:15:00+00:00,98739.0,0.24034771,0,1
2024-12-25 22:30:00+00:00,98849.14,0.18879004,0,1
2024-12-25 22:45:00+00:00,98811.16,0.22954686,0,0
2024-12-25 23:00:00+00:00,99271.98,0.1876686,0,0
2024-12-25 23:15:00+00:00,99137.58,0.20782182,0,0
2024-12-25 23:30:00+00:00,99319.28,0.22514555,0,0
2024-12-25 23:45:00+00:00,99429.6,0.2771188,0,0
2024-12-26 00:00:00+00:00,99718.03,0.2705667,0,0
2024-12-26 00:15:00+00:00,99316.73,0.27254874,0,0
2024-12-26 00:30:00+00:00,99203.05,0.26523963,0,0
2024-12-26 00:45:00+00:00,99028.66,0.2898602,0,0
2024-12-26 01:00:00+00:00,98605.11,0.28358257,0,0
2024-12-26 01:15:00+00:00,98796.5,0.2751324,0,0
2024-12-26 01:30:00+00:00,98741.89,0.27618298,0,0
2024-12-26 01:45:00+00:00,99057.01,0.2747283,0,0
2024-12-26 02:00:00+00:00,99076.0,0.29149276,0,0
2024-12-26 02:15:00+00:00,99115.01,0.33630565,0,0
2024-12-26 02:30:00+00:00,98900.0,0.35963556,0,0
2024-12-26 02:45:00+00:00,98750.34,0.43943322,0,0
2024-12-26 03:00:00+00:00,98714.72,0.3579079,0,0
2024-12-26 03:15:00+00:00,98829.49,0.3641819,0,0
2024-12-26 03:30:00+00:00,98897.67,0.33242872,0,0
2024-12-26 03:45:00+00:00,98995.17,0.30228546,0,0
2024-12-26 04:00:00+00:00,98607.41,0.35945153,0,0
2024-12-26 04:15:00+00:00,98542.29,0.33369356,0,0
2024-12-26 04:30:00+00:00,98474.74,0.38852242,0,0
2024-12-26 04:45:00+00:00,98300.0,0.35133925,0,0
2024-12-26 05:00:00+00:00,98106.09,0.36852258,0,0
2024-12-26 05:15:00+00:00,98272.34,0.3701425,0,0
2024-12-26 05:30:00+00:00,98375.8,0.46723166,0,0
2024-12-26 05:45:00+00:00,98375.01,0.43902716,0,0
2024-12-26 06:00:00+00:00,98348.07,0.41035882,0,0
2024-12-26 06:15:00+00:00,98198.81,0.5218633,1,0
2024-12-26 06:30:00+00:00,98157.8,0.49160218,0,0
2024-12-26 06:45:00+00:00,98121.2,0.49029705,0,0
2024-12-26 07:00:00+00:00,98264.82,0.5334326,1,0
2024-12-26 07:15:00+00:00,98043.52,0.48127878,0,0
2024-12-26 07:30:00+00:00,97987.2,0.53513896,1,0
2024-12-26 07:45:00+00:00,97719.99,0.535503,1,0
2024-12-26 08:00:00+00:00,96702.38,0.41943282,0,0
2024-12-26 08:15:00+00:00,96181.05,0.28602433,0,0
2024-12-26 08:30:00+00:00,96027.36,0.23030505,0,0
2024-12-26 08:45:00+00:00,95878.56,0.24407901,0,0
2024-12-26 09:00:00+00:00,95909.6,0.22827789,0,0
2024-12-26 09:15:00+00:00,95660.01,0.25622797,0,0
2024-12-26 09:30:00+00:00,95796.95,0.2658734,0,0
2024-12-26 09:45:00+00:00,95439.25,0.24356182,0,1
2024-12-26 10:00:00+00:00,95305.2,0.24088846,0,1
2024-12-26 10:15:00+00:00,95511.55,0.27789125,0,1
2024-12-26 10:30:00+00:00,95588.99,0.26058805,0,1
2024-12-26 10:45:00+00:00,95500.02,0.27490455,0,0
2024-12-26 11:00:00+00:00,95687.5,0.22402224,0,0
2024-12-26 11:15:00+00:00,95853.91,0.18640512,0,1
2024-12-26 11:30:00+00:00,95718.72,0.16710156,0,1
2024-12-26 11:45:00+00:00,95695.81,0.22404982,0,1
2024-12-26 12:00:00+00:00,95539.94,0.29135764,0,1
2024-12-26 12:15:00+00:00,95815.59,0.29805607,0,1
2024-12-26 12:30:00+00:00,95627.08,0.32561824,0,1
2024-12-26 12:45:00+00:00,95680.71,0.41784942,0,1
2024-12-26 13:00:00+00:00,95479.69,0.46542445,0,1
2024-12-26 13:15:00+00:00,95403.86,0.47895825,0,1
2024-12-26 13:30:00+00:00,95590.45,0.41758892,0,1
2024-12-26 13:45:00+00:00,95704.44,0.44043243,0,1
2024-12-26 14:00:00+00:00,96280.0,0.28239536,0,0
2024-12-26 14:15:00+00:00,95796.58,0.32110566,0,1
2024-12-26 14:30:00+00:00,95822.12,0.34278125,0,0
2024-12-26 14:45:00+00:00,95449.36,0.41513312,0,1
2024-12-26 15:00:00+00:00,95481.42,0.50522405,1,1
2024-12-26 15:15:00+00:00,96129.13,0.3750288,0,0
2024-12-26 15:30:00+00:00,95870.83,0.43109205,0,0
2024-12-26 15:45:00+00:00,96042.88,0.27642596,0,1
2024-12-26 16:00:00+00:00,96339.0,0.26696444,0,0
2024-12-26 16:15:00+00:00,95921.16,0.26322228,0,0
2024-12-26 16:30:00+00:00,96322.0,0.4385791,0,0
2024-12-26 16:45:00+00:00,96519.47,0.39883617,0,0
2024-12-26 17:00:00+00:00,96456.83,0.3674626,0,0
2024-12-26 17:15:00+00:00,95947.2,0.3576433,0,0
2024-12-26 17:30:00+00:00,96111.98,0.40760696,0,0
2024-12-26 17:45:00+00:00,95824.27,0.43594337,0,0
2024-12-26 18:00:00+00:00,95646.0,0.39618447,0,1
2024-12-26 18:15:00+00:00,95915.53,0.43101692,0,0
2024-12-26 18:30:00+00:00,95587.44,0.40921873,0,1
2024-12-26 18:45:00+00:00,95743.44,0.44637445,0,1
2024-12-26 19:00:00+00:00,95647.52,0.47783732,0,0
2024-12-26 19:15:00+00:00,95551.51,0.3919214,0,1
2024-12-26 19:30:00+00:00,95794.39,0.40366423,0,1
2024-12-26 19:45:00+00:00,96102.25,0.3871094,0,0
2024-12-26 20:00:00+00:00,95663.61,0.44751024,0,1
2024-12-26 20:15:00+00:00,95542.17,0.44592333,0,1
2024-12-26 20:30:00+00:00,95557.51,0.3873766,0,1
2024-12-26 20:45:00+00:00,95589.6,0.36456308,0,1
2024-12-26 21:00:00+00:00,95397.8,0.314425,0,1
2024-12-26 21:15:00+00:00,95746.85,0.3251021,0,0
2024-12-26 21:30:00+00:00,95869.14,0.32953307,0,1
2024-12-26 21:45:00+00:00,95812.63,0.2584588,0,1
2024-12-26 22:00:00+00:00,95849.98,0.45005512,0,1
2024-12-26 22:15:00+00:00,95766.15,0.4360433,0,1
2024-12-26 22:30:00+00:00,95625.01,0.4630762,0,1
2024-12-26 22:45:00+00:00,95821.92,0.42811033,0,1
2024-12-26 23:00:00+00:00,95486.98,0.39359078,0,1
2024-12-26 23:15:00+00:00,95675.99,0.444421,0,1
2024-12-26 23:30:00+00:00,95843.37,0.4688727,0,1
2024-12-26 23:45:00+00:00,95791.6,0.5207641,1,1
2024-12-27 00:00:00+00:00,95741.95,0.46171963,0,1
2024-12-27 00:15:00+00:00,95712.77,0.48828128,0,1
2024-12-27 00:30:00+00:00,95737.72,0.4269316,0,1
2024-12-27 00:45:00+00:00,95794.56,0.52457726,1,1
2024-12-27 01:00:00+00:00,95884.0,0.5692705,1,1
2024-12-27 01:15:00+00:00,95682.59,0.5509654,1,1
2024-12-27 01:30:00+00:00,96193.35,0.35064703,0,0
2024-12-27 01:45:00+00:00,95917.03,0.47429708,0,1
2024-12-27 02:00:00+00:00,96271.95,0.29800892,0,0
2024-12-27 02:15:00+00:00,96443.27,0.30033794,0,0
2024-12-27 02:30:00+00:00,96109.61,0.21130595,0,1
2024-12-27 02:45:00+00:00,96073.77,0.26419652,0,1
2024-12-27 03:00:00+00:00,96298.97,0.22076418,0,0
2024-12-27 03:15:00+00:00,96234.94,0.20413391,0,0
2024-12-27 03:30:00+00:00,96345.44,0.14496283,0,0
2024-12-27 03:45:00+00:00,96417.84,0.2076502,0,0
2024-12-27 04:00:00+00:00,96481.35,0.21456425,0,0
2024-12-27 04:15:00+00:00,96375.28,0.18991074,0,0
2024-12-27 04:30:00+00:00,96441.03,0.18839999,0,0
2024-12-27 04:45:00+00:00,96300.0,0.22022326,0,0
2024-12-27 05:00:00+00:00,96098.87,0.15246408,0,1
2024-12-27 05:15:00+00:00,96021.35,0.26498547,0,1
2024-12-27 05:30:00+00:00,96179.99,0.40710607,0,1
2024-12-27 05:45:00+00:00,96238.89,0.66887546,1,1
2024-12-27 06:00:00+00:00,96208.22,0.640269,1,1
2024-12-27 06:15:00+00:00,96343.14,0.5161173,1,1
2024-12-27 06:30:00+00:00,96475.91,0.6233735,1,0
2024-12-27 06:45:00+00:00,96594.16,0.50899005,1,1
2024-12-27 07:00:00+00:00,96116.04,0.6186643,1,1
2024-12-27 07:15:00+00:00,95549.65,0.5463952,1,1
2024-12-27 07:30:00+00:00,94900.01,0.23858835,0,1
2024-12-27 07:45:00+00:00,95104.76,0.28137872,0,1
2024-12-27 08:00:00+00:00,96020.49,0.37677932,0,1
2024-12-27 08:15:00+00:00,96080.13,0.3785324,0,1
2024-12-27 08:30:00+00:00,96053.95,0.3676493,0,1
2024-12-27 08:45:00+00:00,95724.02,0.39281836,0,1
2024-12-27 09:00:00+00:00,97298.54,0.3461087,0,0
2024-12-27 09:15:00+00:00,96868.74,0.30676457,0,0
2024-12-27 09:30:00+00:00,96892.0,0.35407808,0,0
2024-12-27 09:45:00+00:00,96774.13,0.37179694,0,0
2024-12-27 10:00:00+00:00,96744.29,0.35611725,0,0
2024-12-27 10:15:00+00:00,96585.34,0.39538848,0,0
2024-12-27 10:30:00+00:00,96433.89,0.39277452,0,0
2024-12-27 10:45:00+00:00,96605.46,0.40560463,0,0
2024-12-27 11:00:00+00:00,96597.79,0.26318064,0,0
2024-12-27 11:15:00+00:00,96561.43,0.24874227,0,0
2024-12-27 11:30:00+00:00,96626.5,0.21183619,0,0
2024-12-27 11:45:00+00:00,96952.38,0.24439567,0,0
2024-12-27 12:00:00+00:00,96869.63,0.19790669,0,0
2024-12-27 12:15:00+00:00,96733.46,0.23398039,0,0
2024-12-27 12:30:00+00:00,96669.69,0.38064328,0,0
2024-12-27 12:45:00+00:00,96686.75,0.51164204,1,0
2024-12-27 13:00:00+00:00,96380.19,0.4407025,0,0
2024-12-27 13:15:00+00:00,96423.2,0.3676266,0,0
2024-12-27 13:30:00+00:00,96470.46,0.39446738,0,0
2024-12-27 13:45:00+00:00,96407.99,0.5004635,1,0
2024-12-27 14:00:00+00:00,96127.32,0.60812765,1,0
2024-12-27 14:15:00+00:00,96348.0,0.5554226,1,0
2024-12-27 14:30:00+00:00,95380.85,0.32405415,0,0
2024-12-27 14:45:00+00:00,95691.99,0.33172998,0,0
2024-12-27 15:00:00+00:00,95324.0,0.38938275,0,0
2024-12-27 15:15:00+00:00,94680.02,0.3298374,0,0
2024-12-27 15:30:00+00:00,94269.27,0.39071804,0,1
2024-12-27 15:45:00+00:00,94573.75,0.4047383,0,1
2024-12-27 16:00:00+00:00,94241.67,0.43352032,0,1
2024-12-27 16:15:00+00:00,94659.98,0.39833474,0,0
2024-12-27 16:30:00+00:00,94451.99,0.3904677,0,0
2024-12-27 16:45:00+00:00,94165.92,0.3525358,0,1
2024-12-27 17:00:00+00:00,94128.2,0.35999095,0,1
2024-12-27 17:15:00+00:00,93766.36,0.3884514,0,1
2024-12-27 17:30:00+00:00,94239.99,0.37841758,0,1
2024-12-27 17:45:00+00:00,94291.3,0.42647,0,1
2024-12-27 18:00:00+00:00,94372.45,0.39958432,0,1
2024-12-27 18:15:00+00:00,94572.97,0.38676435,0,0
2024-12-27 18:30:00+00:00,94621.07,0.39636558,0,0
2024-12-27 18:45:00+00:00,94566.06,0.41247904,0,0
2024-12-27 19:00:00+00:00,94460.0,0.3463285,0,0
2024-12-27 19:15:00+00:00,94334.9,0.43502834,0,1
2024-12-27 19:30:00+00:00,94535.01,0.40178633,0,0
2024-12-27 19:45:00+00:00,94750.0,0.3973242,0,0
2024-12-27 20:00:00+00:00,94408.69,0.38098204,0,0
2024-12-27 20:15:00+00:00,94562.17,0.31623393,0,0
2024-12-27 20:30:00+00:00,94367.47,0.25482947,0,0
2024-12-27 20:45:00+00:00,94588.12,0.20448488,0,0
2024-12-27 21:00:00+00:00,94777.39,0.2625928,0,0
2024-12-27 21:15:00+00:00,94697.55,0.29334503,0,0
2024-12-27 21:30:00+00:00,94646.37,0.25616655,0,0
2024-12-27 21:45:00+00:00,94526.07,0.30365953,0,1
2024-12-27 22:00:00+00:00,94452.34,0.3218037,0,1
2024-12-27 22:15:00+00:00,94500.22,0.51504356,1,1
2024-12-27 22:30:00+00:00,94555.99,0.4592236,0,0
2024-12-27 22:45:00+00:00,94437.75,0.5233206,1,0
2024-12-27 23:00:00+00:00,94395.49,0.48857546,0,1
2024-12-27 23:15:00+00:00,94366.77,0.50971067,1,1
2024-12-27 23:30:00+00:00,94362.77,0.55992466,1,1
2024-12-27 23:45:00+00:00,94299.03,0.539894,1,1
2024-12-28 00:00:00+00:00,94395.28,0.63062197,1,1
2024-12-28 00:15:00+00:00,94458.81,0.6654101,1,1
2024-12-28 00:30:00+00:00,94350.0,0.63695514,1,1
2024-12-28 00:45:00+00:00,94398.75,0.6658775,1,1
2024-12-28 01:00:00+00:00,94300.0,0.6513632,1,1
2024-12-28 01:15:00+00:00,94261.95,0.6542083,1,1
2024-12-28 01:30:00+00:00,94477.18,0.5851836,1,1
2024-12-28 01:45:00+00:00,94556.93,0.5968828,1,1
2024-12-28 02:00:00+00:00,94584.79,0.662715,1,0
2024-12-28 02:15:00+00:00,94525.07,0.7369306,1,1
2024-12-28 02:30:00+00:00,94500.27,0.7425404,1,0
2024-12-28 02:45:00+00:00,94338.0,0.71076345,1,1
2024-12-28 03:00:00+00:00,94550.77,0.71922296,1,1
2024-12-28 03:15:00+00:00,94608.36,0.7304639,1,0
2024-12-28 03:30:00+00:00,94629.28,0.7719628,1,0
2024-12-28 03:45:00+00:00,94594.91,0.8012718,1,0
2024-12-28 04:00:00+00:00,94617.18,0.71750796,1,0
2024-12-28 04:15:00+00:00,94608.56,0.79055655,1,0
2024-12-28 04:30:00+00:00,94602.71,0.73910743,1,0
2024-12-28 04:45:00+00:00,94524.0,0.7848335,1,0
2024-12-28 05:00:00+00:00,94638.6,0.6420251,1,0
2024-12-28 05:15:00+00:00,94685.6,0.6785508,1,0
2024-12-28 05:30:00+00:00,94734.0,0.70862424,1,0
2024-12-28 05:45:00+00:00,94625.64,0.7181082,1,0
2024-12-28 06:00:00+00:00,94576.5,0.7301997,1,0
2024-12-28 06:15:00+00:00,94538.5,0.7929321,1,1
2024-12-28 06:30:00+00:00,94446.83,0.72385544,1,1
2024-12-28 06:45:00+00:00,94466.49,0.7171679,1,1
2024-12-28 07:00:00+00:00,94553.7,0.7089473,1,1
2024-12-28 07:15:00+00:00,94555.99,0.7625838,1,1
2024-12-28 07:30:00+00:00,94390.32,0.69519645,1,1
2024-12-28 07:45:00+00:00,94381.99,0.7893082,1,1
2024-12-28 08:00:00+00:00,94434.66,0.78113514,1,1
2024-12-28 08:15:00+00:00,94408.63,0.7573055,1,1
2024-12-28 08:30:00+00:00,94484.1,0.7598194,1,1
2024-12-28 08:45:00+00:00,94488.01,0.76720417,1,1
2024-12-28 09:00:00+00:00,94508.79,0.78346425,1,1
2024-12-28 09:15:00+00:00,94598.04,0.69505584,1,1
2024-12-28 09:30:00+00:00,94616.32,0.7087985,1,0
2024-12-28 09:45:00+00:00,94589.27,0.72533435,1,1
2024-12-28 10:00:00+00:00,94565.92,0.59688383,1,1
2024-12-28 10:15:00+00:00,94689.78,0.5456063,1,1
2024-12-28 10:30:00+00:00,94666.99,0.66641486,1,0
2024-12-28 10:45:00+00:00,94619.99,0.7172684,1,0
2024-12-28 11:00:00+00:00,94680.09,0.622965,1,0
2024-12-28 11:15:00+00:00,94739.96,0.61104673,1,0
2024-12-28 11:30:00+00:00,94700.01,0.58764786,1,0
2024-12-28 11:45:00+00:00,94754.83,0.52362734,1,0
2024-12-28 12:00:00+00:00,94761.71,0.64457774,1,0
2024-12-28 12:15:00+00:00,94649.99,0.70078933,1,0
2024-12-28 12:30:00+00:00,94643.86,0.7305909,1,1
2024-12-28 12:45:00+00:00,94599.57,0.7643773,1,1
2024-12-28 13:00:00+00:00,94729.42,0.746417,1,1
2024-12-28 13:15:00+00:00,94690.59,0.8464289,1,1
2024-12-28 13:30:00+00:00,94565.28,0.8366556,1,1
2024-12-28 13:45:00+00:00,94665.94,0.8595875,1,1
2024-12-28 14:00:00+00:00,94881.74,0.7699276,1,1
2024-12-28 14:15:00+00:00,94900.0,0.59060895,1,1
2024-12-28 14:30:00+00:00,94620.0,0.6446732,1,1
2024-12-28 14:45:00+00:00,94583.99,0.67513514,1,1
2024-12-28 15:00:00+00:00,94642.76,0.63481027,1,1
2024-12-28 15:15:00+00:00,94708.57,0.6379581,1,1
2024-12-28 15:30:00+00:00,94585.67,0.6457531,1,1
2024-12-28 15:45:00+00:00,94447.29,0.6563922,1,1
2024-12-28 16:00:00+00:00,94448.01,0.66333854,1,1
2024-12-28 16:15:00+00:00,94586.55,0.6533094,1,1
2024-12-28 16:30:00+00:00,94700.02,0.610444,1,1
2024-12-28 16:45:00+00:00,94874.89,0.6232263,1,1
2024-12-28 17:00:00+00:00,95002.52,0.38919586,0,1
2024-12-28 17:15:00+00:00,95108.71,0.3781289,0,0
2024-12-28 17:30:00+00:00,95016.74,0.47741622,0,1
2024-12-28 17:45:00+00:00,95022.57,0.583473,1,1
2024-12-28 18:00:00+00:00,94940.49,0.4970101,0,1
2024-12-28 18:15:00+00:00,94981.22,0.5084632,1,1
2024-12-28 18:30:00+00:00,94782.01,0.58603585,1,1
2024-12-28 18:45:00+00:00,94837.31,0.6580458,1,1
2024-12-28 19:00:00+00:00,94928.48,0.49459207,0,1
2024-12-28 19:15:00+00:00,95020.01,0.45806867,0,1
2024-12-28 19:30:00+00:00,95093.63,0.51814026,1,1
2024-12-28 19:45:00+00:00,95027.76,0.56567353,1,1
2024-12-28 20:00:00+00:00,94916.89,0.57452714,1,1
2024-12-28 20:15:00+00:00,94882.68,0.76137936,1,1
2024-12-28 20:30:00+00:00,94964.04,0.7864143,1,1
2024-12-28 20:45:00+00:00,95083.05,0.75605685,1,1
2024-12-28 21:00:00+00:00,95028.0,0.7995235,1,0
2024-12-28 21:15:00+00:00,95029.87,0.8352639,1,0
2024-12-28 21:30:00+00:00,95136.33,0.77968067,1,0
2024-12-28 21:45:00+00:00,95171.67,0.79788774,1,0
2024-12-28 22:00:00+00:00,95179.31,0.6814525,1,0
2024-12-28 22:15:00+00:00,95246.51,0.5205253,1,0
2024-12-28 22:30:00+00:00,95143.26,0.6352053,1,1
2024-12-28 22:45:00+00:00,95326.4,0.4969504,0,0
2024-12-28 23:00:00+00:00,95320.0,0.50094676,1,0
2024-12-28 23:15:00+00:00,95325.91,0.4586272,0,0
2024-12-28 23:30:00+00:00,95230.17,0.47267956,0,0
2024-12-28 23:45:00+00:00,95300.0,0.504199,1,0
2024-12-29 00:00:00+00:00,95190.48,0.49625492,0,1
2024-12-29 00:15:00+00:00,95140.09,0.74158543,1,1
2024-12-29 00:30:00+00:00,95167.91,0.68067896,1,0
2024-12-29 00:45:00+00:00,95148.49,0.708378,1,0
2024-12-29 01:00:00+00:00,94999.99,0.6643481,1,1
2024-12-29 01:15:00+00:00,95008.49,0.6329158,1,1
2024-12-29 01:30:00+00:00,94941.85,0.6390908,1,1
2024-12-29 01:45:00+00:00,94857.65,0.6960817,1,1
2024-12-29 02:00:00+00:00,95005.0,0.7052651,1,1
2024-12-29 02:15:00+00:00,95119.95,0.7666326,1,1
2024-12-29 02:30:00+00:00,95170.73,0.7964755,1,0
2024-12-29 02:45:00+00:00,95154.5,0.8054714,1,1
2024-12-29 03:00:00+00:00,95032.57,0.809031,1,1
2024-12-29 03:15:00+00:00,95124.01,0.7843214,1,0
2024-12-29 03:30:00+00:00,95144.58,0.84555244,1,1
2024-12-29 03:45:00+00:00,95172.4,0.8163277,1,1
2024-12-29 04:00:00+00:00,95217.84,0.8421609,1,0
2024-12-29 04:15:00+00:00,95145.82,0.80925673,1,0
2024-12-29 04:30:00+00:00,95071.21,0.8039382,1,1
2024-12-29 04:45:00+00:00,95126.39,0.8627155,1,0
2024-12-29 05:00:00+00:00,95103.19,0.83948344,1,0
2024-12-29 05:15:00+00:00,95168.09,0.6513502,1,1
2024-12-29 05:30:00+00:00,95081.0,0.7700287,1,1
2024-12-29 05:45:00+00:00,95118.89,0.83346075,1,1
2024-12-29 06:00:00+00:00,95044.07,0.7668897,1,1
2024-12-29 06:15:00+00:00,95165.17,0.77881193,1,0
2024-12-29 06:30:00+00:00,95141.3,0.8307823,1,1
2024-12-29 06:45:00+00:00,95181.7,0.81561637,1,0
2024-12-29 07:00:00+00:00,95150.01,0.84613204,1,0
2024-12-29 07:15:00+00:00,95118.87,0.82538134,1,1
2024-12-29 07:30:00+00:00,95196.2,0.84686637,1,0
2024-12-29 07:45:00+00:00,95272.04,0.78400016,1,0
2024-12-29 08:00:00+00:00,95166.82,0.79826295,1,0
2024-12-29 08:15:00+00:00,95131.66,0.84034586,1,0
2024-12-29 08:30:00+00:00,95088.54,0.8286677,1,0
2024-12-29 08:45:00+00:00,95123.33,0.85321575,1,0
2024-12-29 09:00:00+00:00,95057.24,0.8567936,1,0
2024-12-29 09:15:00+00:00,95183.45,0.870453,1,0
2024-12-29 09:30:00+00:00,95135.86,0.870308,1,0
2024-12-29 09:45:00+00:00,95190.49,0.8788208,1,0
2024-12-29 10:00:00+00:00,95168.93,0.8824158,1,0
2024-12-29 10:15:00+00:00,95110.0,0.8710685,1,0
2024-12-29 10:30:00+00:00,95227.39,0.79345983,1,0
2024-12-29 10:45:00+00:00,95167.83,0.85722136,1,0
2024-12-29 11:00:00+00:00,95096.01,0.86228114,1,0
2024-12-29 11:15:00+00:00,95129.88,0.8417239,1,0
2024-12-29 11:30:00+00:00,95129.05,0.8141597,1,0
2024-12-29 11:45:00+00:00,95032.57,0.81842273,1,0
2024-12-29 12:00:00+00:00,95117.39,0.8047138,1,0
2024-12-29 12:15:00+00:00,95000.0,0.8168261,1,0
2024-12-29 12:30:00+00:00,94954.3,0.76568407,1,0
2024-12-29 12:45:00+00:00,94907.89,0.7519833,1,0
2024-12-29 13:00:00+00:00,94989.68,0.6897394,1,0
2024-12-29 13:15:00+00:00,94876.5,0.743342,1,0
2024-12-29 13:30:00+00:00,94891.58,0.6844888,1,0
2024-12-29 13:45:00+00:00,94928.2,0.69634867,1,0
2024-12-29 14:00:00+00:00,94971.99,0.66722786,1,0
2024-12-29 14:15:00+00:00,94657.26,0.69135064,1,0
2024-12-29 14:30:00+00:00,94257.42,0.5432213,1,0
2024-12-29 14:45:00+00:00,94623.67,0.4026216,0,0
2024-12-29 15:00:00+00:00,94485.45,0.39972088,0,0
2024-12-29 15:15:00+00:00,94650.31,0.40259978,0,0
2024-12-29 15:30:00+00:00,94700.0,0.41402477,0,0
2024-12-29 15:45:00+00:00,94511.12,0.33958015,0,0
2024-12-29 16:00:00+00:00,94212.3,0.29443,0,0
2024-12-29 16:15:00+00:00,93980.01,0.32933733,0,0
2024-12-29 16:30:00+00:00,93724.06,0.29090238,0,0
2024-12-29 16:45:00+00:00,93900.01,0.2960212,0,0
2024-12-29 17:00:00+00:00,94084.95,0.35137495,0,0
2024-12-29 17:15:00+00:00,93865.07,0.3749282,0,1
2024-12-29 17:30:00+00:00,94019.99,0.36053345,0,0
2024-12-29 17:45:00+00:00,93945.01,0.4455352,0,0
2024-12-29 18:00:00+00:00,93899.99,0.42092857,0,0
2024-12-29 18:15:00+00:00,93768.45,0.53501415,1,0
2024-12-29 18:30:00+00:00,93754.03,0.51053345,1,0
2024-12-29 18:45:00+00:00,93652.0,0.4772031,0,0
2024-12-29 19:00:00+00:00,93697.17,0.5078379,1,0
2024-12-29 19:15:00+00:00,93726.3,0.566663,1,0
2024-12-29 19:30:00+00:00,93459.79,0.530666,1,1
2024-12-29 19:45:00+00:00,93612.89,0.5292212,1,1
2024-12-29 20:00:00+00:00,93498.25,0.55877435,1,1
2024-12-29 20:15:00+00:00,93498.71,0.5704766,1,1
2024-12-29 20:30:00+00:00,93679.74,0.50026816,1,0
2024-12-29 20:45:00+00:00,93858.55,0.62509483,1,0
2024-12-29 21:00:00+00:00,93749.22,0.63237226,1,0
2024-12-29 21:15:00+00:00,93872.26,0.6188391,1,0
2024-12-29 21:30:00+00:00,93782.75,0.61461306,1,1
2024-12-29 21:45:00+00:00,93352.65,0.43453798,0,1
2024-12-29 22:00:00+00:00,93310.95,0.4694413,0,1
2024-12-29 22:15:00+00:00,93310.01,0.43099636,0,1
2024-12-29 22:30:00+00:00,93655.54,0.45846513,0,0
2024-12-29 22:45:00+00:00,93135.32,0.37195516,0,1
2024-12-29 23:00:00+00:00,93055.81,0.23103032,0,1
2024-12-29 23:15:00+00:00,93500.55,0.24143876,0,1
2024-12-29 23:30:00+00:00,93713.2,0.23998968,0,1
2024-12-29 23:45:00+00:00,93738.2,0.2707506,0,0
2024-12-30 00:00:00+00:00,93720.44,0.23309392,0,1
2024-12-30 00:15:00+00:00,93671.68,0.29398444,0,0
2024-12-30 00:30:00+00:00,93570.51,0.2827038,0,1
2024-12-30 00:45:00+00:00,93583.96,0.35354304,0,0
2024-12-30 01:00:00+00:00,93413.94,0.2553772,0,1
2024-12-30 01:15:00+00:00,93861.89,0.19031128,0,0
2024-12-30 01:30:00+00:00,93783.0,0.20830075,0,0
2024-12-30 01:45:00+00:00,93948.42,0.2319669,0,0
2024-12-30 02:00:00+00:00,93627.37,0.2266101,0,1
2024-12-30 02:15:00+00:00,93532.0,0.20889102,0,1
2024-12-30 02:30:00+00:00,93610.04,0.2249955,0,1
2024-12-30 02:45:00+00:00,93906.41,0.20783924,0,0
2024-12-30 03:00:00+00:00,94014.73,0.2581984,0,0
2024-12-30 03:15:00+00:00,93890.62,0.27006358,0,0
2024-12-30 03:30:00+00:00,93766.87,0.27891883,0,0
2024-12-30 03:45:00+00:00,93722.71,0.41278562,0,1
2024-12-30 04:00:00+00:00,93821.64,0.37646383,0,0
2024-12-30 04:15:00+00:00,93555.98,0.4392441,0,1
2024-12-30 04:30:00+00:00,93616.31,0.40754166,0,1
2024-12-30 04:45:00+00:00,93280.26,0.47165877,0,1
2024-12-30 05:00:00+00:00,93419.67,0.52041173,1,1
2024-12-30 05:15:00+00:00,93249.95,0.48368105,0,1
2024-12-30 05:30:00+00:00,93420.39,0.30582562,0,1
2024-12-30 05:45:00+00:00,93581.53,0.30597562,0,1
2024-12-30 06:00:00+00:00,93704.34,0.5477576,1,1
2024-12-30 06:15:00+00:00,93886.19,0.46654853,0,1
2024-12-30 06:30:00+00:00,93821.74,0.52649236,1,1
2024-12-30 06:45:00+00:00,93901.29,0.53604245,1,0
2024-12-30 07:00:00+00:00,93804.48,0.4577758,0,0
2024-12-30 07:15:00+00:00,93546.71,0.5486417,1,1
2024-12-30 07:30:00+00:00,93597.06,0.39054665,0,1
2024-12-30 07:45:00+00:00,93731.65,0.44254702,0,1
2024-12-30 08:00:00+00:00,93787.61,0.6161756,1,1
2024-12-30 08:15:00+00:00,93835.7,0.5238735,1,1
2024-12-30 08:30:00+00:00,93851.02,0.4804326,0,1
2024-12-30 08:45:00+00:00,93851.11,0.5199111,1,0
2024-12-30 09:00:00+00:00,93810.49,0.522124,1,0
2024-12-30 09:15:00+00:00,93902.45,0.42754084,0,0
2024-12-30 09:30:00+00:00,93986.74,0.47458002,0,0
2024-12-30 09:45:00+00:00,93892.35,0.68917143,1,0
2024-12-30 10:00:00+00:00,94024.65,0.6518858,1,0
2024-12-30 10:15:00+00:00,93919.99,0.72139263,1,0
2024-12-30 10:30:00+00:00,93823.29,0.7133391,1,0
2024-12-30 10:45:00+00:00,93793.27,0.75710267,1,0
2024-12-30 11:00:00+00:00,93541.61,0.77244335,1,0
2024-12-30 11:15:00+00:00,93880.98,0.6996163,1,0
2024-12-30 11:30:00+00:00,93889.32,0.7074775,1,0
2024-12-30 11:45:00+00:00,93923.14,0.7664812,1,0
2024-12-30 12:00:00+00:00,93971.89,0.7861963,1,0
2024-12-30 12:15:00+00:00,94121.31,0.5780665,1,0
2024-12-30 12:30:00+00:00,93874.38,0.5749151,1,0
2024-12-30 12:45:00+00:00,93750.69,0.5788787,1,0
2024-12-30 13:00:00+00:00,93397.77,0.5835792,1,0
2024-12-30 13:15:00+00:00,93293.48,0.58802724,1,0
2024-12-30 13:30:00+00:00,93136.22,0.3738993,0,1
2024-12-30 13:45:00+00:00,92680.52,0.28654304,0,1
2024-12-30 14:00:00+00:00,92880.14,0.35276768,0,1
2024-12-30 14:15:00+00:00,93099.98,0.3208729,0,1
2024-12-30 14:30:00+00:00,92468.16,0.27455232,0,1
2024-12-30 14:45:00+00:00,91883.99,0.19648458,0,1
2024-12-30 15:00:00+00:00,91750.0,0.24314907,0,1
2024-12-30 15:15:00+00:00,91688.66,0.30315495,0,1
2024-12-30 15:30:00+00:00,92186.05,0.34250203,0,1
2024-12-30 15:45:00+00:00,92130.21,0.34702793,0,1
2024-12-30 16:00:00+00:00,92013.98,0.3477796,0,1
2024-12-30 16:15:00+00:00,91994.35,0.372702,0,1
2024-12-30 16:30:00+00:00,92161.49,0.41838324,0,1
2024-12-30 16:45:00+00:00,92120.6,0.43103853,0,1
2024-12-30 17:00:00+00:00,92120.02,0.43787813,0,1
2024-12-30 17:15:00+00:00,92538.03,0.36088938,0,1
2024-12-30 17:30:00+00:00,93964.0,0.3361624,0,0
2024-12-30 17:45:00+00:00,93832.83,0.306041,0,0
2024-12-30 18:00:00+00:00,94424.8,0.2886336,0,0
2024-12-30 18:15:00+00:00,94347.99,0.28016233,0,0
2024-12-30 18:30:00+00:00,94369.35,0.38167128,0,0
2024-12-30 18:45:00+00:00,94583.99,0.37704572,0,0
2024-12-30 19:00:00+00:00,94341.58,0.4105673,0,0
2024-12-30 19:15:00+00:00,94143.62,0.2487068,0,0
2024-12-30 19:30:00+00:00,94268.68,0.25593343,0,0
2024-12-30 19:45:00+00:00,94417.04,0.26801798,0,0
2024-12-30 20:00:00+00:00,94774.68,0.23256484,0,0
2024-12-30 20:15:00+00:00,94632.88,0.2544832,0,0
2024-12-30 20:30:00+00:00,94459.17,0.26634294,0,0
2024-12-30 20:45:00+00:00,94338.8,0.27364266,0,0
2024-12-30 21:00:00+00:00,94139.34,0.17667602,0,0
2024-12-30 21:15:00+00:00,93928.98,0.24207523,0,0
2024-12-30 21:30:00+00:00,92666.67,0.274117,0,0
2024-12-30 21:45:00+00:00,92076.0,0.33193946,0,1
2024-12-30 22:00:00+00:00,92580.49,0.41832402,0,0
2024-12-30 22:15:00+00:00,92597.02,0.4202386,0,0
2024-12-30 22:30:00+00:00,92871.23,0.37069407,0,0
2024-12-30 22:45:00+00:00,92784.75,0.3610147,0,0
2024-12-30 23:00:00+00:00,92515.16,0.38594192,0,0
2024-12-30 23:15:00+00:00,92684.26,0.36864996,0,0
2024-12-30 23:30:00+00:00,92756.49,0.34095818,0,0
2024-12-30 23:45:00+00:00,92792.05,0.39092845,0,0
2024-12-31 00:00:00+00:00,92831.1,0.37512907,0,0
2024-12-31 00:15:00+00:00,92564.29,0.41081262,0,1
2024-12-31 00:30:00+00:00,92667.99,0.40321502,0,0
2024-12-31 00:45:00+00:00,92450.0,0.40436,0,0
2024-12-31 01:00:00+00:00,92312.71,0.31424466,0,1
2024-12-31 01:15:00+00:00,92145.75,0.244978,0,1
2024-12-31 01:30:00+00:00,92455.7,0.31447402,0,1
2024-12-31 01:45:00+00:00,92435.57,0.2973474,0,1
2024-12-31 02:00:00+00:00,92498.4,0.40256882,0,1
2024-12-31 02:15:00+00:00,92596.73,0.4581246,0,1
2024-12-31 02:30:00+00:00,92510.21,0.47912967,0,1
2024-12-31 02:45:00+00:00,92476.35,0.53156066,1,1
2024-12-31 03:00:00+00:00,92336.96,0.49737903,0,1
2024-12-31 03:15:00+00:00,92555.28,0.4941548,0,1
2024-12-31 03:30:00+00:00,92445.17,0.5113608,1,1
2024-12-31 03:45:00+00:00,92509.59,0.4756148,0,1
2024-12-31 04:00:00+00:00,92655.56,0.43040285,0,1
2024-12-31 04:15:00+00:00,92608.56,0.5401829,1,1
2024-12-31 04:30:00+00:00,92556.62,0.5290185,1,1
2024-12-31 04:45:00+00:00,92448.0,0.44486192,0,1
2024-12-31 05:00:00+00:00,92500.01,0.6588882,1,1
2024-12-31 05:15:00+00:00,92601.14,0.5783991,1,1
2024-12-31 05:30:00+00:00,92690.53,0.57008016,1,1
2024-12-31 05:45:00+00:00,92596.08,0.6240233,1,1
2024-12-31 06:00:00+00:00,92840.25,0.43605796,0,1
2024-12-31 06:15:00+00:00,92813.02,0.48698106,0,1
2024-12-31 06:30:00+00:00,92706.93,0.45176518,0,1
2024-12-31 06:45:00+00:00,92816.0,0.4828832,0,1
2024-12-31 07:00:00+00:00,92852.81,0.47536185,0,1
2024-12-31 07:15:00+00:00,92856.66,0.48812273,0,1
2024-12-31 07:30:00+00:00,92837.17,0.5987766,1,1
2024-12-31 07:45:00+00:00,92860.75,0.67006797,1,1
2024-12-31 08:00:00+00:00,92969.21,0.6021136,1,1
2024-12-31 08:15:00+00:00,94097.36,0.5914958,1,1
2024-12-31 08:30:00+00:00,94258.39,0.45681864,0,1
2024-12-31 08:45:00+00:00,93933.38,0.29461312,0,1
2024-12-31 09:00:00+00:00,94026.46,0.2821165,0,1
2024-12-31 09:15:00+00:00,93968.0,0.298297,0,1
2024-12-31 09:30:00+00:00,94078.37,0.31910074,0,1
2024-12-31 09:45:00+00:00,94023.88,0.31881523,0,1
2024-12-31 10:00:00+00:00,93819.03,0.2661363,0,1
2024-12-31 10:15:00+00:00,94022.0,0.263926,0,1
2024-12-31 10:30:00+00:00,94187.93,0.25243756,0,1
2024-12-31 10:45:00+00:00,94113.69,0.26406312,0,1
2024-12-31 11:00:00+00:00,94109.1,0.22269127,0,1
2024-12-31 11:15:00+00:00,94065.6,0.2788947,0,1
2024-12-31 11:30:00+00:00,94196.85,0.24419676,0,1
2024-12-31 11:45:00+00:00,94232.68,0.31224915,0,1
2024-12-31 12:00:00+00:00,94388.5,0.32036313,0,1
2024-12-31 12:15:00+00:00,94802.96,0.44553146,0,1
2024-12-31 12:30:00+00:00,94675.17,0.48285884,0,1
2024-12-31 12:45:00+00:00,94539.85,0.48470616,0,1
2024-12-31 13:00:00+00:00,95110.99,0.30618826,0,0
2024-12-31 13:15:00+00:00,95744.0,0.43897966,0,0
2024-12-31 13:30:00+00:00,95632.47,0.4333909,0,0
2024-12-31 13:45:00+00:00,95587.12,0.42774692,0,0
2024-12-31 14:00:00+00:00,95900.62,0.28046983,0,0
2024-12-31 14:15:00+00:00,95848.3,0.22751112,0,0
2024-12-31 14:30:00+00:00,95755.99,0.3299754,0,0
2024-12-31 14:45:00+00:00,95679.17,0.35707223,0,0
2024-12-31 15:00:00+00:00,95424.92,0.29046386,0,0
2024-12-31 15:15:00+00:00,95575.76,0.25804347,0,0
2024-12-31 15:30:00+00:00,95732.22,0.26264212,0,0
2024-12-31 15:45:00+00:00,95412.0,0.30761406,0,0
2024-12-31 16:00:00+00:00,95480.8,0.2949292,0,0
2024-12-31 16:15:00+00:00,94957.28,0.2841225,0,0
2024-12-31 16:30:00+00:00,94858.94,0.32497007,0,0
2024-12-31 16:45:00+00:00,94868.42,0.4335216,0,0
2024-12-31 17:00:00+00:00,94949.41,0.5284771,1,0
2024-12-31 17:15:00+00:00,94538.08,0.5359929,1,0
2024-12-31 17:30:00+00:00,93718.73,0.4204585,0,1
2024-12-31 17:45:00+00:00,94120.94,0.43574676,0,0
2024-12-31 18:00:00+00:00,94198.99,0.38130265,0,0
2024-12-31 18:15:00+00:00,93979.48,0.44882828,0,0
2024-12-31 18:30:00+00:00,94079.19,0.45339268,0,0
2024-12-31 18:45:00+00:00,93875.68,0.45434558,0,0
2024-12-31 19:00:00+00:00,94238.78,0.42236865,0,0
2024-12-31 19:15:00+00:00,93930.14,0.4608628,0,0
2024-12-31 19:30:00+00:00,93819.98,0.45297033,0,0
2024-12-31 19:45:00+00:00,94166.88,0.4094933,0,0
2024-12-31 20:00:00+00:00,93946.24,0.41110575,0,0
2024-12-31 20:15:00+00:00,94091.4,0.40241584,0,0
2024-12-31 20:30:00+00:00,93689.22,0.35549158,0,1
2024-12-31 20:45:00+00:00,93564.04,0.35571137,0,1
2024-12-31 21:00:00+00:00,93567.29,0.41940635,0,1
2024-12-31 21:15:00+00:00,93609.85,0.40986225,0,1
2024-12-31 21:30:00+00:00,93920.5,0.4440068,0,1
2024-12-31 21:45:00+00:00,93899.68,0.44174084,0,0
2024-12-31 22:00:00+00:00,93757.58,0.3515706,0,1
2024-12-31 22:15:00+00:00,93722.23,0.512664,1,1
2024-12-31 22:30:00+00:00,93782.13,0.4978951,0,1
2024-12-31 22:45:00+00:00,93488.84,0.28661457,0,1
2024-12-31 23:00:00+00:00,93712.56,0.4603493,0,1
2024-12-31 23:15:00+00:00,93731.05,0.49503854,0,1
2024-12-31 23:30:00+00:00,93490.87,0.4576906,0,1
2024-12-31 23:45:00+00:00,93576.0,0.50223565,1,1
2025-01-01 00:00:00+00:00,93656.18,0.5432098,1,1
2025-01-01 00:15:00+00:00,93761.9,0.6111507,1,0
2025-01-01 00:30:00+00:00,93885.01,0.5218517,1,0
2025-01-01 00:45:00+00:00,94401.14,0.27924037,0,0
2025-01-01 01:00:00+00:00,94153.05,0.2164875,0,0
2025-01-01 01:15:00+00:00,93825.86,0.22470476,0,1
2025-01-01 01:30:00+00:00,93923.14,0.26216304,0,0
2025-01-01 01:45:00+00:00,93607.74,0.21499658,0,1
2025-01-01 02:00:00+00:00,93800.0,0.32689205,0,0
2025-01-01 02:15:00+00:00,93742.52,0.44066638,0,0
2025-01-01 02:30:00+00:00,93921.86,0.44854683,0,0
2025-01-01 02:45:00+00:00,94098.91,0.2554494,0,0
2025-01-01 03:00:00+00:00,93976.01,0.32526654,0,0
2025-01-01 03:15:00+00:00,93830.89,0.2997496,0,0
2025-01-01 03:30:00+00:00,93857.04,0.4043143,0,0
2025-01-01 03:45:00+00:00,93838.04,0.5842361,1,0
2025-01-01 04:00:00+00:00,93711.19,0.5298931,1,1
2025-01-01 04:15:00+00:00,93738.09,0.6589476,1,0
2025-01-01 04:30:00+00:00,93645.13,0.7755499,1,0
2025-01-01 04:45:00+00:00,93553.91,0.7712183,1,0
2025-01-01 05:00:00+00:00,93638.5,0.7977855,1,0
2025-01-01 05:15:00+00:00,93891.74,0.70035696,1,0
2025-01-01 05:30:00+00:00,93857.65,0.8082837,1,0
2025-01-01 05:45:00+00:00,93792.02,0.7996418,1,0
2025-01-01 06:00:00+00:00,93603.22,0.78629035,1,0
2025-01-01 06:15:00+00:00,93654.5,0.7869142,1,0
2025-01-01 06:30:00+00:00,93720.0,0.77231646,1,0
2025-01-01 06:45:00+00:00,93757.58,0.7933431,1,0
2025-01-01 07:00:00+00:00,93685.25,0.8233486,1,0
2025-01-01 07:15:00+00:00,93786.03,0.8004455,1,0
2025-01-01 07:30:00+00:00,93741.15,0.7510071,1,0
2025-01-01 07:45:00+00:00,93684.1,0.7317073,1,0
2025-01-01 08:00:00+00:00,93746.39,0.7076885,1,0
2025-01-01 08:15:00+00:00,93416.41,0.76973206,1,1
2025-01-01 08:30:00+00:00,93476.46,0.81188613,1,1
2025-01-01 08:45:00+00:00,93428.46,0.7536614,1,1
2025-01-01 09:00:00+00:00,93327.15,0.75628024,1,1
2025-01-01 09:15:00+00:00,93141.91,0.67428297,1,1
2025-01-01 09:30:00+00:00,93106.31,0.55616397,1,1
2025-01-01 09:45:00+00:00,93413.06,0.5032653,1,1
2025-01-01 10:00:00+00:00,93384.27,0.482261,0,1
2025-01-01 10:15:00+00:00,93410.25,0.5161742,1,1
2025-01-01 10:30:00+00:00,93397.96,0.61731136,1,1
2025-01-01 10:45:00+00:00,93326.23,0.68435055,1,1
2025-01-01 11:00:00+00:00,93331.58,0.6140807,1,1
2025-01-01 11:15:00+00:00,93485.88,0.6495811,1,1
2025-01-01 11:30:00+00:00,93593.24,0.6755568,1,1
2025-01-01 11:45:00+00:00,93444.64,0.6649744,1,1
2025-01-01 12:00:00+00:00,93451.38,0.7178309,1,1
2025-01-01 12:15:00+00:00,93888.31,0.4982577,0,1
2025-01-01 12:30:00+00:00,93782.5,0.5655606,1,1
2025-01-01 12:45:00+00:00,93820.76,0.59593755,1,1
2025-01-01 13:00:00+00:00,93658.13,0.49541497,0,1
2025-01-01 13:15:00+00:00,93729.3,0.5525173,1,1
2025-01-01 13:30:00+00:00,93776.51,0.49264205,0,1
2025-01-01 13:45:00+00:00,94031.76,0.44007123,0,1
2025-01-01 14:00:00+00:00,94245.19,0.43457854,0,0
2025-01-01 14:15:00+00:00,93919.99,0.5138504,1,1
2025-01-01 14:30:00+00:00,93976.51,0.3628383,0,1
2025-01-01 14:45:00+00:00,94175.89,0.42477453,0,1
2025-01-01 15:00:00+00:00,93982.33,0.3436985,0,1
2025-01-01 15:15:00+00:00,94160.5,0.37578642,0,1
2025-01-01 15:30:00+00:00,94247.18,0.40939674,0,1
2025-01-01 15:45:00+00:00,94432.94,0.41940212,0,1
2025-01-01 16:00:00+00:00,94274.63,0.3627743,0,1
2025-01-01 16:15:00+00:00,94149.98,0.36425027,0,1
2025-01-01 16:30:00+00:00,94017.38,0.33495802,0,1
2025-01-01 16:45:00+00:00,94090.49,0.30397364,0,1
2025-01-01 17:00:00+00:00,93863.12,0.39872995,0,1
2025-01-01 17:15:00+00:00,93973.11,0.39726728,0,1
2025-01-01 17:30:00+00:00,94027.41,0.6272396,1,1
2025-01-01 17:45:00+00:00,94143.85,0.6143771,1,1
2025-01-01 18:00:00+00:00,93999.51,0.6123457,1,1
2025-01-01 18:15:00+00:00,94208.43,0.61163425,1,1
2025-01-01 18:30:00+00:00,94278.71,0.62438357,1,1
2025-01-01 18:45:00+00:00,94340.06,0.7327277,1,1
2025-01-01 19:00:00+00:00,94353.01,0.75247294,1,1
2025-01-01 19:15:00+00:00,94261.99,0.7394168,1,1
2025-01-01 19:30:00+00:00,94447.76,0.7598988,1,1
2025-01-01 19:45:00+00:00,94627.07,0.41272584,0,0
2025-01-01 20:00:00+00:00,94696.79,0.45617145,0,0
2025-01-01 20:15:00+00:00,94711.84,0.2973811,0,1
2025-01-01 20:30:00+00:00,94724.02,0.44504023,0,1
2025-01-01 20:45:00+00:00,94786.23,0.50919664,1,1
2025-01-01 21:00:00+00:00,94772.73,0.51887834,1,1
2025-01-01 21:15:00+00:00,94955.98,0.5313642,1,1
2025-01-01 21:30:00+00:00,94788.8,0.4736169,0,1
2025-01-01 21:45:00+00:00,94978.48,0.5195066,1,0
2025-01-01 22:00:00+00:00,94836.01,0.48015904,0,1
2025-01-01 22:15:00+00:00,94735.5,0.52157956,1,1
2025-01-01 22:30:00+00:00,94955.21,0.48919544,0,1
2025-01-01 22:45:00+00:00,94802.98,0.52505124,1,1
2025-01-01 23:00:00+00:00,94853.31,0.36527553,0,1
2025-01-01 23:15:00+00:00,94637.69,0.42307046,0,1
2025-01-01 23:30:00+00:00,94732.01,0.62524533,1,1
2025-01-01 23:45:00+00:00,94591.79,0.6870691,1,1
2025-01-02 00:00:00+00:00,94530.31,0.6686644,1,1
2025-01-02 00:15:00+00:00,94928.71,0.54489005,1,1
2025-01-02 00:30:00+00:00,95105.0,0.43972522,0,1
2025-01-02 00:45:00+00:00,95128.59,0.43307853,0,1
2025-01-02 01:00:00+00:00,95337.0,0.295254,0,1
2025-01-02 01:15:00+00:00,95081.09,0.42439678,0,1
2025-01-02 01:30:00+00:00,94996.5,0.41136152,0,1
2025-01-02 01:45:00+00:00,94862.72,0.48325172,0,1
2025-01-02 02:00:00+00:00,95020.53,0.46380618,0,1
2025-01-02 02:15:00+00:00,95026.52,0.3932924,0,1
2025-01-02 02:30:00+00:00,95027.01,0.41572925,0,1
2025-01-02 02:45:00+00:00,95234.36,0.29316005,0,1
2025-01-02 03:00:00+00:00,95005.1,0.38814563,0,1
2025-01-02 03:15:00+00:00,95075.77,0.38472843,0,1
2025-01-02 03:30:00+00:00,94922.26,0.35202307,0,1
2025-01-02 03:45:00+00:00,95010.33,0.532974,1,1
2025-01-02 04:00:00+00:00,95157.15,0.41994563,0,1
2025-01-02 04:15:00+00:00,95173.88,0.6675895,1,1
2025-01-02 04:30:00+00:00,95812.79,0.26655078,0,1
2025-01-02 04:45:00+00:00,95708.07,0.30506915,0,1
2025-01-02 05:00:00+00:00,95470.01,0.2724782,0,1
2025-01-02 05:15:00+00:00,95760.99,0.27442682,0,1
2025-01-02 05:30:00+00:00,95772.72,0.4435536,0,1
2025-01-02 05:45:00+00:00,95596.48,0.37549847,0,1
2025-01-02 06:00:00+00:00,95531.25,0.39958417,0,1
2025-01-02 06:15:00+00:00,95460.0,0.40891188,0,1
2025-01-02 06:30:00+00:00,95530.3,0.40503117,0,1
2025-01-02 06:45:00+00:00,95574.99,0.49278003,0,1
2025-01-02 07:00:00+00:00,95699.98,0.4411088,0,1
2025-01-02 07:15:00+00:00,95773.3,0.42272994,0,1
2025-01-02 07:30:00+00:00,95840.0,0.48525953,0,1
2025-01-02 07:45:00+00:00,95822.0,0.467359,0,1
2025-01-02 08:00:00+00:00,95963.58,0.5361556,1,1
2025-01-02 08:15:00+00:00,95721.42,0.5181828,1,1
2025-01-02 08:30:00+00:00,95944.31,0.4257927,0,1
2025-01-02 08:45:00+00:00,96150.0,0.3748335,0,1
2025-01-02 09:00:00+00:00,96199.96,0.36430007,0,1
2025-01-02 09:15:00+00:00,96393.5,0.3580914,0,1
2025-01-02 09:30:00+00:00,96350.0,0.4355491,0,1
2025-01-02 09:45:00+00:00,96755.51,0.42013335,0,0
2025-01-02 10:00:00+00:00,96606.14,0.4470871,0,0
2025-01-02 10:15:00+00:00,96697.95,0.48252586,0,0
2025-01-02 10:30:00+00:00,96610.39,0.45381898,0,1
2025-01-02 10:45:00+00:00,96708.0,0.45838973,0,1
2025-01-02 11:00:00+00:00,96759.98,0.45469233,0,1
2025-01-02 11:15:00+00:00,96556.16,0.46504658,0,1
2025-01-02 11:30:00+00:00,96691.9,0.51606166,1,0
2025-01-02 11:45:00+00:00,96732.99,0.5661236,1,0
2025-01-02 12:00:00+00:00,96806.26,0.49668694,0,0
2025-01-02 12:15:00+00:00,96754.72,0.47887868,0,1
2025-01-02 12:30:00+00:00,96672.01,0.5033998,1,1
2025-01-02 12:45:00+00:00,96850.01,0.4703249,0,1
2025-01-02 13:00:00+00:00,96764.52,0.47450882,0,1
2025-01-02 13:15:00+00:00,96763.6,0.48407996,0,1
2025-01-02 13:30:00+00:00,96668.0,0.70136356,1,0
2025-01-02 13:45:00+00:00,96458.17,0.6687645,1,1
2025-01-02 14:00:00+00:00,96368.06,0.64777726,1,1
2025-01-02 14:15:00+00:00,96474.83,0.6755359,1,1
2025-01-02 14:30:00+00:00,96812.44,0.42531273,0,1
2025-01-02 14:45:00+00:00,97256.49,0.2534269,0,1
2025-01-02 15:00:00+00:00,97034.78,0.2796843,0,1
2025-01-02 15:15:00+00:00,96666.85,0.48230982,0,1
2025-01-02 15:30:00+00:00,96346.24,0.42605036,0,1
2025-01-02 15:45:00+00:00,96455.01,0.44161907,0,1
2025-01-02 16:00:00+00:00,96652.57,0.49300075,0,1
2025-01-02 16:15:00+00:00,97387.15,0.3432407,0,1
2025-01-02 16:30:00+00:00,97438.33,0.4083037,0,1
2025-01-02 16:45:00+00:00,97229.74,0.4390212,0,1
2025-01-02 17:00:00+00:00,97546.33,0.52635247,1,0
2025-01-02 17:15:00+00:00,97084.41,0.3853043,0,1
2025-01-02 17:30:00+00:00,96660.0,0.3966803,0,1
2025-01-02 17:45:00+00:00,96757.57,0.37923813,0,1
2025-01-02 18:00:00+00:00,96848.49,0.3729585,0,1
2025-01-02 18:15:00+00:00,96903.0,0.4044797,0,0
2025-01-02 18:30:00+00:00,97090.54,0.45876065,0,0
2025-01-02 18:45:00+00:00,97319.74,0.32414213,0,0
2025-01-02 19:00:00+00:00,97482.91,0.30445528,0,0
2025-01-02 19:15:00+00:00,97600.0,0.34626707,0,0
2025-01-02 19:30:00+00:00,97415.65,0.3494689,0,0
2025-01-02 19:45:00+00:00,97317.74,0.35143086,0,0
2025-01-02 20:00:00+00:00,97769.23,0.33975032,0,0
2025-01-02 20:15:00+00:00,97600.0,0.2915362,0,0
2025-01-02 20:30:00+00:00,97462.0,0.36605287,0,0
2025-01-02 20:45:00+00:00,97306.46,0.30602735,0,0
2025-01-02 21:00:00+00:00,97219.73,0.34378466,0,0
2025-01-02 21:15:00+00:00,97124.48,0.33522466,0,0
2025-01-02 21:30:00+00:00,97200.0,0.3444172,0,0
2025-01-02 21:45:00+00:00,97212.68,0.2998371,0,0
2025-01-02 22:00:00+00:00,97000.48,0.29507524,0,1
2025-01-02 22:15:00+00:00,96882.8,0.33233926,0,1
2025-01-02 22:30:00+00:00,96916.95,0.39468056,0,1
2025-01-02 22:45:00+00:00,96911.04,0.43289477,0,1
2025-01-02 23:00:00+00:00,96848.49,0.42702043,0,1
2025-01-02 23:15:00+00:00,96973.53,0.4333564,0,0
2025-01-02 23:30:00+00:00,96997.53,0.39068788,0,0
2025-01-02 23:45:00+00:00,96984.79,0.4075107,0,1
2025-01-03 00:00:00+00:00,96945.21,0.49620163,0,1
2025-01-03 00:15:00+00:00,97025.92,0.54082936,1,0
2025-01-03 00:30:00+00:00,96913.84,0.583572,1,0
2025-01-03 00:45:00+00:00,96825.82,0.60229665,1,0
2025-01-03 01:00:00+00:00,96730.0,0.7174662,1,1
2025-01-03 01:15:00+00:00,96907.12,0.7638072,1,0
2025-01-03 01:30:00+00:00,96746.46,0.7606327,1,1
2025-01-03 01:45:00+00:00,96985.47,0.79511744,1,0
2025-01-03 02:00:00+00:00,97100.0,0.7893116,1,0
2025-01-03 02:15:00+00:00,97259.0,0.64475924,1,0
2025-01-03 02:30:00+00:00,97083.9,0.69348985,1,0
2025-01-03 02:45:00+00:00,96966.85,0.70766187,1,0
2025-01-03 03:00:00+00:00,96980.01,0.77903366,1,0
2025-01-03 03:15:00+00:00,96941.88,0.7266673,1,0
2025-01-03 03:30:00+00:00,96936.04,0.75560737,1,0
2025-01-03 03:45:00+00:00,97062.3,0.7918269,1,0
2025-01-03 04:00:00+00:00,96962.4,0.7828348,1,0
2025-01-03 04:15:00+00:00,96920.26,0.8060941,1,0
2025-01-03 04:30:00+00:00,96895.99,0.7838053,1,0
2025-01-03 04:45:00+00:00,96813.41,0.797256,1,0
2025-01-03 05:00:00+00:00,96769.15,0.7051344,1,0
2025-01-03 05:15:00+00:00,96678.76,0.6344787,1,0
2025-01-03 05:30:00+00:00,96750.36,0.67457384,1,0
2025-01-03 05:45:00+00:00,96765.34,0.7848339,1,0
2025-01-03 06:00:00+00:00,96865.19,0.7744477,1,0
2025-01-03 06:15:00+00:00,96668.0,0.75963086,1,0
2025-01-03 06:30:00+00:00,96672.0,0.75923055,1,0
2025-01-03 06:45:00+00:00,96539.49,0.74687666,1,0
2025-01-03 07:00:00+00:00,96542.05,0.7653218,1,0
2025-01-03 07:15:00+00:00,96452.07,0.69800746,1,1
2025-01-03 07:30:00+00:00,96384.84,0.7110107,1,1
2025-01-03 07:45:00+00:00,96304.0,0.7220365,1,1
2025-01-03 08:00:00+00:00,96463.93,0.69157845,1,1
2025-01-03 08:15:00+00:00,96341.01,0.68606985,1,1
2025-01-03 08:30:00+00:00,96266.41,0.53800946,1,1
2025-01-03 08:45:00+00:00,96129.97,0.55019814,1,1
2025-01-03 09:00:00+00:00,96337.69,0.53046936,1,1
2025-01-03 09:15:00+00:00,96491.86,0.68129665,1,1
2025-01-03 09:30:00+00:00,96637.81,0.7486686,1,0
2025-01-03 09:45:00+00:00,96554.32,0.76007384,1,0
2025-01-03 10:00:00+00:00,96426.51,0.7507192,1,1
2025-01-03 10:15:00+00:00,96537.0,0.77951956,1,1
2025-01-03 10:30:00+00:00,96482.71,0.7585944,1,1
2025-01-03 10:45:00+00:00,96488.53,0.8051477,1,1
2025-01-03 11:00:00+00:00,96510.04,0.8323115,1,1
2025-01-03 11:15:00+00:00,96750.0,0.5458524,1,1
2025-01-03 11:30:00+00:00,96677.34,0.7172237,1,1
2025-01-03 11:45:00+00:00,96757.58,0.57640296,1,1
2025-01-03 12:00:00+00:00,96859.67,0.56334144,1,1
2025-01-03 12:15:00+00:00,96893.04,0.55640703,1,1
2025-01-03 12:30:00+00:00,96713.39,0.60746235,1,1
2025-01-03 12:45:00+00:00,96666.66,0.79923743,1,1
2025-01-03 13:00:00+00:00,96632.13,0.77079505,1,1
2025-01-03 13:15:00+00:00,96538.96,0.7348084,1,1
2025-01-03 13:30:00+00:00,96621.69,0.6931607,1,1
2025-01-03 13:45:00+00:00,96504.79,0.7831566,1,1
2025-01-03 14:00:00+00:00,96784.0,0.6988799,1,1
2025-01-03 14:15:00+00:00,97084.6,0.54259574,1,1
2025-01-03 14:30:00+00:00,97251.98,0.45425406,0,1
2025-01-03 14:45:00+00:00,97016.01,0.34970492,0,1
2025-01-03 15:00:00+00:00,97156.95,0.21823606,0,1
2025-01-03 15:15:00+00:00,97263.78,0.23129666,0,1
2025-01-03 15:30:00+00:00,97432.81,0.26534468,0,1
2025-01-03 15:45:00+00:00,97521.35,0.28434846,0,1
2025-01-03 16:00:00+00:00,97633.12,0.30935192,0,1
2025-01-03 16:15:00+00:00,98066.0,0.36084795,0,1
2025-01-03 16:30:00+00:00,98147.35,0.27732986,0,1
2025-01-03 16:45:00+00:00,97868.2,0.26561257,0,1
2025-01-03 17:00:00+00:00,97919.28,0.22046566,0,1
2025-01-03 17:15:00+00:00,98164.02,0.28058764,0,1
2025-01-03 17:30:00+00:00,98214.08,0.26448113,0,1
2025-01-03 17:45:00+00:00,98026.0,0.21615587,0,1
2025-01-03 18:00:00+00:00,98323.86,0.2370998,0,1
2025-01-03 18:15:00+00:00,98481.73,0.23307484,0,0
2025-01-03 18:30:00+00:00,98432.0,0.24340586,0,0
2025-01-03 18:45:00+00:00,98527.98,0.29237837,0,0
2025-01-03 19:00:00+00:00,98900.0,0.27763858,0,0
2025-01-03 19:15:00+00:00,98697.85,0.2309296,0,0
2025-01-03 19:30:00+00:00,98698.23,0.27066615,0,0
2025-01-03 19:45:00+00:00,98592.01,0.3992714,0,0
2025-01-03 20:00:00+00:00,98479.56,0.4860626,0,0
2025-01-03 20:15:00+00:00,98618.09,0.50824714,1,0
2025-01-03 20:30:00+00:00,98453.89,0.46699536,0,0
2025-01-03 20:45:00+00:00,98311.52,0.4550046,0,0
2025-01-03 21:00:00+00:00,98206.18,0.43309873,0,0
2025-01-03 21:15:00+00:00,98274.48,0.44351247,0,0
2025-01-03 21:30:00+00:00,98325.58,0.43230063,0,0
2025-01-03 21:45:00+00:00,98272.7,0.3998786,0,0
2025-01-03 22:00:00+00:00,98372.33,0.63177145,1,0
2025-01-03 22:15:00+00:00,98460.37,0.69877785,1,0
2025-01-03 22:30:00+00:00,98408.56,0.801785,1,0
2025-01-03 22:45:00+00:00,98296.37,0.82066864,1,1
2025-01-03 23:00:00+00:00,98277.76,0.7907818,1,0
2025-01-03 23:15:00+00:00,98101.01,0.77275515,1,0
2025-01-03 23:30:00+00:00,98174.18,0.8068909,1,1
2025-01-03 23:45:00+00:00,98174.18,0.813731,1,1
2025-01-04 00:00:00+00:00,98111.11,0.71357065,1,0
2025-01-04 00:15:00+00:00,98094.02,0.78364587,1,0
2025-01-04 00:30:00+00:00,97986.21,0.73882663,1,1
2025-01-04 00:45:00+00:00,97950.01,0.76575,1,1
2025-01-04 01:00:00+00:00,97888.78,0.7250245,1,1
2025-01-04 01:15:00+00:00,97960.15,0.7667392,1,1
2025-01-04 01:30:00+00:00,98060.11,0.7615882,1,1
2025-01-04 01:45:00+00:00,98040.0,0.7888099,1,1
2025-01-04 02:00:00+00:00,97922.75,0.7181539,1,1
2025-01-04 02:15:00+00:00,97900.67,0.77842325,1,1
2025-01-04 02:30:00+00:00,98141.1,0.77235776,1,0
2025-01-04 02:45:00+00:00,98304.51,0.6935193,1,0
2025-01-04 03:00:00+00:00,98168.66,0.7412148,1,1
2025-01-04 03:15:00+00:00,98086.8,0.79989177,1,1
2025-01-04 03:30:00+00:00,98246.96,0.79049456,1,1
2025-01-04 03:45:00+00:00,98200.0,0.7758581,1,1
2025-01-04 04:00:00+00:00,97933.46,0.7571957,1,1
2025-01-04 04:15:00+00:00,97948.87,0.81368953,1,1
2025-01-04 04:30:00+00:00,97999.99,0.73077106,1,1
2025-01-04 04:45:00+00:00,98001.0,0.7246593,1,0
2025-01-04 05:00:00+00:00,98034.37,0.7770436,1,0
2025-01-04 05:15:00+00:00,98143.44,0.71055853,1,0
2025-01-04 05:30:00+00:00,98186.51,0.546809,1,0
2025-01-04 05:45:00+00:00,98126.21,0.6274982,1,0
2025-01-04 06:00:00+00:00,98063.32,0.65596,1,0
2025-01-04 06:15:00+00:00,98073.02,0.68951887,1,0
2025-01-04 06:30:00+00:00,98055.49,0.7168961,1,0
2025-01-04 06:45:00+00:00,98127.54,0.66862947,1,0
2025-01-04 07:00:00+00:00,98228.83,0.6757959,1,0
2025-01-04 07:15:00+00:00,98193.71,0.5640472,1,0
2025-01-04 07:30:00+00:00,98291.03,0.48734516,0,0
2025-01-04 07:45:00+00:00,98271.88,0.5167698,1,0
2025-01-04 08:00:00+00:00,98248.99,0.51307154,1,0
2025-01-04 08:15:00+00:00,98185.85,0.5073876,1,0
2025-01-04 08:30:00+00:00,98136.76,0.6664849,1,0
2025-01-04 08:45:00+00:00,97906.07,0.6652736,1,0
2025-01-04 09:00:00+00:00,97850.0,0.7144388,1,1
2025-01-04 09:15:00+00:00,97873.39,0.7149788,1,0
2025-01-04 09:30:00+00:00,97804.33,0.74002975,1,1
2025-01-04 09:45:00+00:00,97690.37,0.7107621,1,1
2025-01-04 10:00:00+00:00,97708.93,0.77225137,1,1
2025-01-04 10:15:00+00:00,97736.17,0.7663792,1,1
2025-01-04 10:30:00+00:00,97824.65,0.77277464,1,1
2025-01-04 10:45:00+00:00,97789.32,0.812739,1,1
2025-01-04 11:00:00+00:00,97771.74,0.7803268,1,1
2025-01-04 11:15:00+00:00,97758.89,0.762437,1,1
2025-01-04 11:30:00+00:00,97839.75,0.772729,1,0
2025-01-04 11:45:00+00:00,97889.39,0.75305206,1,0
2025-01-04 12:00:00+00:00,97840.0,0.7661501,1,0
2025-01-04 12:15:00+00:00,97921.89,0.74855953,1,0
2025-01-04 12:30:00+00:00,97867.43,0.7401134,1,0
2025-01-04 12:45:00+00:00,97888.12,0.7480438,1,0
2025-01-04 13:00:00+00:00,97896.0,0.70446825,1,0
2025-01-04 13:15:00+00:00,97849.51,0.6019177,1,0
2025-01-04 13:30:00+00:00,97876.31,0.6518469,1,1
2025-01-04 13:45:00+00:00,97973.05,0.54118216,1,1
2025-01-04 14:00:00+00:00,97867.13,0.7130337,1,1
2025-01-04 14:15:00+00:00,98000.0,0.464348,0,1
2025-01-04 14:30:00+00:00,98059.98,0.5157557,1,0
2025-01-04 14:45:00+00:00,98035.04,0.55629224,1,0
2025-01-04 15:00:00+00:00,97997.81,0.5406767,1,1
2025-01-04 15:15:00+00:00,97832.06,0.79060906,1,1
2025-01-04 15:30:00+00:00,97637.63,0.75227386,1,1
2025-01-04 15:45:00+00:00,97657.94,0.76753175,1,1
2025-01-04 16:00:00+00:00,97780.29,0.77601045,1,1
2025-01-04 16:15:00+00:00,97703.12,0.79202175,1,1
2025-01-04 16:30:00+00:00,97636.42,0.7374194,1,1
2025-01-04 16:45:00+00:00,97704.6,0.82800734,1,1
2025-01-04 17:00:00+00:00,97774.69,0.83084023,1,1
2025-01-04 17:15:00+00:00,97780.29,0.82881737,1,1
2025-01-04 17:30:00+00:00,97877.01,0.81291324,1,1
2025-01-04 17:45:00+00:00,98016.26,0.7885708,1,1
2025-01-04 18:00:00+00:00,98065.12,0.8217072,1,1
2025-01-04 18:15:00+00:00,98057.28,0.803394,1,1
2025-01-04 18:30:00+00:00,98046.4,0.82937706,1,1
2025-01-04 18:45:00+00:00,97961.56,0.7721758,1,1
2025-01-04 19:00:00+00:00,98123.44,0.54362637,1,1
2025-01-04 19:15:00+00:00,98167.17,0.5313354,1,1
2025-01-04 19:30:00+00:00,98140.97,0.6620407,1,1
2025-01-04 19:45:00+00:00,98166.26,0.50223166,1,1
2025-01-04 20:00:00+00:00,98292.5,0.4558535,0,0
2025-01-04 20:15:00+00:00,98456.37,0.49073005,0,0
2025-01-04 20:30:00+00:00,98543.99,0.35441512,0,0
2025-01-04 20:45:00+00:00,98599.02,0.43371472,0,0
2025-01-04 21:00:00+00:00,98548.49,0.4509181,0,0
2025-01-04 21:15:00+00:00,98532.81,0.54087025,1,0
2025-01-04 21:30:00+00:00,98384.52,0.5514531,1,0
2025-01-04 21:45:00+00:00,98362.43,0.61767304,1,0
2025-01-04 22:00:00+00:00,98340.54,0.6331916,1,0
2025-01-04 22:15:00+00:00,98268.0,0.7023602,1,0
2025-01-04 22:30:00+00:00,98408.11,0.6663839,1,0
2025-01-04 22:45:00+00:00,98417.25,0.7479689,1,0
2025-01-04 23:00:00+00:00,98174.99,0.717576,1,1
2025-01-04 23:15:00+00:00,98240.0,0.766774,1,0
2025-01-04 23:30:00+00:00,98225.62,0.81272596,1,0
2025-01-04 23:45:00+00:00,98220.5,0.7780293,1,0
2025-01-05 00:00:00+00:00,98286.77,0.7224975,1,0
2025-01-05 00:15:00+00:00,98272.31,0.7549964,1,1
2025-01-05 00:30:00+00:00,98254.75,0.7377989,1,1
2025-01-05 00:45:00+00:00,98213.43,0.7901894,1,1
2025-01-05 01:00:00+00:00,98282.07,0.71669006,1,1
2025-01-05 01:15:00+00:00,98213.61,0.7178583,1,1
2025-01-05 01:30:00+00:00,98150.53,0.7271839,1,1
2025-01-05 01:45:00+00:00,98123.53,0.70510954,1,1
2025-01-05 02:00:00+00:00,98189.05,0.732513,1,1
2025-01-05 02:15:00+00:00,98181.82,0.7694024,1,1
2025-01-05 02:30:00+00:00,98154.34,0.7747292,1,1
2025-01-05 02:45:00+00:00,98227.48,0.78540134,1,1
2025-01-05 03:00:00+00:00,98177.54,0.8164298,1,1
2025-01-05 03:15:00+00:00,98152.01,0.7672604,1,1
2025-01-05 03:30:00+00:00,98100.0,0.73666424,1,1
2025-01-05 03:45:00+00:00,98187.96,0.63189083,1,1
2025-01-05 04:00:00+00:00,98266.86,0.5855672,1,0
2025-01-05 04:15:00+00:00,98487.16,0.48208728,0,0
2025-01-05 04:30:00+00:00,98391.67,0.6482838,1,0
2025-01-05 04:45:00+00:00,98357.46,0.58135873,1,0
2025-01-05 05:00:00+00:00,98318.63,0.5273482,1,0
2025-01-05 05:15:00+00:00,98425.96,0.44759476,0,0
2025-01-05 05:30:00+00:00,98374.55,0.50644743,1,0
2025-01-05 05:45:00+00:00,98358.98,0.45321304,0,0
2025-01-05 06:00:00+00:00,98311.99,0.57455164,1,0
2025-01-05 06:15:00+00:00,98370.35,0.5173112,1,0
2025-01-05 06:30:00+00:00,98388.58,0.55984557,1,0
2025-01-05 06:45:00+00:00,98451.47,0.4939951,0,0
2025-01-05 07:00:00+00:00,98376.01,0.49805057,0,0
2025-01-05 07:15:00+00:00,98339.97,0.5970928,1,0
2025-01-05 07:30:00+00:00,98345.75,0.68068415,1,0
2025-01-05 07:45:00+00:00,98268.77,0.7330646,1,0
2025-01-05 08:00:00+00:00,97951.01,0.72208405,1,0
2025-01-05 08:15:00+00:00,97897.1,0.70002013,1,0
2025-01-05 08:30:00+00:00,97885.3,0.7423107,1,0
2025-01-05 08:45:00+00:00,97861.04,0.70910984,1,0
2025-01-05 09:00:00+00:00,97904.2,0.6928111,1,0
2025-01-05 09:15:00+00:00,97819.33,0.6860341,1,1
2025-01-05 09:30:00+00:00,97899.99,0.5715649,1,0
2025-01-05 09:45:00+00:00,97652.2,0.5766176,1,1
2025-01-05 10:00:00+00:00,97724.81,0.5531438,1,0
2025-01-05 10:15:00+00:00,97600.02,0.65297735,1,0
2025-01-05 10:30:00+00:00,97695.0,0.6932527,1,0
2025-01-05 10:45:00+00:00,97737.48,0.6995206,1,1
2025-01-05 11:00:00+00:00,97706.19,0.699704,1,1
2025-01-05 11:15:00+00:00,97727.27,0.6875186,1,1
2025-01-05 11:30:00+00:00,97668.62,0.58874434,1,1
2025-01-05 11:45:00+00:00,97641.63,0.59051794,1,1
2025-01-05 12:00:00+00:00,97737.64,0.7028762,1,1
2025-01-05 12:15:00+00:00,97717.27,0.7557658,1,1
2025-01-05 12:30:00+00:00,97769.66,0.7699024,1,1
2025-01-05 12:45:00+00:00,97770.01,0.8236225,1,1
2025-01-05 13:00:00+00:00,97861.46,0.86762905,1,1
2025-01-05 13:15:00+00:00,97965.3,0.5560283,1,1
2025-01-05 13:30:00+00:00,97877.86,0.619088,1,0
2025-01-05 13:45:00+00:00,97689.96,0.5878306,1,1
2025-01-05 14:00:00+00:00,97645.0,0.7092411,1,1
2025-01-05 14:15:00+00:00,97484.97,0.7410584,1,1
2025-01-05 14:30:00+00:00,97675.19,0.77379334,1,1
2025-01-05 14:45:00+00:00,97855.06,0.7046038,1,1
2025-01-05 15:00:00+00:00,97820.63,0.6862542,1,1
2025-01-05 15:15:00+00:00,97908.1,0.60644805,1,1
2025-01-05 15:30:00+00:00,98090.37,0.54218477,1,0
2025-01-05 15:45:00+00:00,98028.98,0.6211566,1,1
2025-01-05 16:00:00+00:00,98195.62,0.4904638,0,0
2025-01-05 16:15:00+00:00,98082.34,0.5418744,1,1
2025-01-05 16:30:00+00:00,97996.12,0.66311395,1,1
2025-01-05 16:45:00+00:00,98035.17,0.6927953,1,1
2025-01-05 17:00:00+00:00,98014.32,0.6799006,1,1
2025-01-05 17:15:00+00:00,97967.99,0.6084558,1,1
2025-01-05 17:30:00+00:00,97849.49,0.61487305,1,1
2025-01-05 17:45:00+00:00,97731.08,0.526958,1,1
2025-01-05 18:00:00+00:00,97700.81,0.6799572,1,1
2025-01-05 18:15:00+00:00,97706.91,0.7865265,1,1
2025-01-05 18:30:00+00:00,97837.66,0.8130601,1,1
2025-01-05 18:45:00+00:00,97918.91,0.7838043,1,1
2025-01-05 19:00:00+00:00,98037.38,0.78295946,1,1
2025-01-05 19:15:00+00:00,98056.22,0.78780305,1,1
2025-01-05 19:30:00+00:00,98017.03,0.7717241,1,1
2025-01-05 19:45:00+00:00,98079.63,0.8170186,1,1
2025-01-05 20:00:00+00:00,98128.61,0.7122036,1,1
2025-01-05 20:15:00+00:00,98482.49,0.50735027,1,0
2025-01-05 20:30:00+00:00,98344.06,0.6247294,1,1
2025-01-05 20:45:00+00:00,98275.71,0.5730473,1,0
2025-01-05 21:00:00+00:00,98396.93,0.5763257,1,0
2025-01-05 21:15:00+00:00,98303.61,0.6319993,1,0
2025-01-05 21:30:00+00:00,98429.65,0.4692372,0,0
2025-01-05 21:45:00+00:00,98496.52,0.48085016,0,1
2025-01-05 22:00:00+00:00,98377.52,0.56148183,1,1
2025-01-05 22:15:00+00:00,98550.18,0.5459079,1,1
2025-01-05 22:30:00+00:00,98660.01,0.52797604,1,1
2025-01-05 22:45:00+00:00,98695.21,0.5921488,1,1
2025-01-05 23:00:00+00:00,98555.84,0.5378389,1,1
2025-01-05 23:15:00+00:00,98475.09,0.4385649,0,1
2025-01-05 23:30:00+00:00,98424.24,0.68633497,1,1
2025-01-05 23:45:00+00:00,98363.61,0.811663,1,1
2025-01-06 00:00:00+00:00,98455.89,0.7431821,1,1
2025-01-06 00:15:00+00:00,98477.68,0.67848825,1,1
2025-01-06 00:30:00+00:00,98428.55,0.70004934,1,1
2025-01-06 00:45:00+00:00,98217.23,0.71804154,1,1
2025-01-06 01:00:00+00:00,98049.61,0.59432817,1,1
2025-01-06 01:15:00+00:00,98121.23,0.5868918,1,1
2025-01-06 01:30:00+00:00,98275.0,0.6197104,1,1
2025-01-06 01:45:00+00:00,98759.43,0.49710518,0,1
2025-01-06 02:00:00+00:00,99028.96,0.26826075,0,1
2025-01-06 02:15:00+00:00,98757.01,0.3120709,0,1
2025-01-06 02:30:00+00:00,98862.0,0.20477617,0,1
2025-01-06 02:45:00+00:00,98815.39,0.23541152,0,1
2025-01-06 03:00:00+00:00,98961.91,0.26340476,0,1
2025-01-06 03:15:00+00:00,99099.09,0.27756724,0,1
2025-01-06 03:30:00+00:00,99119.8,0.34106132,0,1
2025-01-06 03:45:00+00:00,99037.57,0.38342795,0,1
2025-01-06 04:00:00+00:00,99282.13,0.32399178,0,1
2025-01-06 04:15:00+00:00,99250.0,0.32773685,0,1
2025-01-06 04:30:00+00:00,99204.68,0.47110003,0,0
2025-01-06 04:45:00+00:00,99466.09,0.5197004,1,0
2025-01-06 05:00:00+00:00,99413.4,0.5437217,1,0
2025-01-06 05:15:00+00:00,99660.12,0.55629265,1,0
2025-01-06 05:30:00+00:00,99729.7,0.48953184,0,0
2025-01-06 05:45:00+00:00,99600.0,0.5119666,1,0
2025-01-06 06:00:00+00:00,99521.44,0.5684171,1,0
2025-01-06 06:15:00+00:00,99484.83,0.51147103,1,0
2025-01-06 06:30:00+00:00,99699.3,0.5087784,1,0
2025-01-06 06:45:00+00:00,99512.21,0.4876686,0,0
2025-01-06 07:00:00+00:00,99380.77,0.48492193,0,0
2025-01-06 07:15:00+00:00,99322.68,0.41403207,0,0
2025-01-06 07:30:00+00:00,99303.04,0.46777135,0,0
2025-01-06 07:45:00+00:00,99318.7,0.6174259,1,0
2025-01-06 08:00:00+00:00,99563.76,0.5435238,1,0
2025-01-06 08:15:00+00:00,99395.09,0.60623443,1,1
2025-01-06 08:30:00+00:00,99046.63,0.6046153,1,1
2025-01-06 08:45:00+00:00,99043.49,0.60916144,1,1
2025-01-06 09:00:00+00:00,99179.99,0.5930034,1,0
2025-01-06 09:15:00+00:00,99114.26,0.65103024,1,1
2025-01-06 09:30:00+00:00,99054.87,0.60067767,1,1
2025-01-06 09:45:00+00:00,98999.99,0.6255959,1,1
2025-01-06 10:00:00+00:00,98882.01,0.44491175,0,1
2025-01-06 10:15:00+00:00,99010.43,0.4484692,0,1
2025-01-06 10:30:00+00:00,98766.79,0.4486079,0,1
2025-01-06 10:45:00+00:00,98767.96,0.54954654,1,1
2025-01-06 11:00:00+00:00,99013.62,0.48642048,0,1
2025-01-06 11:15:00+00:00,99248.69,0.35132495,0,1
2025-01-06 11:30:00+00:00,99240.75,0.5315418,1,1
2025-01-06 11:45:00+00:00,99259.99,0.68394566,1,1
2025-01-06 12:00:00+00:00,99485.57,0.512357,1,1
2025-01-06 12:15:00+00:00,99572.49,0.3823766,0,1
2025-01-06 12:30:00+00:00,99539.01,0.5361901,1,1
2025-01-06 12:45:00+00:00,99157.12,0.3735591,0,1
2025-01-06 13:00:00+00:00,99044.49,0.54067844,1,1
2025-01-06 13:15:00+00:00,99320.03,0.38751042,0,1
2025-01-06 13:30:00+00:00,99282.82,0.4140154,0,1
2025-01-06 13:45:00+00:00,99492.51,0.3174588,0,1
2025-01-06 14:00:00+00:00,99277.36,0.2698586,0,1
2025-01-06 14:15:00+00:00,99055.01,0.22255321,0,1
2025-01-06 14:30:00+00:00,99527.81,0.1837941,0,1
2025-01-06 14:45:00+00:00,100737.03,0.295904,0,1
2025-01-06 15:00:00+00:00,101253.83,0.23499124,0,1
2025-01-06 15:15:00+00:00,101678.1,0.26477855,0,1
2025-01-06 15:30:00+00:00,101969.51,0.23114452,0,1
2025-01-06 15:45:00+00:00,102147.95,0.24425131,0,0
2025-01-06 16:00:00+00:00,102198.37,0.2469449,0,0
2025-01-06 16:15:00+00:00,102440.02,0.22310312,0,0
2025-01-06 16:30:00+00:00,101883.16,0.23741399,0,1
2025-01-06 16:45:00+00:00,102158.67,0.21107732,0,0
2025-01-06 17:00:00+00:00,101900.01,0.21776642,0,1
2025-01-06 17:15:00+00:00,101830.53,0.18554921,0,1
2025-01-06 17:30:00+00:00,101414.7,0.19465129,0,1
2025-01-06 17:45:00+00:00,101831.95,0.2425618,0,0
2025-01-06 18:00:00+00:00,101945.76,0.23136972,0,0
2025-01-06 18:15:00+00:00,101933.84,0.24187441,0,0
2025-01-06 18:30:00+00:00,101954.15,0.20527573,0,1
2025-01-06 18:45:00+00:00,101738.8,0.2945531,0,1
2025-01-06 19:00:00+00:00,101921.58,0.30644292,0,1
2025-01-06 19:15:00+00:00,101892.96,0.35713816,0,1
2025-01-06 19:30:00+00:00,102009.78,0.43667337,0,1
2025-01-06 19:45:00+00:00,101817.22,0.3300677,0,1
2025-01-06 20:00:00+00:00,102181.82,0.52499044,1,0
2025-01-06 20:15:00+00:00,102114.94,0.5183957,1,1
2025-01-06 20:30:00+00:00,102018.52,0.4848037,0,1
2025-01-06 20:45:00+00:00,102127.38,0.5153414,1,0
2025-01-06 21:00:00+00:00,102039.68,0.38844985,0,0
2025-01-06 21:15:00+00:00,102060.6,0.48261097,0,0
2025-01-06 21:30:00+00:00,101769.08,0.55859077,1,1
2025-01-06 21:45:00+00:00,101611.92,0.5650311,1,1
2025-01-06 22:00:00+00:00,101711.59,0.6033931,1,1
2025-01-06 22:15:00+00:00,101928.58,0.56126976,1,0
2025-01-06 22:30:00+00:00,101975.52,0.6414169,1,0
2025-01-06 22:45:00+00:00,102011.98,0.6667798,1,0
2025-01-06 23:00:00+00:00,102000.0,0.59862554,1,0
2025-01-06 23:15:00+00:00,102082.76,0.5479425,1,0
2025-01-06 23:30:00+00:00,102179.25,0.62825257,1,0
2025-01-06 23:45:00+00:00,102235.6,0.705006,1,0
2025-01-07 00:00:00+00:00,102031.96,0.6445351,1,0
2025-01-07 00:15:00+00:00,102380.85,0.52173126,1,0
2025-01-07 00:30:00+00:00,102056.5,0.5269797,1,0
2025-01-07 00:45:00+00:00,102042.46,0.5364474,1,0
2025-01-07 01:00:00+00:00,101818.18,0.5322862,1,0
2025-01-07 01:15:00+00:00,101685.27,0.56158155,1,1
2025-01-07 01:30:00+00:00,101973.79,0.5240468,1,0
2025-01-07 01:45:00+00:00,101915.66,0.61245877,1,0
2025-01-07 02:00:00+00:00,101960.06,0.63353485,1,0
2025-01-07 02:15:00+00:00,101848.49,0.61171305,1,0
2025-01-07 02:30:00+00:00,101815.73,0.6337853,1,1
2025-01-07 02:45:00+00:00,101677.66,0.56378967,1,1
2025-01-07 03:00:00+00:00,101666.73,0.63044953,1,1
2025-01-07 03:15:00+00:00,101655.51,0.67446417,1,1
2025-01-07 03:30:00+00:00,101625.01,0.6013947,1,1
2025-01-07 03:45:00+00:00,101708.08,0.66226065,1,0
2025-01-07 04:00:00+00:00,101854.86,0.81202674,1,0
2025-01-07 04:15:00+00:00,101878.78,0.7939825,1,0
2025-01-07 04:30:00+00:00,101780.4,0.7826257,1,1
2025-01-07 04:45:00+00:00,101667.02,0.77796817,1,1
2025-01-07 05:00:00+00:00,101704.53,0.729548,1,1
2025-01-07 05:15:00+00:00,101718.53,0.75355333,1,1
2025-01-07 05:30:00+00:00,101642.35,0.7659007,1,1
2025-01-07 05:45:00+00:00,101743.47,0.78303653,1,0
2025-01-07 06:00:00+00:00,101738.95,0.806439,1,0
2025-01-07 06:15:00+00:00,101832.89,0.6856769,1,0
2025-01-07 06:30:00+00:00,101840.78,0.6122436,1,0
2025-01-07 06:45:00+00:00,101820.53,0.63599855,1,0
2025-01-07 07:00:00+00:00,101868.0,0.5619294,1,0
2025-01-07 07:15:00+00:00,101773.95,0.72091675,1,0
2025-01-07 07:30:00+00:00,101748.71,0.76442575,1,0
2025-01-07 07:45:00+00:00,101664.81,0.78665036,1,0
2025-01-07 08:00:00+00:00,101636.37,0.8086033,1,0
2025-01-07 08:15:00+00:00,101789.6,0.68805367,1,0
2025-01-07 08:30:00+00:00,101875.25,0.6543727,1,0
2025-01-07 08:45:00+00:00,101905.08,0.5684298,1,0
2025-01-07 09:00:00+00:00,101850.0,0.66469115,1,0
2025-01-07 09:15:00+00:00,101765.07,0.6746742,1,0
2025-01-07 09:30:00+00:00,101661.16,0.6726079,1,0
2025-01-07 09:45:00+00:00,101723.19,0.71587276,1,0
2025-01-07 10:00:00+00:00,101436.02,0.6708704,1,0
2025-01-07 10:15:00+00:00,101529.89,0.78862965,1,0
2025-01-07 10:30:00+00:00,101496.72,0.78705597,1,0
2025-01-07 10:45:00+00:00,101406.78,0.78680944,1,0
2025-01-07 11:00:00+00:00,101383.95,0.75314546,1,0
2025-01-07 11:15:00+00:00,101364.55,0.77213633,1,0
2025-01-07 11:30:00+00:00,100666.66,0.40806776,0,0
2025-01-07 11:45:00+00:00,100830.86,0.5455872,1,0
2025-01-07 12:00:00+00:00,100718.09,0.4955024,0,0
2025-01-07 12:15:00+00:00,100635.12,0.54142314,1,0
2025-01-07 12:30:00+00:00,100854.5,0.52349555,1,0
2025-01-07 12:45:00+00:00,100750.89,0.50207365,1,0
2025-01-07 13:00:00+00:00,100752.46,0.53661346,1,0
2025-01-07 13:15:00+00:00,100939.29,0.5299078,1,0
2025-01-07 13:30:00+00:00,100713.91,0.5456909,1,0
2025-01-07 13:45:00+00:00,100636.8,0.56332034,1,0
2025-01-07 14:00:00+00:00,100576.01,0.56048083,1,0
2025-01-07 14:15:00+00:00,100759.69,0.56279755,1,0
2025-01-07 14:30:00+00:00,100716.61,0.43405026,0,0
2025-01-07 14:45:00+00:00,99979.69,0.40550777,0,0
2025-01-07 15:00:00+00:00,98592.43,0.35847574,0,0
2025-01-07 15:15:00+00:00,98457.16,0.30872825,0,0
2025-01-07 15:30:00+00:00,97568.37,0.38808888,0,0
2025-01-07 15:45:00+00:00,97952.26,0.39186457,0,0
2025-01-07 16:00:00+00:00,97831.69,0.36358353,0,0
2025-01-07 16:15:00+00:00,98013.38,0.34198663,0,0
2025-01-07 16:30:00+00:00,98200.0,0.32054135,0,0
2025-01-07 16:45:00+00:00,97733.58,0.3287623,0,0
2025-01-07 17:00:00+00:00,97385.44,0.32168886,0,0
2025-01-07 17:15:00+00:00,97320.81,0.33790952,0,0
2025-01-07 17:30:00+00:00,97229.98,0.3105956,0,0
2025-01-07 17:45:00+00:00,97277.31,0.3374274,0,0
2025-01-07 18:00:00+00:00,97398.99,0.2901969,0,0
2025-01-07 18:15:00+00:00,97061.84,0.3004171,0,0
2025-01-07 18:30:00+00:00,96864.62,0.30415207,0,1
2025-01-07 18:45:00+00:00,96750.86,0.27122217,0,1
2025-01-07 19:00:00+00:00,97165.6,0.27217072,0,0
2025-01-07 19:15:00+00:00,96862.16,0.24628653,0,1
2025-01-07 19:30:00+00:00,96687.64,0.27890342,0,1
2025-01-07 19:45:00+00:00,96451.98,0.43071178,0,1
2025-01-07 20:00:00+00:00,96460.43,0.3843234,0,1
2025-01-07 20:15:00+00:00,96272.74,0.4077026,0,1
2025-01-07 20:30:00+00:00,96245.62,0.3859927,0,1
2025-01-07 20:45:00+00:00,96533.35,0.38395703,0,1
2025-01-07 21:00:00+00:00,96882.62,0.38408977,0,1
2025-01-07 21:15:00+00:00,96920.01,0.3667868,0,1
2025-01-07 21:30:00+00:00,96659.1,0.49989548,0,1
2025-01-07 21:45:00+00:00,96501.22,0.4733498,0,1
2025-01-07 22:00:00+00:00,96900.0,0.4429526,0,1
2025-01-07 22:15:00+00:00,96921.0,0.42742792,0,1
2025-01-07 22:30:00+00:00,97119.6,0.44003558,0,0
2025-01-07 22:45:00+00:00,97164.0,0.46139613,0,0
2025-01-07 23:00:00+00:00,96886.06,0.32408917,0,0
2025-01-07 23:15:00+00:00,97066.89,0.32930538,0,0
2025-01-07 23:30:00+00:00,96957.01,0.2990571,0,0
2025-01-07 23:45:00+00:00,96954.61,0.30361724,0,0
2025-01-08 00:00:00+00:00,97014.24,0.264765,0,0
2025-01-08 00:15:00+00:00,96928.42,0.28338468,0,0
2025-01-08 00:30:00+00:00,97209.55,0.41161337,0,0
2025-01-08 00:45:00+00:00,97268.49,0.3957167,0,0
2025-01-08 01:00:00+00:00,96937.68,0.35376865,0,0
2025-01-08 01:15:00+00:00,96978.44,0.19142058,0,0
2025-01-08 01:30:00+00:00,96824.22,0.5259613,1,0
2025-01-08 01:45:00+00:00,96907.15,0.59070355,1,0
2025-01-08 02:00:00+00:00,96988.5,0.5628207,1,0
2025-01-08 02:15:00+00:00,96979.6,0.5334697,1,0
2025-01-08 02:30:00+00:00,97037.39,0.53161114,1,0
2025-01-08 02:45:00+00:00,96878.14,0.6960151,1,0
2025-01-08 03:00:00+00:00,96639.2,0.57165635,1,0
2025-01-08 03:15:00+00:00,96612.25,0.5350116,1,0
2025-01-08 03:30:00+00:00,96484.84,0.49566355,0,0
2025-01-08 03:45:00+00:00,96525.2,0.5174768,1,0
2025-01-08 04:00:00+00:00,96524.25,0.4359437,0,0
2025-01-08 04:15:00+00:00,96500.01,0.31053904,0,0
2025-01-08 04:30:00+00:00,96283.11,0.38508376,0,0
2025-01-08 04:45:00+00:00,96274.81,0.41547796,0,0
2025-01-08 05:00:00+00:00,96327.05,0.45583498,0,0
2025-01-08 05:15:00+00:00,96620.89,0.4393622,0,0
2025-01-08 05:30:00+00:00,96582.55,0.4114946,0,0
2025-01-08 05:45:00+00:00,96492.01,0.3842931,0,0
2025-01-08 06:00:00+00:00,96537.61,0.43232554,0,0
2025-01-08 06:15:00+00:00,96204.91,0.35714734,0,0
2025-01-08 06:30:00+00:00,95773.99,0.39435405,0,0
2025-01-08 06:45:00+00:00,95284.31,0.3555851,0,1
2025-01-08 07:00:00+00:00,95702.79,0.39043942,0,1
2025-01-08 07:15:00+00:00,95481.5,0.38439143,0,1
2025-01-08 07:30:00+00:00,95582.9,0.37483796,0,0
2025-01-08 07:45:00+00:00,95657.09,0.38567796,0,0
2025-01-08 08:00:00+00:00,95695.72,0.352925,0,0
2025-01-08 08:15:00+00:00,95838.06,0.4129064,0,0
2025-01-08 08:30:00+00:00,96109.35,0.3975861,0,0
2025-01-08 08:45:00+00:00,95945.99,0.40150163,0,0
2025-01-08 09:00:00+00:00,95992.7,0.42911422,0,0
2025-01-08 09:15:00+00:00,95912.72,0.39713106,0,0
2025-01-08 09:30:00+00:00,95799.51,0.4024579,0,0
2025-01-08 09:45:00+00:00,95432.82,0.4425685,0,0
2025-01-08 10:00:00+00:00,95556.42,0.40790206,0,0
2025-01-08 10:15:00+00:00,95862.26,0.33489758,0,0
2025-01-08 10:30:00+00:00,95743.26,0.40410513,0,0
2025-01-08 10:45:00+00:00,95961.02,0.44981033,0,0
2025-01-08 11:00:00+00:00,95741.26,0.31381682,0,0
2025-01-08 11:15:00+00:00,95555.3,0.51148784,1,0
2025-01-08 11:30:00+00:00,94783.99,0.33074415,0,1
2025-01-08 11:45:00+00:00,95134.92,0.35266963,0,1
2025-01-08 12:00:00+00:00,95191.58,0.32937512,0,0
2025-01-08 12:15:00+00:00,95117.81,0.36135015,0,0
2025-01-08 12:30:00+00:00,95170.31,0.3878083,0,0
2025-01-08 12:45:00+00:00,94888.01,0.40098697,0,0
2025-01-08 13:00:00+00:00,95325.46,0.41635552,0,0
2025-01-08 13:15:00+00:00,95561.77,0.2939562,0,0
2025-01-08 13:30:00+00:00,95346.72,0.33788344,0,0
2025-01-08 13:45:00+00:00,95384.0,0.40435088,0,0
2025-01-08 14:00:00+00:00,95290.25,0.32754874,0,0
2025-01-08 14:15:00+00:00,95439.08,0.36894646,0,0
2025-01-08 14:30:00+00:00,95356.59,0.3586302,0,0
2025-01-08 14:45:00+00:00,95288.01,0.3410304,0,0
2025-01-08 15:00:00+00:00,95154.56,0.35353822,0,0
2025-01-08 15:15:00+00:00,94797.37,0.3310063,0,0
2025-01-08 15:30:00+00:00,94995.64,0.34080952,0,0
2025-01-08 15:45:00+00:00,95493.77,0.2423132,0,0
2025-01-08 16:00:00+00:00,95013.43,0.25315094,0,0
2025-01-08 16:15:00+00:00,94886.24,0.323166,0,0
2025-01-08 16:30:00+00:00,94804.46,0.2606892,0,0
2025-01-08 16:45:00+00:00,94787.87,0.26246357,0,0
2025-01-08 17:00:00+00:00,93859.53,0.3874692,0,0
2025-01-08 17:15:00+00:00,93016.38,0.2933292,0,1
2025-01-08 17:30:00+00:00,93619.51,0.3980918,0,1
2025-01-08 17:45:00+00:00,94030.82,0.4066658,0,1
2025-01-08 18:00:00+00:00,94387.37,0.37652048,0,1
2025-01-08 18:15:00+00:00,94921.4,0.41858992,0,0
2025-01-08 18:30:00+00:00,94389.36,0.4811704,0,1
2025-01-08 18:45:00+00:00,94242.61,0.46567935,0,1
2025-01-08 19:00:00+00:00,94293.6,0.44909877,0,1
2025-01-08 19:15:00+00:00,94752.0,0.45525935,0,1
2025-01-08 19:30:00+00:00,94174.26,0.48055568,0,1
2025-01-08 19:45:00+00:00,94243.89,0.44786662,0,1
2025-01-08 20:00:00+00:00,93800.0,0.47685054,0,1
2025-01-08 20:15:00+00:00,94012.5,0.4716814,0,1
2025-01-08 20:30:00+00:00,94201.03,0.39311665,0,1
2025-01-08 20:45:00+00:00,93980.0,0.36129525,0,1
2025-01-08 21:00:00+00:00,93813.47,0.31198767,0,1
2025-01-08 21:15:00+00:00,94180.46,0.42560896,0,1
2025-01-08 21:30:00+00:00,94498.83,0.4425724,0,1
2025-01-08 21:45:00+00:00,94468.97,0.5150133,1,1
2025-01-08 22:00:00+00:00,94759.29,0.47119662,0,0
2025-01-08 22:15:00+00:00,94785.75,0.4060715,0,0
2025-01-08 22:30:00+00:00,95259.58,0.38805357,0,0
2025-01-08 22:45:00+00:00,95290.93,0.3675648,0,0
2025-01-08 23:00:00+00:00,95012.0,0.301219,0,0
2025-01-08 23:15:00+00:00,95028.47,0.3610361,0,0
2025-01-08 23:30:00+00:00,95117.23,0.22470991,0,0
2025-01-08 23:45:00+00:00,95060.61,0.22006027,0,0
2025-01-09 00:00:00+00:00,94949.18,0.22091483,0,0
2025-01-09 00:15:00+00:00,94880.0,0.20765297,0,0
2025-01-09 00:30:00+00:00,95000.0,0.29519582,0,0
2025-01-09 00:45:00+00:00,95135.3,0.3351608,0,0
2025-01-09 01:00:00+00:00,95133.37,0.49971482,0,0
2025-01-09 01:15:00+00:00,95261.84,0.50116026,1,0
2025-01-09 01:30:00+00:00,95111.01,0.47851843,0,0
2025-01-09 01:45:00+00:00,94983.82,0.5382312,1,0
2025-01-09 02:00:00+00:00,94079.21,0.31002626,0,1
2025-01-09 02:15:00+00:00,94484.36,0.35463452,0,0
2025-01-09 02:30:00+00:00,94805.56,0.3918772,0,0
2025-01-09 02:45:00+00:00,94776.99,0.39556944,0,0
2025-01-09 03:00:00+00:00,94363.65,0.38642994,0,0
2025-01-09 03:15:00+00:00,94356.5,0.38151956,0,0
2025-01-09 03:30:00+00:00,94180.24,0.38586885,0,0
2025-01-09 03:45:00+00:00,94027.9,0.37299544,0,0
2025-01-09 04:00:00+00:00,93851.01,0.40137765,0,0
2025-01-09 04:15:00+00:00,94170.93,0.43127537,0,0
2025-01-09 04:30:00+00:00,94335.51,0.42312503,0,0
2025-01-09 04:45:00+00:00,94424.24,0.4275248,0,0
2025-01-09 05:00:00+00:00,94358.84,0.4262485,0,0
2025-01-09 05:15:00+00:00,94492.01,0.44338104,0,0
2025-01-09 05:30:00+00:00,94426.56,0.48129302,0,0
2025-01-09 05:45:00+00:00,94472.58,0.49265718,0,0
2025-01-09 06:00:00+00:00,94475.52,0.57308704,1,0
2025-01-09 06:15:00+00:00,94393.13,0.57087785,1,0
2025-01-09 06:30:00+00:00,94273.33,0.5009648,1,0
2025-01-09 06:45:00+00:00,94095.03,0.4814905,0,0
2025-01-09 07:00:00+00:00,94116.13,0.42689762,0,0
2025-01-09 07:15:00+00:00,93741.26,0.40301222,0,0
2025-01-09 07:30:00+00:00,93621.66,0.43328646,0,0
2025-01-09 07:45:00+00:00,93221.59,0.38232642,0,1
2025-01-09 08:00:00+00:00,92926.58,0.317283,0,1
2025-01-09 08:15:00+00:00,92990.0,0.31523094,0,1
2025-01-09 08:30:00+00:00,93390.96,0.28002226,0,0
2025-01-09 08:45:00+00:00,93030.87,0.32890198,0,1
2025-01-09 09:00:00+00:00,93318.25,0.3577447,0,0
2025-01-09 09:15:00+00:00,93490.7,0.34186357,0,0
2025-01-09 09:30:00+00:00,93606.06,0.31575894,0,0
2025-01-09 09:45:00+00:00,93516.62,0.3417737,0,0
2025-01-09 10:00:00+00:00,93640.16,0.31826198,0,0
2025-01-09 10:15:00+00:00,93300.76,0.32979485,0,0
2025-01-09 10:30:00+00:00,93223.75,0.34827986,0,0
2025-01-09 10:45:00+00:00,93462.43,0.45899746,0,0
2025-01-09 11:00:00+00:00,93579.3,0.41596672,0,0
2025-01-09 11:15:00+00:00,93720.01,0.40261024,0,0
2025-01-09 11:30:00+00:00,93412.42,0.3700018,0,1
2025-01-09 11:45:00+00:00,93465.23,0.3884577,0,1
2025-01-09 12:00:00+00:00,93527.27,0.22666319,0,1
2025-01-09 12:15:00+00:00,93620.0,0.21742408,0,1
2025-01-09 12:30:00+00:00,93347.06,0.27143827,0,1
2025-01-09 12:45:00+00:00,93421.94,0.37687665,0,1
2025-01-09 13:00:00+00:00,93085.15,0.45235315,0,1
2025-01-09 13:15:00+00:00,92872.01,0.4677547,0,1
2025-01-09 13:30:00+00:00,92334.27,0.42122075,0,1
2025-01-09 13:45:00+00:00,91986.42,0.3955897,0,1
2025-01-09 14:00:00+00:00,92399.96,0.3093315,0,1
2025-01-09 14:15:00+00:00,92440.96,0.34624857,0,1
2025-01-09 14:30:00+00:00,92216.29,0.37211856,0,1
2025-01-09 14:45:00+00:00,92863.8,0.39697435,0,1
2025-01-09 15:00:00+00:00,92954.54,0.3543593,0,1
2025-01-09 15:15:00+00:00,93540.53,0.3086078,0,0
2025-01-09 15:30:00+00:00,93920.0,0.31493208,0,0
2025-01-09 15:45:00+00:00,94244.02,0.27830213,0,0
2025-01-09 16:00:00+00:00,94406.29,0.25465032,0,0
2025-01-09 16:15:00+00:00,94027.11,0.26976916,0,0
2025-01-09 16:30:00+00:00,94143.83,0.29345,0,0
2025-01-09 16:45:00+00:00,94250.95,0.28674874,0,0
2025-01-09 17:00:00+00:00,94001.53,0.27917486,0,0
2025-01-09 17:15:00+00:00,93802.25,0.28537706,0,0
2025-01-09 17:30:00+00:00,93452.63,0.29304707,0,0
2025-01-09 17:45:00+00:00,92693.11,0.3354116,0,0
2025-01-09 18:00:00+00:00,92749.15,0.31341967,0,0
2025-01-09 18:15:00+00:00,92756.01,0.37536985,0,0
2025-01-09 18:30:00+00:00,93014.93,0.35028523,0,0
2025-01-09 18:45:00+00:00,93020.11,0.3659062,0,0
2025-01-09 19:00:00+00:00,93289.73,0.4026603,0,0
2025-01-09 19:15:00+00:00,92842.5,0.48577243,0,0
2025-01-09 19:30:00+00:00,92668.16,0.4206075,0,0
2025-01-09 19:45:00+00:00,91909.59,0.33637822,0,0
2025-01-09 20:00:00+00:00,91762.39,0.3167649,0,0
2025-01-09 20:15:00+00:00,91291.69,0.39564607,0,0
2025-01-09 20:30:00+00:00,91810.35,0.3590075,0,0
2025-01-09 20:45:00+00:00,91903.22,0.3113902,0,0
2025-01-09 21:00:00+00:00,92183.46,0.37121448,0,0
2025-01-09 21:15:00+00:00,92277.94,0.3630231,0,0
2025-01-09 21:30:00+00:00,92239.61,0.4123048,0,0
2025-01-09 21:45:00+00:00,92108.84,0.45175895,0,0
2025-01-09 22:00:00+00:00,91686.82,0.4740115,0,0
2025-01-09 22:15:00+00:00,92185.92,0.46905807,0,0
2025-01-09 22:30:00+00:00,92592.77,0.42135948,0,0
2025-01-09 22:45:00+00:00,92456.32,0.41491076,0,0
2025-01-09 23:00:00+00:00,92461.01,0.3953914,0,0
2025-01-09 23:15:00+00:00,92227.36,0.34562564,0,0
2025-01-09 23:30:00+00:00,92186.93,0.30678368,0,0
